1,-1.008974955972211,14.72482235242292,-100.0809438723574
1.009285714285714,-1.011038646740749,14.46677966289616,-98.87003715234152
1.018571428571428,-1.013217718143032,14.21724774078696,-97.67778962388901
1.027857142857143,-1.015418498337278,13.97472861521099,-96.50438794313521
1.037142857142857,-1.017551356333866,13.73765449312841,-95.34899800674035
1.046428571428571,-1.019579819271581,13.50510821085654,-94.21000956614643
1.055714285714286,-1.021540555120239,13.2771702958609,-93.085695788468
1.065,-1.02352339163467,13.05472070308354,-91.97491641545743
1.074285714285714,-1.02562240499745,12.83882337213873,-90.87748418312339
1.083571428571429,-1.027884859212935,12.63004137755874,-89.794010652916
1.092857142857143,-1.030285836432067,12.42805352889216,-88.72533542558864
1.102142857142857,-1.0327422942819,12.23176567399441,-87.67186218324667
1.111428571428571,-1.035158773219643,12.03983660454315,-86.63316129603611
1.120714285714286,-1.037479758315545,11.85131982170187,-85.60804123997427
1.13,-1.039720128810697,11.66607214990299,-84.59503210468071
1.139285714285714,-1.041957151360438,11.48471841215797,-83.59300560808116
1.148571428571429,-1.044288505009718,11.30820779809668,-82.60159289236842
1.157857142857143,-1.046779331524571,11.13721597411899,-81.62118293156297
1.167142857142857,-1.049427185020183,10.97172015929889,-80.65251848366502
1.176428571428571,-1.052163895091709,10.81096842054129,-79.69612208099238
1.185714285714286,-1.054893216043205,10.65384421288227,-78.75186633355329
1.195,-1.057543675928308,10.49941560825223,-77.81891320402637
1.204285714285714,-1.060107815440646,10.34736780021604,-76.89604098181441
1.213571428571429,-1.062646486136862,10.19809093591169,-75.98216930359617
1.222857142857143,-1.065255973275742,10.05238840196616,-75.07679298280128
1.232142857142857,-1.068015961198173,9.910975955825549,-74.18009473213526
1.241428571428572,-1.07094670576667,9.774048302167046,-73.29268792726948
1.250714285714286,-1.073998653213498,9.641143048113211,-72.41514106327121
1.26,-1.077080038165554,9.511363802559867,-71.54754673011674
1.269285714285714,-1.080107358904345,9.383829733307186,-70.68936416985656
1.278571428571428,-1.083051240939253,9.258102684839367,-69.83960985055162
1.287857142857143,-1.085952771202155,9.134363686677403,-68.99728169108451
1.297142857142857,-1.088901510687573,9.013252750908936,-68.16178125061425
1.306428571428571,-1.091987258837943,8.895469500873297,-67.33310730014836
1.315714285714286,-1.095251852486822,8.78135720191931,-66.51172483570377
1.325,-1.098667148948982,8.670693679199756,-65.69819114929822
1.334285714285714,-1.102151044410352,8.562793650529482,-64.89274767196724
1.343571428571429,-1.105612732976335,8.456856763019207,-64.09509699537892
1.352857142857143,-1.109002591719793,8.352366763347497,-63.30447784615283
1.362142857142857,-1.112339629190918,8.249326536108704,-62.5199878204625
1.371428571428571,-1.115701679675145,8.14820861256392,-61.74097283860937
1.380714285714286,-1.119183786153043,8.049657077937225,-60.96727246944589
1.39,-1.122847437924158,7.954108838759974,-60.19919455418549
1.399285714285714,-1.126688175555067,7.861539616199723,-59.43724191060004
1.408571428571429,-1.130639015152763,7.771466082455044,-58.6817456690485
1.417857142857143,-1.134607712918487,7.683194184607063,-57.932604155235
1.427142857142857,-1.1385276065859,7.59617279538195,-57.18926307289438
1.436428571428571,-1.14239448650918,7.510260378097131,-56.4509395613855
1.445714285714286,-1.146269591086202,7.425764980305036,-55.71696245868733
1.455,-1.150247228922254,7.343243464459907,-54.98704304796383
1.464285714285714,-1.154404677538636,7.263175136805057,-54.26133372959743
1.473571428571429,-1.158761504449483,7.185688300999729,-53.54025020279014
1.482857142857143,-1.163270237063269,7.110483932489789,-52.82415988522911
1.492142857142857,-1.167843301162067,7.036990637568036,-52.11310710214929
1.501428571428572,-1.172401571349724,6.964660769540172,-51.40672026100191
1.510714285714286,-1.176918263280681,6.893245375023279,-50.70434465057756
1.52,-1.181434488295155,6.822902001609675,-50.00532296736703
1.529285714285714,-1.186038170641574,6.754083003935916,-49.30926928309957
1.538571428571428,-1.190817838971757,6.687270759053296,-48.61619042448179
1.547857142857143,-1.195816300918089,6.622705810473589,-47.92639479272473
1.557142857142857,-1.201009148308571,6.560252981130123,-47.24024391975617
1.566428571428572,-1.20631956441253,6.499472287713091,-46.55788392553671
1.575714285714286,-1.211661339975202,6.439850487067295,-45.87910023570274
1.585,-1.216986864996708,6.381065201313271,-45.20336892301766
1.594285714285714,-1.222314258797053,6.323140185364921,-44.53007135813004
1.603571428571429,-1.227719115096626,6.266412398994661,-43.85875302258064
1.612857142857143,-1.233295440352805,6.21133406360409,-43.18928738576081
1.622142857142857,-1.239106909136497,6.158220010907272,-42.5218605107026
1.631428571428571,-1.24515465143427,6.107076271820371,-41.85679002875754
1.640714285714286,-1.251378785281511,6.057598386786475,-41.1942796255837
1.65,-1.257692746099826,6.00933514893419,-40.5342411441006
1.659285714285714,-1.26403189783217,5.961926033883452,-39.87627650767896
1.668571428571429,-1.270390321292508,5.915284307121706,-39.21982428836696
1.677857142857143,-1.276826104418662,5.869630307411092,-38.56438837093029
1.687142857142857,-1.283432426255436,5.825361611376647,-37.90972501237032
1.696428571428571,-1.290290068301964,5.782833697911082,-37.25589029248379
1.705714285714286,-1.297426840750428,5.742169951036354,-36.60312690880261
1.715,-1.304805571439746,5.703200642540026,-35.95165494647472
1.724285714285714,-1.312346945079352,5.665559301021519,-35.30147997881033
1.733571428571429,-1.319974861340939,5.628880966129221,-34.65231925115613
1.742857142857143,-1.327660018962498,5.592994729940007,-34.00368144401421
1.752142857142857,-1.335438476508486,5.558009060905197,-33.35505345581655
1.761428571428572,-1.343395398458699,5.524247886365041,-32.70609244131872
1.770714285714286,-1.351622820966777,5.492075447781821,-32.05672145542152
1.78,-1.360174066612885,5.461705569095251,-31.4070809119517
1.789285714285714,-1.369039078647032,5.433096342330619,-30.7573655245977
1.798571428571428,-1.378153679667869,5.405983225953374,-30.10763577975009
1.807857142857143,-1.387437677370653,5.380029226131946,-29.45770371758953
1.817142857142857,-1.396841455240519,5.35500996099231,-28.80715088037631
1.826428571428572,-1.40637627554679,5.33093538765049,-28.15546524445908
1.835714285714286,-1.416112288451561,5.308045948952307,-27.50222177558491
1.845,-1.426145471176945,5.286688631290851,-26.84721036723748
1.854285714285714,-1.436551192376726,5.267141397683316,-26.1904452577604
1.863571428571428,-1.447349059791853,5.249479610750069,-25.53205412415715
1.872857142857143,-1.458497574541909,5.233553347255716,-24.87210815489515
1.882142857142857,-1.469921258954485,5.219084516060835,-24.21048351263297
1.891428571428571,-1.481555776473127,5.205829842815288,-23.54682566031885
1.900714285714286,-1.493387146128289,5.193722833604324,-22.88063235658931
1.91,-1.505464392225428,5.182921089089782,-22.21140869513101
1.919285714285714,-1.517879097927933,5.173736724663364,-21.53881110206683
1.928571428571429,-1.530722815725002,5.166489324900216,-20.86270514213916
1.937857142857143,-1.544044860516518,5.161360243744739,-20.18310897719414
1.947142857142857,-1.557832638442522,5.158324217229922,-19.50005465161902
1.956428571428571,-1.572024684190932,5.157191994782297,-18.8134412152757
1.965714285714286,-1.586549381695775,5.157739173413107,-18.12295594793392
1.975,-1.601368945175436,5.159852347872413,-17.42810265379949
1.984285714285714,-1.616505605991436,5.163616417806131,-16.72831947886538
1.993571428571429,-1.632036402820709,5.169299271798017,-16.02312266585022
2.002857142857143,-1.648059479842043,5.17724436926154,-15.3122007287157
2.012142857142857,-1.664649646492829,5.187729217448011,-14.59541105983706
2.021428571428571,-1.681826393326679,5.20086393943725,-13.87268262609489
2.030714285714286,-1.699550879771049,5.216581591841852,-13.14387675835487
2.04,-1.717753235020411,5.234723383078933,-12.40867832038051
2.049285714285714,-1.736375785381484,5.255173067672444,-11.66657218717292
2.058571428571429,-1.755409667300285,5.277970547261887,-10.91691483720133
2.067857142857143,-1.774905865691703,5.303346924560511,-10.15906171101536
2.077142857142857,-1.794955093579006,5.331664877766406,-9.392483112389337
2.086428571428571,-1.815647077102262,5.363297216480818,-8.616808692981838
2.095714285714286,-1.837030330536406,5.39850749791236,-7.831778406152856
2.105,-1.859093045239832,5.437394201480112,-7.037126065355343
2.114285714285714,-1.881774676312704,5.479926300913536,-6.232455426682113
2.123571428571429,-1.905001988569814,5.526051030684821,-5.417171288465367
2.132857142857143,-1.928730847560014,5.575818314623898,-4.590498912493389
2.142142857142857,-1.952972241681842,5.629458840576436,-3.751579524959716
2.151428571428572,-1.977789245420364,5.687377392492825,-2.89959109614385
2.160714285714286,-2.00326657274082,5.750066749953018,-2.033831458093705
2.17,-2.029468304894719,5.817987724199316,-1.153720774298648
2.179285714285714,-2.056405213533103,5.891477423873415,-0.2587216813234249
2.188571428571428,-2.084028007677521,5.970732831108076,0.6517831734494925
2.197857142857143,-2.112249565669686,6.055878407451337,1.57859569227569
2.207142857142857,-2.140984564234617,6.147084293850685,2.522738280612343
2.216428571428572,-2.170186252571511,6.244676739029118,3.485405530211473
2.225714285714286,-2.199861724847478,6.349186890995707,4.467858519429493
2.235,-2.230058010053013,6.461315494574685,5.471317396538939
2.244285714285714,-2.260826001992585,6.581833434457799,6.496908690614305
2.253571428571428,-2.292180256713872,6.711470224019541,7.545696485980952
2.262857142857143,-2.324074547319623,6.850848652971869,8.618785069834933
2.272142857142857,-2.356405026942512,7.000501171232798,9.71744553664068
2.281428571428572,-2.389039059874584,7.160963556698619,10.84320724924518
2.290714285714286,-2.421855119161524,7.332903617607481,11.99787255713782
2.3,-2.454773829610819,7.517225566360221,13.18345122637014
2.309285714285714,-2.487764798304807,7.715102732226301,14.40205113387183
2.318571428571429,-2.520825967225595,7.927926759175326,15.65578431124072
2.327857142857143,-2.5539457915463,8.157203174304474,16.94674126403873
2.337142857142857,-2.587066898537297,8.404450935756341,18.27705447994551
2.346428571428572,-2.620069019012547,8.671163788661037,19.64902950668796
2.355714285714286,-2.652779488105997,8.958863632970067,21.06528928944614
2.365,-2.685006215242724,9.269233477390197,22.52887041800627
2.374285714285714,-2.71657723169166,9.604280022325637,24.04323249353334
2.383571428571428,-2.747367909689249,9.966461676297174,25.61218403408031
2.392857142857143,-2.777303100572203,10.35873456341226,27.23977057231225
2.402142857142857,-2.806333711524453,10.78450996232718,28.93019253399946
2.411428571428572,-2.834399638747048,11.24756299093026,30.68781083090872
2.420714285714286,-2.861397518857483,11.75196238937515,32.5172602378662
2.43,-2.887169387044144,12.3020901309267,34.42364131246634
2.439285714285714,-2.911518284707712,12.90278643740912,36.41272359253337
2.448571428571428,-2.934243988913244,13.5596045537722,38.49108472858731
2.457857142857143,-2.955182459539893,14.27911367458768,40.66613803251154
2.467142857142857,-2.97423085295625,15.06917049029213,42.94605419962865
2.476428571428572,-2.991346858492936,15.93910147759715,45.33963821941705
2.485714285714286,-3.006523370451046,16.89979311394512,47.85625317663946
2.495,-3.019751242790915,17.96375321711741,50.50587146998323
2.504285714285714,-3.030988488335594,19.14525423496285,53.29928167752016
2.513571428571428,-3.040151139676794,20.46067519264354,56.24840561193337
2.522857142857143,-3.047130606657714,21.92911687979409,59.36661656286698
2.532142857142857,-3.051829655984531,23.5732904623618,62.66892684698892
2.541428571428572,-3.054200106676422,25.4206070826508,66.17194583437031
2.550714285714286,-3.054264299282553,27.50436489423024,69.89358834195727
2.56,-3.05210993137405,29.86496778942814,73.85260162588966
2.569285714285714,-3.047860430499798,32.55121661217613,78.068027402628
2.578571428571428,-3.041634661051191,35.6218567546305,82.55868003401528
2.587857142857143,-3.033514852653481,39.147691157347,87.34258514800835
2.597142857142857,-3.023537728025232,43.21461749213536,92.43610104045202
2.606428571428572,-3.011712712510617,47.92788517684949,97.85218474162316
2.615714285714286,-2.998058061096065,53.41769185521542,103.5970220915575
2.625,-2.98263696578354,59.84598911067615,109.6640489944551
2.634285714285714,-2.965575498610326,67.41409395075981,116.024220484858
2.643571428571428,-2.947052848981672,76.37040514874916,122.6111266498409
2.652857142857143,-2.927267679718553,87.01705787101173,129.2990458480851
2.662142857142857,-2.906396094792327,99.71331841835608,135.8711410613141
2.671428571428572,-2.884560968589998,114.8711538444607,141.9738753338368
2.680714285714286,-2.861827080983875,132.9335067868379,147.0532017069131
2.69,-2.838224108685826,154.3170179912487,150.2706852788494
2.699285714285714,-2.813785978240877,179.2882958233587,150.4090983931789
2.708571428571428,-2.788586987071556,207.7324059872281,145.8069630651641
2.717857142857143,-2.762756525079162,238.7860374715019,134.4190941923966
2.727142857142857,-2.73646465195334,270.3929056710956,114.1699978322084
2.736428571428572,-2.709885179369967,299.0396416794545,83.75676146150424
2.745714285714286,-2.683154165217853,320.1546558929235,43.78473097126517
2.755,-2.656344213438662,329.5125171668997,-2.449884373850126
2.764285714285714,-2.629467362889359,325.135879368876,-49.49226680811258
2.773571428571428,-2.602505304482309,308.3093924291304,-91.67809994441278
2.782857142857143,-2.57545207581816,282.8255388321523,-125.1945724681285
2.792142857142857,-2.548348027439497,253.1738372995972,-148.8544003654626
2.801428571428572,-2.521288043700935,223.0490400071806,-163.5118783612276
2.810714285714286,-2.494399798932357,194.7976187753128,-170.9971061143682
2.82,-2.467802888859003,169.5604303572753,-173.2814187823156
2.829285714285714,-2.441569402516228,147.660555732629,-172.0551322914215
2.838571428571428,-2.415705928573578,128.9632688454403,-168.6055640224851
2.847857142857142,-2.390166328366598,113.1250262479123,-163.8442319590845
2.857142857142857,-2.364889139440141,99.73996448441038,-158.384714065344
2.866428571428572,-2.339840953375182,88.41543697234884,-152.6241842605397
2.875714285714286,-2.315043925715697,78.80453600678649,-146.8114752843926
2.885,-2.290573480397394,70.614777019153,-141.0980433537717
2.894285714285714,-2.266527367658396,63.60494736255913,-135.5733645516989
2.903571428571428,-2.242981856004433,57.57732921863617,-130.2879370152072
2.912857142857142,-2.219957483623813,52.36937385590548,-125.2673654302896
2.922142857142857,-2.19741201656761,47.84676678627228,-120.5207177463726
2.931428571428571,-2.175264438395512,43.89836669964538,-116.0457028725327
2.940714285714286,-2.153437923233792,40.43263483658745,-111.8323752467932
2.95,-2.13189992319529,37.37484509889771,-107.8662176291286
2.959285714285714,-2.110678844820832,34.66446601142813,-104.1307802313473
2.968571428571428,-2.089848730815421,32.2524476647669,-100.6096903886616
2.977857142857142,-2.069489820973391,30.09851554833268,-97.28781056440104
2.987142857142857,-2.049645338027281,28.16879314351149,-94.1515186465822
2.996428571428572,-2.030296854038594,26.43406869354599,-91.18834820163899
3.005714285714286,-2.011371069926587,24.86882831112799,-88.38639714049198
3.015,-1.992774653029967,23.45091954732372,-85.7339045987313
3.024285714285714,-1.974439236804171,22.16152215942424,-83.21922247860194
3.033571428571428,-1.956353326608759,20.98507058711748,-80.83116303032948
3.042857142857142,-1.938564545851714,19.90889789094362,-78.5595048343073
3.052142857142857,-1.921151015259647,18.92258189019287,-76.39537286016008
3.061428571428572,-1.904176715698037,18.01716431128421,-74.33129141567014
3.070714285714286,-1.887654053484997,17.18449430213803,-72.36088641507246
3.08,-1.871533147754956,16.41689039081355,-70.47838884524775
3.089285714285714,-1.855723497497672,15.70716155382365,-68.67817762410955
3.098571428571428,-1.840136832479448,15.04886336796701,-66.95456208877872
3.107857142857143,-1.824728856074584,14.43657175876158,-65.30187080496539
3.117142857142857,-1.809518080651781,13.86597561494544,-63.71475692062686
3.126428571428572,-1.794571870507731,13.33370395523086,-62.18852949608767
3.135714285714286,-1.779966956830761,12.83695082677808,-60.71932162696974
3.145,-1.765745073520601,12.37306597882995,-59.30400278675553
3.154285714285714,-1.751886944735115,11.93929149424626,-57.93988004449832
3.163571428571428,-1.738318278681706,11.53274384596062,-56.62433870851003
3.172857142857143,-1.724944683070951,11.15061406722715,-55.35459606636471
3.182142857142857,-1.711697242531639,10.79045262984287,-54.12767575527835
3.191428571428571,-1.698564842202094,10.45037240095177,-52.94059329744598
3.200714285714286,-1.685596221688461,10.12905570524515,-51.7906370504686
3.21,-1.672870639789088,9.825559401493997,-50.67558661209039
3.219285714285714,-1.660452559432939,9.539017532377157,-49.59375129838773
3.228571428571428,-1.648354190746502,9.268390444073864,-48.54381019202227
3.237857142857143,-1.636525615171284,9.01237957399967,-47.52453890466579
3.247142857142857,-1.624877723627287,8.769537442793423,-46.53456320314822
3.256428571428571,-1.613325932339753,8.538501516462114,-45.57226022555833
3.265714285714286,-1.601831654186791,8.318220517218986,-44.63584745342189
3.275,-1.590419625018382,8.108051491262964,-43.72360154885665
3.284285714285714,-1.579161894860355,7.907677983371578,-42.83408454455188
3.293571428571428,-1.56813690830373,7.716894775252798,-41.96625593022487
3.302857142857143,-1.557385279096918,7.535372721243243,-41.11941319682254
3.312142857142857,-1.546885625030844,7.362523813288536,-40.29299490388848
3.321428571428571,-1.53656325074993,7.197530583003032,-39.48635079346985
3.330714285714286,-1.52632712757505,7.039516676081148,-38.69859721961219
3.34,-1.516115644030322,6.887763089018375,-37.92862817073436
3.349285714285714,-1.505926905592491,6.741853968119497,-37.175269218224
3.358571428571428,-1.495817494617819,6.601676207288536,-36.43748774169963
3.367857142857143,-1.485870307112203,6.467275809381143,-35.71454600598498
3.377142857142857,-1.476148494455768,6.338648992434385,-35.00601692074247
3.386428571428571,-1.466659921032696,6.215578107584673,-34.31165659465118
3.395714285714286,-1.457350991681597,6.097596010981754,-33.63120301855629
3.405,-1.448133159363927,5.984093161334289,-32.96420706198182
3.414285714285714,-1.438928100544628,5.874506778412672,-32.30998240018633
3.423571428571428,-1.429707600077533,5.768489995552501,-31.66769669346137
3.432857142857143,-1.420506933838225,5.665971852780999,-31.03655182638573
3.442142857142857,-1.411404586593175,5.567078373648608,-30.41595544961526
3.451428571428571,-1.402479045255643,5.471958770719929,-29.80559285436177
3.460714285714286,-1.393765612914098,5.380609844416346,-29.20536274523267
3.47,-1.38523619521736,5.292790573989786,-28.61521296122478
3.479285714285714,-1.376812829260136,5.208069504345094,-28.03496407674734
3.488571428571428,-1.368407814310376,5.125976864734692,-27.46421340107286
3.497857142857143,-1.359969140509625,5.046178843773082,-26.90236784173963
3.507142857142857,-1.351507032450447,4.968581306430372,-26.34878537719268
3.516428571428571,-1.343087428238462,4.893309101139876,-25.80294796325797
3.525714285714286,-1.334795820480925,4.820573787197838,-25.26457343750054
3.535,-1.326690694073349,4.75050141242281,-24.73360786532096
3.544285714285714,-1.318771355100666,4.683011858589004,-24.2101040303296
3.553571428571428,-1.310977303246652,4.617812455449832,-23.69405185209693
3.562857142857143,-1.303219529804967,4.554507191076056,-23.18525082736232
3.572142857142857,-1.295427116653682,4.492761782232003,-22.68329101791486
3.581428571428571,-1.287584304933234,4.432436196418131,-22.18765078606094
3.590714285714286,-1.279738219212256,4.373614641870098,-21.69785756044924
3.6,-1.271973065589955,4.316518336399159,-21.21362519718503
3.609285714285714,-1.264364532999558,4.261348789409186,-20.73489506927445
3.618571428571428,-1.256938718536845,4.20814558520236,-20.26176010802539
3.627857142857143,-1.249657509098134,4.156733841072183,-19.79431340440655
3.637142857142857,-1.242438269393328,4.106788003764525,-19.33250244379901
3.646428571428571,-1.235197397438257,4.05797666419947,-18.87606609893589
3.655714285714286,-1.227894530161391,4.010110479624431,-18.42458678220079
3.665,-1.220553757143472,3.963214409888641,-17.97762867906803
3.674285714285714,-1.213250433772277,3.917486474481055,-17.53488747184456
3.683571428571428,-1.206070576614559,3.873166020340392,-17.09627155200497
3.692857142857143,-1.199064511897957,3.830382460733453,-16.66187199222294
3.702142857142857,-1.192219553178484,3.789065134901819,-16.231838191968
3.711428571428571,-1.185466354949295,3.748961645922557,-15.80622612064074
3.720714285714286,-1.178715626875331,3.709753936394214,-15.38490005593114
3.73,-1.171905648889775,3.671209462215981,-14.967539629794
3.739285714285714,-1.16503517439144,3.63328656475011,-14.55374756871203
3.748571428571428,-1.15816404691392,3.596138071801208,-14.14319985153856
3.757857142857143,-1.151381113806451,3.56001183731352,-13.73575772887816
3.767142857142857,-1.144756554606509,3.525101978932033,-13.33148194783515
3.776428571428571,-1.138304125571015,3.491430520735479,-12.93054214784589
3.785714285714286,-1.131973561548748,3.458822381598054,-12.53307036234194
3.795,-1.125677286687368,3.426986489427412,-12.13903705387207
3.804285714285714,-1.119337232583263,3.395659148916429,-11.74821568392535
3.813571428571428,-1.112926731967612,3.364732751669837,-11.36025429361401
3.822857142857143,-1.10648499303059,3.334301018832819,-10.97481532124285
3.832142857142857,-1.100096295119387,3.304596855031297,-10.59170850246286
3.841428571428571,-1.093844967202338,3.275856470889549,-10.21094567624293
3.850714285714286,-1.08777023714065,3.248182758051389,-9.832688408668686
3.86,-1.081845165236315,3.221480993518394,-9.457116793685778
3.869285714285714,-1.075991033140036,3.19550101608975,-9.084289809431816
3.878571428571428,-1.070119597272636,3.169963022417761,-8.714071917703611
3.887857142857143,-1.064180639467705,3.144699457331269,-8.346165036129234
3.897142857142857,-1.058189296739159,3.119736922245823,-7.980228557720729
3.906428571428571,-1.052218403170012,3.095274232326006,-7.616022903223259
3.915714285714286,-1.046359831775041,3.071568507741685,-7.253499525002879
3.925,-1.040675501858843,3.048790503984627,-6.892789114019673
3.934285714285714,-1.03516432796536,3.026926774376755,-6.534094414232523
3.943571428571429,-1.029762911025597,3.005781058602048,-6.177545136090613
3.952857142857143,-1.024379735762462,2.985074123618789,-5.823092714081136
3.962142857142857,-1.018944653467984,2.964588544759527,-5.470501337300223
3.971428571428571,-1.013447121744272,2.944280745825679,-5.119440126816358
3.980714285714286,-1.007942579953383,2.924300062066086,-4.769627029171624
3.99,-1.002523391712518,2.904904463780303,-4.420947119019372
3.999285714285714,-0.997269843814899,2.886318116119635,-4.073481671066427
4.008571428571428,-0.9922074733287035,2.8686072310672,-3.727432252973683
4.017857142857143,-0.9872936849015536,2.851640905465251,-3.382980428202385
4.027142857142857,-0.9824409802369028,2.835158136374916,-3.040158254828618
4.036428571428571,-0.9775644901812774,2.818905284253183,-2.698799150410189
4.045714285714286,-0.9726283642165212,2.802770297668201,-2.358595765415753
4.055,-0.9676660349970907,2.786841458893512,-2.01923406603907
4.064285714285714,-0.9627633089744203,2.771358753017484,-1.680531671998861
4.073571428571428,-0.9580132132671216,2.756583678521022,-1.342505940530209
4.082857142857143,-0.9534667824468224,2.742657306276818,-1.005334873901962
4.092142857142857,-0.9491062536831496,2.729522925121116,-0.6692314637962207
4.101428571428571,-0.9448552072055229,2.71695516281215,-0.3342986816966286
4.110714285714286,-0.940620402750433,2.704680434030361,-0.0004430213762205509
4.12,-0.9363429787589126,2.692524367014131,0.3326065622301485
4.129285714285714,-0.9320314875057243,2.68050692751728,0.6651839338455993
4.138571428571428,-0.9277588476572302,2.668833640869982,0.9975365957716965
4.147857142857143,-0.9236246497906431,2.657787042881225,1.329722329589308
4.157142857142857,-0.9197029421710217,2.647576317673638,1.661607687755648
4.166428571428571,-0.9160035456695137,2.638225915113229,1.992969782637376
4.175714285714286,-0.9124678053042592,2.629563404093612,2.323647226691942
4.185,-0.9090012792827223,2.62131380258906,2.653659289470699
4.194285714285714,-0.9055260063334356,2.613250358965213,2.983228849037399
4.203571428571428,-0.9020243190126322,2.605320917887787,3.312696032953993
4.212857142857143,-0.8985505197931047,2.597681478497933,3.642368323785861
4.222142857142857,-0.8952039151547014,2.590618101522091,3.972387609064623
4.231428571428571,-0.8920775187212949,2.584398475592785,4.302686140344124
4.240714285714286,-0.8892099381303918,2.579132720796156,4.633055921608467
4.25,-0.8865663973481612,2.57471862375409,4.963295081993193
4.259285714285714,-0.8840593180039811,2.57090162320112,5.29335301442975
4.268571428571429,-0.8815976594297419,2.567418305799874,5.623396004787526
4.277857142857143,-0.8791386370852092,2.564146797657365,5.95375716551577
4.287142857142857,-0.8767139366871655,2.561182876908147,6.284796599165307
4.296428571428572,-0.87441608828075,2.55879992227666,6.616746549885259
4.305714285714286,-0.8723520795553994,2.557313214366918,6.949625199305344
4.315,-0.8705890227496998,2.556921011482906,7.283266484378826
4.324285714285714,-0.8691211332339223,2.557608068578688,7.617451135086713
4.333571428571428,-0.8678759920384025,2.559164463861852,7.952069378237298
4.342857142857143,-0.8667570444497184,2.561310999420177,8.287227890271135
4.352142857142857,-0.8656997368480972,2.563864799935662,8.623242595974885
4.361428571428572,-0.8647111298858833,2.566856125707293,8.960519856168347
4.370714285714286,-0.8638714727181396,2.570532635561019,9.299389041437079
4.38,-0.8632965938870061,2.575247462061884,9.639976639930492
4.389285714285714,-0.863081124673168,2.581290309042365,9.982190692346144
4.398571428571429,-0.8632530625023376,2.588752309804232,10.32582554513993
4.407857142857144,-0.8637642966345322,2.597498294939653,10.67073207451556
4.417142857142856,-0.864522550536453,2.607263142313173,11.0169624658044
4.426428571428572,-0.865447937228037,2.617822121429888,11.36481105112595
4.435714285714286,-0.8665238869963799,2.629144354917537,11.71472770385022
4.445,-0.8678149366378198,2.641446219979911,12.06714894476681
4.454285714285714,-0.8694415063353916,2.655114446953651,12.42233724037057
4.463571428571428,-0.8715249451700009,2.670538831143917,12.78031592747546
4.472857142857143,-0.8741322924039102,2.687944003850556,13.14093676120754
4.482142857142857,-0.8772506025021802,2.707311586882328,13.50404598448553
4.491428571428572,-0.8808050293702508,2.728436730182187,13.86966109497145
4.500714285714285,-0.8847114537165213,2.751091238697535,14.23806322293549
4.51,-0.8889357375244838,2.775207384516774,14.60975395047516
4.519285714285714,-0.8935278069335585,2.80098371374762,14.98529787829193
4.528571428571428,-0.8986120090638948,2.828854634211259,15.36513462344859
4.537857142857144,-0.9043386198452912,2.859338407403916,15.74946208235707
4.547142857142856,-0.9108224051430368,2.892844351278866,16.13825607346082
4.556428571428571,-0.9181013685231592,2.92954365821474,16.53141896025368
4.565714285714286,-0.9261382908213821,2.969375949739331,16.92898011814538
4.575,-0.9348649179714518,3.01219198294646,17.33124161871896
4.584285714285715,-0.9442457432222136,3.057959501008992,17.73878986954918
4.593571428571428,-0.9543275258236956,3.10692357194655,18.15236477402839
4.602857142857143,-0.9652479841260968,3.159635150057011,18.57265505739677
4.612142857142857,-0.9771988327000479,3.216831316204438,19.00013002820893
4.621428571428572,-0.9903629236253428,3.279230864245108,19.43500080869779
4.630714285714285,-1.004859438453876,3.34735636040417,19.87733621297917
4.64,-1.020727163917656,3.42148240548015,20.327275670021
4.649285714285714,-1.037955865569993,3.50174463146982,20.78522797270691
4.658571428571428,-1.056550199046438,3.588358681040231,21.25194950697259
4.667857142857144,-1.076593039636155,3.681838271070065,21.72845791496404
4.677142857142856,-1.098275081927828,3.783099622112396,22.21582499859893
4.686428571428571,-1.121875365896429,3.89339880784247,22.71495925774603
4.695714285714285,-1.147703690046704,4.0141385060215,23.22649707268048
4.705,-1.176036600514396,4.146653353599735,23.75086613212374
4.714285714285714,-1.207082643067426,4.292099221453095,24.28849367130267
4.723571428571428,-1.240997623168725,4.451521452457474,24.84005322342393
4.732857142857143,-1.277944552887496,4.626085579660967,25.40661912277577
4.742142857142857,-1.318169465191241,4.817368816675043,25.9896425649117
4.751428571428572,-1.362055844135516,5.027577611412252,26.59075512687933
4.760714285714285,-1.410131793637083,5.259595572719081,27.21149736764999
4.77,-1.463029489847377,5.516858757401078,27.85311183086532
4.779285714285714,-1.52142253321308,5.803153678080513,28.5165072148818
4.788571428571428,-1.585979693530135,6.12248531756642,29.20240857387138
4.797857142857143,-1.657366414386591,6.47913936127343,29.91160360550455
4.807142857142857,-1.736302042448258,6.877974756765607,30.64513129816291
4.816428571428571,-1.823653242415728,7.324873499401831,31.40427042967589
4.825714285714285,-1.920526788150686,7.827200807985522,32.19026759393811
4.835,-2.028327083539661,8.394131089579931,33.00385550235728
4.844285714285714,-2.148764554795866,9.036775077316213,33.84469197323783
4.853571428571429,-2.28382986964452,9.768160968238865,34.71085096145027
4.862857142857143,-2.435770948813263,10.60321434040166,35.59841025070023
4.872142857142856,-2.607113817539439,11.55889371217418,36.50104043838041
4.881428571428572,-2.800752816444427,12.65455027273949,37.40936742851196
4.890714285714285,-3.020108836615074,13.91241203227688,38.30981515095728
4.9,-3.269329860499196,15.35789333852016,39.18266967466021
4.909285714285714,-3.553498611291468,17.01925131028216,39.99923722678002
4.918571428571428,-3.878822517310733,18.9259762713679,40.71817146894031
4.927857142857143,-4.252806508025747,21.10520332698151,41.28130931381601
4.937142857142857,-4.684436863125716,23.57535144496142,41.60972890735849
4.946428571428572,-5.184420244976965,26.33619666602623,41.60135399239068
4.955714285714285,-5.765515150735578,29.3549303455339,41.13241167080067
4.965,-6.442953518354575,32.54900800076265,40.06632117307234
4.974285714285714,-7.234853362363118,35.76950415179087,38.27438428831351
4.983571428571429,-8.162282161204427,38.79339390529506,35.67102221711069
4.992857142857144,-9.247963624876226,41.33748168027243,32.25959097740188
5.002142857142856,-10.51067420529716,43.10466661706985,28.17271648660537
5.011428571428572,-11.94681897700795,43.8585047758116,23.6809255663467
5.020714285714285,-13.47756822415683,43.49833321025123,19.14950028396716
5.03,-14.83325669758909,42.09482913546097,14.95190947659287
5.039285714285715,-15.4817126880741,39.86405866114824,11.3792729277594
5.048571428571428,-15.03494577487835,37.09607901699137,8.58847825672267
5.057857142857143,-13.79090721971097,34.07762662031618,6.603342075062172
5.067142857142857,-12.30339139660067,31.04042981462845,5.352036678369457
5.076428571428572,-10.88430421472988,28.14295451297086,4.713775703775146
5.085714285714285,-9.632861576641922,25.47619710490663,4.55627398079677
5.095,-8.559318932527392,23.08019489293539,4.75823804357499
5.104285714285714,-7.646420398163479,20.96171849885289,5.219076965228019
5.113571428571428,-6.871467850594529,19.10863903015357,5.860433534584402
5.122857142857144,-6.213233909225093,17.49986631568006,6.623587902291561
5.132142857142856,-5.653668609487903,16.11137584177208,7.465438377334021
5.141428571428571,-5.177886903234028,14.91936828507549,8.354576340517273
5.150714285714285,-4.773653787986265,13.90162597227263,9.268144280247084
5.16,-4.43082172256625,13.03795164633187,10.18963178054539
5.169285714285714,-4.140899519275452,12.31031596566649,11.10743884883624
5.178571428571428,-3.896802196296163,11.70305085787769,12.0138776706342
5.187857142857143,-3.692748250537447,11.20315177524498,12.90427735960233
5.197142857142857,-3.524219603576,10.80055075022765,13.7759777689219
5.206428571428572,-3.387888601018492,10.48814700429327,14.62719179451303
5.215714285714285,-3.281449195984419,10.2614493554946,15.45589389514167
5.225,-3.203351243316741,10.11785223462475,16.2589693134134
5.234285714285714,-3.152497474321708,10.05574214871487,17.03179206263
5.243571428571428,-3.127990578092525,10.07371312249398,17.76821979666704
5.252857142857144,-3.128996154076757,10.1700985348401,18.46079092643958
5.262142857142857,-3.154722685144097,10.342814887779,19.10079677691626
5.271428571428571,-3.204439474829793,10.58924584302811,19.67796683835837
5.280714285714285,-3.277395423640868,10.90570687256236,20.17976771006508
5.29,-3.372498927900815,11.28605698047897,20.59070160613501
5.299285714285714,-3.487686638462165,11.71933738449769,20.89233803145478
5.308571428571429,-3.619036045730051,12.18688099583096,21.06492273105487
5.317857142857142,-3.759835429312565,12.65998539302247,21.09110588179096
5.327142857142857,-3.899976945120511,13.09968011663846,20.96153968030368
5.336428571428572,-4.026128823283113,13.45995535141848,20.68095312101418
5.345714285714286,-4.123073652669236,13.69474662337748,20.27231525282594
5.355,-4.176253325276029,13.7671548909573,19.77664125464903
5.364285714285714,-4.174939303863477,13.65775332645504,19.24742915022787
5.373571428571428,-4.114862437050585,13.36866881521846,18.74117409687774
5.382857142857143,-3.999127549348067,12.92190008816584,18.30736469119521
5.392142857142857,-3.837025324044358,12.35299322972152,17.98142613411806
5.401428571428572,-3.641421115090459,11.70296774406272,17.78229466796979
5.410714285714286,-3.425934179648422,11.01135149093176,17.71407600953514
5.42,-3.202854085738843,10.31184477049689,17.76992665581422
5.429285714285714,-2.982089578057546,9.630631606956237,17.93626320125534
5.438571428571429,-2.770934480375867,8.986472748664939,18.19615797039625
5.447857142857142,-2.574267242679335,8.391579192659364,18.53164490399215
5.457142857142856,-2.394888361284447,7.852607669587389,18.92521833150219
5.466428571428572,-2.233874618914384,7.371593010800108,19.36095074269604
5.475714285714286,-2.090966357173361,6.946976080325973,19.82547577022407
5.485,-1.965048235675549,6.574967368603327,20.30876155119257
5.494285714285714,-1.854735361594634,6.251298586084692,20.80433925685376
5.503571428571428,-1.758975338968317,5.973067699629622,21.30861702453642
5.512857142857142,-1.677486945379209,5.740075031484885,21.81916504389539
5.522142857142857,-1.610841385504983,5.554985766401273,22.33231467229338
5.531428571428572,-1.560080855225094,5.421934115053094,22.84085404892627
5.540714285714285,-1.525932723349576,5.343724258535758,23.33279402796725
5.55,-1.507845876259865,5.318377294232427,23.79200887853471
5.559285714285714,-1.503181950591267,5.336215944530064,24.20105384972143
5.568571428571429,-1.506905088399894,5.378815415647854,24.54572188400608
5.577857142857143,-1.512019462728191,5.420830653156656,24.82007041763473
5.587142857142856,-1.510796255985785,5.434817321695067,25.03002570199463
5.596428571428572,-1.496526224096578,5.397834414491951,25.19373583798286
5.605714285714286,-1.465230685049218,5.29747256099177,25.33793170905918
5.615,-1.416657173886194,5.134849099825979,25.49133741168856
5.624285714285715,-1.354127406622553,4.923366961474151,25.6776066612985
5.633571428571428,-1.28331169530886,4.683945145992354,25.91039011028205
5.642857142857142,-1.210466934443774,4.438800319341614,26.19196118996711
5.652142857142857,-1.140821842179728,4.206035946768965,26.51522789279248
5.661428571428572,-1.077606231551365,3.996525717177178,26.86782966947902
5.670714285714286,-1.021884289597404,3.813511208854496,27.23666120926111
5.68,-0.9730514731965085,3.654433108396774,27.611401450239
5.689285714285714,-0.9296767275614284,3.513944096536254,27.98619811065343
5.698571428571428,-0.8903286665580574,3.386860567654418,28.35938443992769
5.707857142857143,-0.8541028465935245,3.270036159478003,28.73179953941254
5.717142857142856,-0.8207333913825564,3.162718324922217,29.10470596558542
5.726428571428571,-0.7903600016867851,3.065639761025568,29.47827301541852
5.735714285714286,-0.7631505807192631,2.97958283900597,29.85116002144955
5.745,-0.7389997977382263,2.904239058910341,30.22113645530706
5.754285714285714,-0.7174421940408708,2.837888976298006,30.58620848990011
5.763571428571428,-0.6977886409499481,2.777942345976222,30.94557189590473
5.772857142857142,-0.6793831200146007,2.721946265956811,31.29989965455051
5.782142857142857,-0.661830846797242,2.668481299007495,31.65087278976348
5.791428571428572,-0.6450817551468389,2.617486721353234,32.00026282127845
5.800714285714286,-0.6293405681182034,2.569897293386673,32.34907536957408
5.81,-0.6148667552744407,2.526840199059035,32.69718354154183
5.819285714285714,-0.6017772075118222,2.488841872590785,33.04358777800577
5.828571428571428,-0.5899510580728727,2.455446536822652,33.38710720586026
5.837857142857143,-0.5790738480854231,2.425402198987467,33.72710633752352
5.847142857142857,-0.5687837384955308,2.397266900168686,34.06387743209098
5.856428571428571,-0.5588340068753188,2.370084054300913,34.39850698455101
5.865714285714286,-0.5491855705829198,2.343767423807487,34.73233569942644
5.875,-0.5399871245875206,2.319015279537607,35.0663248859037
5.884285714285714,-0.5314625639889978,2.296833011064733,35.40066712958768
5.893571428571429,-0.523771846592693,2.277941488474683,35.73482589507119
5.902857142857142,-0.5169194956811447,2.262386843325388,36.06795191366158
5.912142857142856,-0.5107539417333085,2.249539738909065,36.3994327766651
5.921428571428572,-0.5050503744277008,2.238457006077586,36.72928032200105
5.930714285714286,-0.4996272354174706,2.228391989769813,37.0581648783138
5.94,-0.4944330526454263,2.219176652274428,37.38710257367359
5.949285714285714,-0.4895607608330191,2.211284329957035,37.7169832054181
5.958571428571428,-0.4851878658206809,2.205562658000893,38.04819686401937
5.967857142857143,-0.4814796143039728,2.202799652585566,38.38054763803538
5.977142857142857,-0.478508541063656,2.203361494128162,38.71347945985502
5.986428571428572,-0.476230842840949,2.207086364438095,39.04647492491634
5.995714285714286,-0.4745272607219062,2.213472795675728,39.37940787790859
6.005,-0.4732822142316881,2.2220454926277,39.71266998193772
6.014285714285714,-0.4724574379679327,2.232697918317737,40.04702176820727
6.023571428571429,-0.4721230355191031,2.245838148012031,40.38326556756726
6.032857142857142,-0.4724342326402632,2.262280619183812,40.72192263785507
6.042142857142856,-0.4735713012090495,2.282963367136112,41.06307949431311
6.051428571428572,-0.475677477546392,2.30865423039754,41.40646654286589
6.060714285714286,-0.4788273074602842,2.339801230258386,41.75170658327012
6.07,-0.4830390531445203,2.376594986596218,42.09858905804026
6.079285714285714,-0.4883211565921218,2.419197632236731,42.4472259792721
6.088571428571428,-0.4947270329452,2.468014577592372,42.79801885983018
6.097857142857142,-0.5023918115479821,2.523879456642308,43.15146663371735
6.107142857142857,-0.5115374364938887,2.588083398143072,43.50791661126597
6.116428571428572,-0.5224502355368315,2.662266815420614,43.86736973386582
6.125714285714285,-0.5354476676335075,2.74825555708782,44.22940191951886
6.135,-0.5508527674985626,2.847933907686865,44.59319053335454
6.144285714285714,-0.5689870066014163,2.963208897311033,44.95758092661904
6.153571428571428,-0.5901810988607517,3.096063753447086,45.32111570315158
6.162857142857143,-0.6147952714204017,3.248656156406564,45.68197280372444
6.172142857142856,-0.6432383749791739,3.423403394554567,46.03779187744767
6.181428571428571,-0.6759765572073667,3.622999871451626,46.385388488805
6.190714285714286,-0.71352222211184,3.850307749185671,46.72036151303389
6.2,-0.7563898265144814,4.108034880512038,47.03661505337526
6.209285714285715,-0.8049992516666302,4.398082372863202,47.32587454447604
6.218571428571428,-0.859507579299343,4.720454958234542,47.57738774347433
6.227857142857142,-0.9195644722056591,5.071736250412799,47.7781294757048
6.237142857142857,-0.9840184733713895,5.443362044175564,47.9138897205418
6.246428571428572,-1.050645781113672,5.820231331086858,47.97151033560198
6.255714285714286,-1.116013853773137,6.180437458540406,47.942173085058
6.265,-1.175606288254595,6.496872894265358,47.82507360070962
6.274285714285714,-1.224297927272797,6.740988037381951,47.63026985183841
6.283571428571428,-1.257166700077245,6.888108330718115,47.37934348463435
6.292857142857143,-1.270480055296904,6.922811555820608,47.10305362653104
6.302142857142856,-1.262563702000497,6.842513121138844,46.83629902879056
6.311428571428571,-1.234237707678779,6.657949691938623,46.61186345231953
6.320714285714286,-1.188637836636119,6.390457339814524,46.45491560768763
6.33,-1.130477060356553,6.067124727263764,46.37981009933445
6.339285714285714,-1.06501396380621,5.715464161842534,46.38973051160318
6.348571428571428,-0.9970704005749824,5.359067317151548,46.4787253436479
6.357857142857142,-0.9303650548774629,5.015093749051619,46.63510918825619
6.367142857142857,-0.8672710694361667,4.693749372291527,46.84508908423228
6.376428571428572,-0.8089497147739628,4.399368363616773,47.09569014426179
6.385714285714286,-0.7557113959027707,4.132387563152755,47.37644482005649
6.395,-0.7074258749000893,3.891415643907491,47.67976574080866
6.404285714285714,-0.6638373899046592,3.674751057584393,48.00033401866998
6.413571428571428,-0.624714981547415,3.481041880223386,48.33408210214054
6.422857142857143,-0.5898517754979861,3.309178830447787,48.67735033046853
6.432142857142857,-0.5589863361489107,3.157806971765866,49.02656720704701
6.441428571428571,-0.5317340251299251,3.024918131750025,49.3784661106509
6.450714285714286,-0.507587484989759,2.907837636003241,49.73056780640143
6.46,-0.4859931736438645,2.803641255514437,50.08155193821455
6.469285714285714,-0.4664636053426781,2.709778351187975,50.43124265616602
6.478571428571429,-0.448665285633074,2.624563128819993,50.78017315582735
6.487857142857142,-0.4324373348221632,2.547275515731384,51.12893607393803
6.497142857142856,-0.417734546984682,2.4778310451916,51.47764221049332
6.506428571428572,-0.4045286845564356,2.416209555006392,51.82574454823273
6.515714285714286,-0.3927216305901165,2.361951185697519,52.17228372064832
6.525,-0.3821143765442812,2.313978208900472,52.5163889302419
6.534285714285714,-0.3724436552653209,2.270816998561955,52.85774277213674
6.543571428571428,-0.363461519965293,2.231078044259194,53.19675168095835
6.552857142857142,-0.35501166482114,2.193918807704499,53.53433324326787
6.562142857142857,-0.3470603885292859,2.15923335537817,53.87144303828505
6.571428571428572,-0.3396665169744981,2.127469452382115,54.20860174112598
6.580714285714286,-0.3329082318755367,2.099178902491301,54.54567561654881
6.59,-0.3268072272856193,2.074548011957672,54.88201968548703
6.599285714285714,-0.3212904170274367,2.053159012935326,55.21689492627987
6.608571428571429,-0.3162077217281454,2.034102717211706,55.54992610219657
6.617857142857143,-0.3113937633571805,2.016370761469515,55.8813507472994
6.627142857142856,-0.3067382481992249,1.999306472067923,56.21192846678142
6.636428571428572,-0.3022264378746365,1.982866536814617,56.54256683524233
6.645714285714286,-0.2979285890040361,1.967553934604328,56.87387294697918
6.655,-0.2939455241463742,1.954064224169862,57.20587549261008
6.664285714285715,-0.2903409481228909,1.942841808893502,57.53806452163195
6.673571428571428,-0.2870972636757353,1.933787498031268,57.86972117537291
6.682857142857142,-0.2841178095297346,1.92627241313324,58.20035344949905
6.692142857142857,-0.2812727648076548,1.919444951019666,58.52999974497968
6.701428571428572,-0.2784625458513929,1.912658781000675,58.85923730231708
6.710714285714285,-0.2756638387091589,1.905786580141508,59.18889547730402
6.72,-0.2729337626878642,1.89924998363471,59.51963454427065
6.729285714285714,-0.2703709893334561,1.893753419318646,59.85162139318895
6.738571428571428,-0.2680559658887121,1.889870695612487,60.18447707885624
6.747857142857143,-0.2660030753777669,1.887710824074256,60.51752090173816
6.757142857142856,-0.2641502231387632,1.886843396638889,60.85017452936834
6.766428571428571,-0.2623904712901617,1.886520774212128,61.18230448223542
6.775714285714286,-0.2606275296580973,1.886072564136233,61.5143171936509
6.785,-0.2588244551375906,1.885255240573805,61.84695754960662
6.794285714285714,-0.2570193032467454,1.884366506210381,62.18092412909731
6.803571428571428,-0.2552999970155108,1.884064525637336,62.51651310980009
6.812857142857142,-0.2537529697519114,1.884993736572253,62.85348464143968
6.822142857142857,-0.252414000127825,1.887422997126503,63.19122213040136
6.831428571428572,-0.2512477963971283,1.891092905333581,63.52909487860712
6.840714285714286,-0.2501667241590143,1.895353580627312,63.86682474786802
6.85,-0.2490776708623482,1.899515379663603,64.20465684140176
6.859285714285714,-0.2479310383840508,1.903219340902454,64.5432425139319
6.868571428571428,-0.2467452282777886,1.906624725745185,64.8833008907871
6.877857142857143,-0.2455938208981023,1.91031261038034,65.22524564319235
6.887142857142857,-0.2445631663232019,1.914960448436645,65.56898111664017
6.896428571428571,-0.243704001843241,1.920966935874237,65.91397773660586
6.905714285714286,-0.2430034537270937,1.92823211713374,66.25958358863605
6.915,-0.2423921934872826,1.936211728930107,66.60540071256868
6.924285714285714,-0.2417821830721335,1.944214594636327,66.95152025539967
6.933571428571429,-0.2411139474827892,1.951779220988577,67.29848863306748
6.942857142857142,-0.240387521812583,1.958923117017837,67.64702460273104
6.952142857142857,-0.2396605485885657,1.966129088816293,67.99764342350112
6.961428571428572,-0.2390151557001031,1.974077484269064,68.35039418108552
6.970714285714286,-0.2385121813433669,1.983272103262174,68.7048532002626
6.98,-0.2381578345641409,1.993764624492234,69.06037587726739
6.989285714285714,-0.2379006657309354,2.005127678900826,69.41646829274922
6.998571428571428,-0.2376599602441084,2.0166904480415,69.77307503821879
7.007857142857143,-0.2373695989676467,2.027907070525198,70.13062598318764
7.017142857142857,-0.2370132880388693,2.038655674642645,70.48981708511459
7.026428571428572,-0.2366321378798326,2.049304440807294,70.85124619794296
7.035714285714286,-0.2363009220573302,2.060509351710113,71.21510383776703
7.045,-0.2360864471678201,2.072855268152669,71.58108792844469
7.054285714285714,-0.2360109632327151,2.086537127291476,71.94858844587645
7.063571428571429,-0.2360404166021914,2.101255522157718,72.31704032356724
7.072857142857142,-0.236103531153994,2.116383451946064,72.68625121519581
7.082142857142856,-0.2361308665963591,2.131312586691241,73.05652460326424
7.091428571428572,-0.2360923064357761,2.145789011558331,73.42851098501164
7.100714285714286,-0.2360125951435566,2.160054329936018,73.80286912612311
7.11,-0.2359567928550534,2.17471509523987,74.17992344476959
7.119285714285714,-0.235994019430884,2.190412614753054,74.55950526807609
7.128571428571428,-0.23615954796863,2.207474251687759,74.94106461104437
7.137857142857142,-0.2364358940328451,2.225737165598847,75.32399104363019
7.147142857142857,-0.2367629073090705,2.244641028729998,75.70796786502684
7.156428571428572,-0.2370709623877135,2.263539016609286,76.09316542493815
7.165714285714285,-0.2373188633660535,2.282056563198055,76.48016740919464
7.175,-0.2375157548223263,2.300300950435677,76.86967044916089
7.184285714285714,-0.2377153191306382,2.318806680594101,77.26212193672305
7.193571428571429,-0.2379858022673164,2.338246645473425,77.65749475241492
7.202857142857143,-0.238372529516812,2.359067443018584,78.05532241750328
7.212142857142856,-0.2388734240922143,2.381248681951752,78.45497555973891
7.221428571428572,-0.239440678735266,2.404318407937554,78.85602844508696
7.230714285714286,-0.2400073264377472,2.42761669506904,79.25851464714991
7.24,-0.240523922612726,2.450663204238268,79.6629312071229
7.249285714285715,-0.2409852248320888,2.47342696515617,80.06998847977077
7.258571428571428,-0.2414324510684593,2.496349979762824,80.48024268793185
7.267857142857142,-0.2419301920763969,2.520111335266512,80.89381282653342
7.277142857142857,-0.242530884445242,2.545260910635767,81.31033742554065
7.286428571428572,-0.2432463604559264,2.571923388368798,81.72919537054705
7.295714285714286,-0.2440418833588162,2.599735180442104,82.14987032747241
7.305,-0.2448556431738945,2.628049689403611,82.57225916109749
7.314285714285714,-0.2456327904750444,2.656299105137061,82.99675465256915
7.323571428571428,-0.2463552886169942,2.684314359636359,83.42405620929465
7.332857142857143,-0.2470513521892701,2.712427135743206,83.85481177763243
7.342142857142856,-0.2477795583643563,2.741297202414967,84.28928732773939
7.351428571428571,-0.2485965920676899,2.771559139167802,84.72724559138115
7.360714285714286,-0.2495264026320626,2.8034818611571,85.16810134501077
7.37,-0.2505475659718554,2.836827974330701,85.61126907271063
7.379285714285714,-0.2516055330475132,2.870991177288615,86.05651289750917
7.388571428571428,-0.2526428156046546,2.90533758156171,86.50410637860247
7.397857142857142,-0.2536304582452135,2.939564182388108,86.95471327485235
7.407142857142857,-0.2545836148867452,2.973877257278537,87.40905356896009
7.416428571428572,-0.2555528992146769,3.008891727596475,87.86753758938011
7.425714285714286,-0.256596490092488,3.045305636211072,88.33006932458726
7.435,-0.2577484182090974,3.083527654441694,88.79612782899325
7.444285714285714,-0.2590003694807688,3.123462111882898,89.26508343361211
7.453571428571428,-0.2603067832905711,3.164570691484995,89.73657629592205
7.462857142857143,-0.2616102269085266,3.206178635595245,90.21074939682765
7.472142857142857,-0.262873003923746,3.247858458196551,90.68820672615247
7.481428571428571,-0.2640976871197837,3.289680273226282,91.16971795617977
7.490714285714286,-0.2653254757343359,3.332190057622836,91.65583077585055
7.5,-0.266613493537206,3.376126253273906,92.14660379665671
7.509285714285714,-0.26800362920516,3.422029097913516,92.64160772787751
7.518571428571429,-0.2695000042855035,3.469956905871415,93.14019593468812
7.527857142857143,-0.2710672738962517,3.519466199162203,93.64189747016788
7.537142857142857,-0.2726504881145186,3.56986870757853,94.14671714553695
7.546428571428572,-0.2742054789222166,3.620625863245746,94.65517655419251
7.555714285714286,-0.2757230925881702,3.671664395623795,95.16807140755964
7.565,-0.2772340929645526,3.723438456528409,95.68607685925164
7.574285714285714,-0.2787922356922244,3.776702227713511,96.20941723950469
7.583571428571428,-0.2804449579295906,3.832116164054708,96.73778258863214
7.592857142857143,-0.2822077975609333,3.889902400877912,97.27053987786493
7.602142857142858,-0.2840564659072486,3.949739520912534,97.80712512078533
7.611428571428572,-0.2859407408490654,4.010956875607848,98.34740199151284
7.620714285714286,-0.2878124097115985,4.072924166326959,98.89178889238845
7.63,-0.2896518890972763,4.135423181891237,99.44108219915728
7.639285714285714,-0.2914789954924949,4.198796405817505,99.99607049734324
7.648571428571429,-0.2933421179724534,4.263788584982586,100.5571508295671
7.657857142857144,-0.2952918930437065,4.331165970020728,101.1241585938619
7.667142857142857,-0.2973538913902118,4.401321095445151,101.6965068214829
7.676428571428572,-0.299515235335063,4.474080833090912,102.2735611315149
7.685714285714286,-0.3017323348858117,4.548825756423517,102.8550460968786
7.695,-0.3039553491922923,4.624858405305304,103.4412591133822
7.704285714285714,-0.3061558858708033,4.701819851287421,104.0329715485102
7.713571428571428,-0.3083427827891614,4.779924989023579,104.6310684387628
7.722857142857143,-0.3105574419413827,4.859884742106039,105.2361230496961
7.732142857142858,-0.3128514261199072,4.942554938598112,105.8481405289852
7.741428571428572,-0.31525869818195,5.028502744991981,106.4666139469429
7.750714285714285,-0.3177777059409814,5.117729003834254,107.0908653867877
7.76,-0.3203730184429222,5.209701694397943,107.7204873044958
7.769285714285714,-0.3229954753578065,5.303686052509693,108.3556416632971
7.778571428571428,-0.3256097135835112,5.399192744539996,108.9970496867577
7.787857142857144,-0.3282139823868679,5.49629781262894,109.6456740234887
7.797142857142857,-0.3308414745171739,5.595655977785603,110.3022653369619
7.806428571428571,-0.3335425792723462,5.698196325059917,110.9670223215913
7.815714285714286,-0.3363578939665047,5.804664662775657,111.6395543950836
7.825,-0.339296803480754,5.91526343317898,112.3191716242938
7.834285714285715,-0.3423332855840205,6.029589561067325,113.0053462357408
7.843571428571428,-0.3454211137737324,6.146908999645546,113.6980930582566
7.852857142857143,-0.348520026583084,6.266621115134767,114.3980572381385
7.862142857142858,-0.3516184969952204,6.38865869868228,115.1062564506122
7.871428571428572,-0.3547406825780655,6.513601357068107,115.8236154716421
7.880714285714286,-0.3579338631413271,6.642435671490097,116.5505478437984
7.89,-0.3612433630537334,6.776089976306917,117.286816746758
7.899285714285714,-0.3646887447539799,6.914997896950868,118.0317561401892
7.908571428571428,-0.3682542689249155,7.05893269087959,118.7847354654943
7.917857142857144,-0.3718987407722585,7.20720867005249,119.5456146760844
7.927142857142858,-0.3755792468656519,7.35914443471215,120.314937384094
7.936428571428571,-0.3792757338148448,7.514535693496733,121.0937507198528
7.945714285714286,-0.3830029940002811,7.673875891994471,121.8831457096384
7.955,-0.3868035844954588,7.838198546774435,122.6837684777977
7.964285714285714,-0.3907256679914778,8.008622810136863,123.4955726306771
7.973571428571428,-0.3947979798177258,8.18584931684248,124.3179539730218
7.982857142857143,-0.3990156162377123,8.369885017094317,125.1501995841192
7.992142857142857,-0.4033443446071233,8.560154025413254,125.9920080552553
8.001428571428571,-0.4077409786551028,8.755940600389351,126.8437935567027
8.010714285714286,-0.4121786020008122,8.956924942162653,127.7066007330797
8.02,-0.4166628309395237,9.163516286982398,128.5816703200813
8.029285714285715,-0.4212302758971171,9.376794916990942,129.4698901978005
8.038571428571428,-0.425930140929417,9.598088437433907,130.3714344315683
8.047857142857143,-0.4307991132640864,9.828410965881982,131.2857940869272
8.057142857142857,-0.4358433029515022,10.06807422875863,132.2121903582545
8.066428571428572,-0.4410370648740056,10.3166906034095,133.150148385431
8.075714285714286,-0.4463392658085542,10.57357538502222,134.0999160749112
8.085000000000001,-0.4517180302743213,10.83833375318948,135.062491293724
8.094285714285714,-0.4571704066860676,11.11131030311391,136.0392335106328
8.103571428571428,-0.4627262306304697,11.39364857682457,137.0312668175688
8.112857142857143,-0.4684341501171788,11.68691977516391,138.0390016623802
8.122142857142858,-0.4743375385128019,11.99251846800455,139.0620434348003
8.131428571428572,-0.4804535070336298,12.31115683822153,140.0995469390271
8.140714285714285,-0.486766468776865,12.64274192554395,141.1508293853979
8.15,-0.4932397067867473,12.98671430851292,142.2159060641446
8.159285714285714,-0.499838553560737,13.34267155107314,143.2956472894416
8.168571428571429,-0.5065524720041635,13.71093628808333,144.3914587414397
8.177857142857144,-0.5134039749396135,14.09275120567191,145.504650930178
8.187142857142858,-0.5204395602426305,14.48998368696781,146.6358409608161
8.196428571428571,-0.5277076885652249,14.90449346193623,147.7847199219846
8.205714285714286,-0.5352358881925562,15.33750811453642,148.9503236281188
8.215,-0.5430194934923229,15.78935588924657,150.1316674412713
8.224285714285713,-0.5510281176305805,16.25971556443691,151.3283987602973
8.233571428571429,-0.5592262534292403,16.74825869575843,152.5411006505516
8.242857142857144,-0.567596690400637,17.25533600831971,153.7710644655215
8.252142857142857,-0.5761539288711358,17.78232469248154,155.0196415050386
8.261428571428572,-0.5849402754399264,18.33143238848847,156.2875226483089
8.270714285714286,-0.5940067918809807,18.90505199923121,157.5743447995244
8.279999999999999,-0.6033895363054115,19.50501523463203,158.8788512416982
8.289285714285715,-0.6130940651049185,20.13215950417644,160.1995295926374
8.298571428571428,-0.6230966036413317,20.78645991781009,161.5353808603769
8.307857142857143,-0.633361161519028,21.4676687241479,162.886387837248
8.317142857142857,-0.6438631559797716,22.17611644345808,164.2534055374397
8.326428571428572,-0.6546065639002542,22.91322555727231,165.6375127487639
8.335714285714285,-0.6656251784930851,23.68143420161548,167.0391689157542
8.345000000000001,-0.6769672493953039,24.48354921598446,168.4576415198819
8.354285714285714,-0.6886718616305197,25.32186902341276,169.8910321861938
8.363571428571428,-0.7007498926816403,26.19755703205927,171.3369040240773
8.372857142857143,-0.7131798448600097,27.11062112909187,172.7931742724473
8.382142857142858,-0.7259206943859287,28.06052447424744,174.2587744959554
8.391428571428571,-0.738934589082158,29.04709483801226,175.7336941943926
8.400714285714287,-0.7522068408460507,30.07121631518162,177.2183604524598
8.41,-0.7657521384339216,31.13489058108945,178.7126835283385
8.419285714285714,-0.7796034450075429,32.24059717456434,180.2153021824022
8.428571428571429,-0.7937895153256362,33.39027724491622,181.7234708558166
8.437857142857144,-0.808313182225133,34.5844908549086,183.2336853227226
8.447142857142858,-0.8231421292807191,35.82222063298251,184.7427300904027
8.456428571428571,-0.8382170378994812,37.10144561747225,186.2485807418736
8.465714285714286,-0.8534725079081698,38.42017478229781,187.7506574789542
8.475,-0.8688591797075333,39.77735517472384,189.2492812165811
8.484285714285715,-0.884354846829828,41.17312092779304,190.744639329904
8.493571428571428,-0.8999584046092847,42.60821099275126,192.2358651535336
8.502857142857144,-0.915669926032699,44.08285861549514,193.7207959795214
8.512142857142857,-0.9314678117135664,45.59577561850164,195.196608930467
8.521428571428572,-0.9472956301164244,47.14383064002328,196.6610394947201
8.530714285714286,-0.9630660346817598,48.72265231414935,198.1135412231896
8.539999999999999,-0.9786798747475051,50.32787210213586,199.5557525358835
8.549285714285714,-0.9940503695642766,51.95634889674626,200.9910096474325
8.558571428571428,-1.009119505147239,53.60671166761569,202.4231821064718
8.567857142857143,-1.023858143888005,55.27893470570386,203.8555021364462
8.577142857142858,-1.038250344487602,56.97321468395853,205.2900766082779
8.586428571428572,-1.052271123377293,58.68883376738948,206.728390262014
8.595714285714287,-1.065870538015625,60.42372569690535,208.1725384842971
8.605,-1.078973527117237,62.17508163642836,209.6264890016555
8.614285714285714,-1.091496291065817,63.94074369888406,211.0966211371895
8.623571428571429,-1.103370879163567,65.72066855004378,212.5911725269517
8.632857142857143,-1.114565073696542,67.51767533437646,214.1188310494412
8.642142857142856,-1.125087152737702,69.33707294320716,215.6871992292391
8.651428571428571,-1.134973318144897,71.18538275718602,217.3019449253607
8.660714285714286,-1.144264977121951,73.06888448618301,218.9670789607168
8.67,-1.152988487840528,74.99282361696257,220.6861706953653
8.679285714285713,-1.161148455029513,76.9617589841431,222.4637752743674
8.688571428571429,-1.168738057408225,78.98088846656934,224.3062058418788
8.697857142857144,-1.175760402035525,81.05762294543696,226.2211320658918
8.707142857142857,-1.182248744099243,83.20250852639651,228.2161414748781
8.716428571428573,-1.18827396262536,85.42893438089831,230.2969991887524
8.725714285714286,-1.193934632068723,87.75173170729641,232.4665429293546
8.734999999999999,-1.199334542195995,90.18540091571361,234.7248296539479
8.744285714285713,-1.20455935892813,92.74294577874529,237.0704718573932
8.753571428571428,-1.209664550142639,95.43599764212581,239.5024295791767
8.762857142857143,-1.214680524220602,98.27622097622346,242.0212317233648
8.772142857142857,-1.21963155223594,101.2772700459914,244.6288703090133
8.781428571428572,-1.224557591941566,104.4562207743313,247.3273227854617
8.790714285714287,-1.229526656121074,107.8336495994309,250.1164310575132
8.800000000000001,-1.234630650845862,111.4322633510152,252.9922644124408
8.809285714285712,-1.239966735759721,115.2748111028356,255.9468713906857
8.818571428571428,-1.24561422189917,119.3824695493563,258.9695739594568
8.827857142857143,-1.251619482273517,123.774705992126,262.049065636854
8.837142857142856,-1.257997000127508,128.4708458692501,265.1750360705993
8.846428571428572,-1.264745922861044,133.4925982982263,268.3381943718542
8.855714285714287,-1.271873100361695,138.8661671138419,271.5283774294518
8.865,-1.279410119036176,144.6226923779528,274.7314929144324
8.874285714285714,-1.287415170945807,150.796624221783,277.9267585865501
8.883571428571429,-1.295958895618928,157.4227882593617,281.0856131113256
8.892857142857144,-1.305102068514573,164.5337100693091,284.1727692809052
8.902142857142856,-1.314877430315018,172.1587194487917,287.1486069925456
8.911428571428571,-1.325285674727654,180.3253857907367,289.9711676338185
8.920714285714286,-1.336307904252501,189.062405008241,292.5960118480044
8.93,-1.347927917686646,198.4019666312195,294.9732629554178
8.939285714285713,-1.360152358392781,208.3795865254348,297.0427734654193
8.948571428571428,-1.373017919060518,219.0305547949872,298.7296037385983
8.957857142857144,-1.386581831866428,230.383950449407,299.9420791770856
8.967142857142857,-1.400900946309754,242.4565815507398,300.5734079560908
8.976428571428572,-1.416010877678201,255.2492953759815,300.5058188743959
8.985714285714288,-1.431916651602702,268.7466164391082,299.6145944094267
8.994999999999999,-1.448600023541351,282.9183106141982,297.7693404827248
9.004285714285713,-1.46603960771429,297.7196568860323,294.8316785181635
9.013571428571428,-1.484232999806994,313.0872904032814,290.6513986753773
9.022857142857143,-1.50320898354873,328.9298044796785,285.065233499843
9.032142857142857,-1.523023273650979,345.1157417543447,277.9022138452979
9.041428571428572,-1.5437401649013,361.464073583634,268.9967501001068
9.050714285714287,-1.565410092548388,377.7419477328189,258.2065640306267
9.06,-1.588055326065312,393.6711464921069,245.4299050547007
9.069285714285714,-1.611671625033562,408.9402387069573,230.6172033156239
9.078571428571429,-1.636245060551815,423.2169838156909,213.7763722419015
9.087857142857143,-1.661775000687474,436.1573475841458,194.9756088520541
9.097142857142856,-1.688290903436993,447.4126276714975,174.348921538795
9.106428571428571,-1.715853881716382,456.6407135492927,152.1059228498522
9.115714285714287,-1.744542223603961,463.5271837639314,128.5408791182025
9.125,-1.774428728314839,467.8158688758146,104.0317748537002
9.134285714285713,-1.805562161230139,469.3405553480468,79.02245395346525
9.143571428571429,-1.837962940111751,468.0458758469949,53.98916941300733
9.152857142857144,-1.87163551803144,463.9896015196521,29.4014170685881
9.162142857142857,-1.906590934248767,457.327850859337,5.689299516740353
9.171428571428571,-1.942867498188981,448.292252327722,-16.77573957055728
9.180714285714286,-1.980538533386971,437.1686317243968,-37.68851990626031
9.19,-2.019703048048465,424.2810816484259,-56.8128510839866
9.199285714285713,-2.060464395571274,409.9787493841229,-73.98475577071258
9.208571428571428,-2.102908488433656,394.6205055911939,-89.11614951926666
9.217857142857143,-2.147093427306573,378.555711769583,-102.1946660523667
9.227142857142857,-2.193056332977822,362.104226527743,-113.2755582272819
9.236428571428572,-2.24083396301142,345.5413159513307,-122.4656414614005
9.245714285714287,-2.290486278490055,329.0915335442212,-129.9035793428401
9.255000000000001,-2.342110484546291,312.9314928481255,-135.7423295151764
9.264285714285712,-2.395838118982636,297.1978032571506,-140.1376750056389
9.273571428571428,-2.451816834120843,281.995381180254,-143.2431782388091
9.282857142857143,-2.51018675781101,267.4029657844102,-145.2089898689636
9.292142857142856,-2.571064308429522,253.4754649640515,-146.1811773014635
9.301428571428572,-2.634542458308863,240.2449015887969,-146.2995126541327
9.310714285714287,-2.70070773323582,227.7221888040747,-145.6937435297721
9.32,-2.769665315502507,215.9009086106249,-144.4798680989286
9.329285714285714,-2.841559234983112,204.7626843215726,-142.7581306467571
9.338571428571429,-2.916577161597349,194.2826601389991,-140.6135327265026
9.347857142857144,-2.994937463970169,184.4335391190299,-138.1183737297804
9.357142857142856,-3.07686566900164,175.187430899337,-135.3354740310386
9.366428571428571,-3.162573209203273,166.5158399942963,-132.3206903337422
9.375714285714286,-3.252250300082893,158.3888626956985,-129.1239930923877
9.385,-3.346077460296444,150.7747285875112,-125.7892731214727
9.394285714285713,-3.444250400655242,143.6403078054854,-122.3536719095731
9.403571428571428,-3.54700590882424,136.9524820831508,-118.8473176156832
9.412857142857144,-3.654635722798532,130.6797552061102,-115.2939561560132
9.422142857142857,-3.767481629550517,124.7933846622228,-111.712385225911
9.431428571428572,-3.885914927033927,119.2676216457323,-108.1181595049258
9.440714285714288,-4.010311762586948,114.0791273591765,-104.5249391216762
9.449999999999999,-4.141038288395108,109.2060147840452,-100.9450957751495
9.459285714285713,-4.278454728224173,104.6270662490355,-97.38959554688158
9.468571428571428,-4.422937786942893,100.321489291056,-93.86751331059628
9.477857142857143,-4.574911331329075,96.2692359204601,-90.38564192577029
9.487142857142857,-4.734870874443333,92.45161515939341,-86.9485217566709
9.496428571428572,-4.90339047361317,88.85181495453371,-83.55893900560871
9.505714285714287,-5.081109722013956,85.45504546666474,-80.2186826737026
9.515000000000001,-5.268708954358956,82.2482429386456,-76.92923447910346
9.524285714285714,-5.466887207720518,79.21950053485907,-73.69213043412256
9.533571428571427,-5.676356509830884,76.35750685687329,-70.50891985692883
9.542857142857143,-5.897858092856,73.65123316609213,-67.38084743886149
9.552142857142856,-6.132195091408343,71.08995768739665,-64.30849609346808
9.561428571428571,-6.380267706814314,68.66354023628359,-61.29160997652365
9.570714285714287,-6.643095059788044,66.36275092567433,-58.3291952148131
9.58,-6.921813973816518,64.1794567648772,-55.41984330262779
9.589285714285714,-7.217655735978497,62.10656509027514,-52.56211624724671
9.598571428571429,-7.531911947211264,60.13775497809379,-49.75481832572672
9.607857142857144,-7.865904584718742,58.26712866205743,-46.99705204437513
9.617142857142857,-8.22097086001634,56.48893980188597,-44.28806958534393
9.626428571428571,-8.598461838903157,54.79750184883196,-41.62702587424297
9.635714285714286,-8.99973969318064,53.18728319590041,-39.01277246593807
9.645,-9.426147232726878,51.65310739375607,-36.44379474457093
9.654285714285713,-9.878918331146718,50.19033706375262,-33.91831422629425
9.663571428571428,-10.35899833435204,48.79494207355414,-31.43449601940354
9.672857142857143,-10.86674481515081,47.4634187943881,-28.99065706477418
9.682142857142857,-11.40147456645817,46.19260194439907,-26.58538028602109
9.691428571428572,-11.96080834456654,44.97945781495771,-24.21749288290227
9.700714285714287,-12.53974479006527,43.82094851029365,-21.88593420283163
9.710000000000001,-13.12939051960739,42.71401584922669,-19.58958723051416
9.719285714285714,-13.71533618102504,41.65567411443688,-17.3271573417351
9.728571428571428,-14.27589214062445,40.64315199403236,-15.09715220917688
9.737857142857143,-14.7808936399163,39.67400701724333,-12.89796504008938
9.747142857142856,-15.19252207995443,38.74615531801,-10.7280151753966
9.756428571428572,-15.4700119496519,37.8578035844959,-8.585877017597195
9.765714285714287,-15.57893455671597,37.00731652542348,-6.470338627955579
9.775,-15.50220957307191,36.19308083653608,-4.380367700719156
9.784285714285716,-15.2466088245824,35.41342448468297,-2.315006471870456
9.793571428571429,-14.84015368615984,34.66662140967732,-0.2732481490490444
9.802857142857144,-14.32231525268366,33.95097125297424,1.746047305067991
9.812142857142856,-13.73332900396586,33.26491030050423,3.744161376596207
9.821428571428571,-13.10732773571996,32.60709795951082,5.7224491307877
9.830714285714286,-12.46996364908437,31.97643696720836,7.682230087540397
9.84,-11.83890292310953,31.37201776411037,9.624690261961456
9.849285714285715,-11.22545695485546,30.79301281491984,11.55084089709839
9.858571428571429,-10.6363222991681,30.23856908483252,13.46155203321612
9.867857142857144,-10.07502689250571,29.70774669879623,15.35764419321441
9.877142857142857,-9.543013475442075,29.19952973238274,17.23999502403354
9.886428571428572,-9.040412892352732,28.71290151445754,19.10961145547213
9.895714285714288,-8.56657974587187,28.24694708774197,20.96763439257987
9.904999999999999,-8.120449342541351,27.800933072787,22.81527454656208
9.914285714285715,-7.70075932632871,27.37432582668362,24.65371028561451
9.923571428571428,-7.306171155744174,26.96673772717033,26.48399645210324
9.932857142857143,-6.935324213153432,26.57782539518987,28.30702839761892
9.942142857142857,-6.58685380301825,26.20718690364653,30.12357990822258
9.951428571428572,-6.259399339865838,25.85430644319126,31.93439884077858
9.960714285714287,-5.951619417167143,25.51857337742138,33.74031632977712
9.970000000000001,-5.662218242658076,25.19936764019542,35.54231773953826
9.979285714285716,-5.389977139032861,24.89617116756342,37.34154047737899
9.988571428571428,-5.133779289517133,24.60865109046004,39.13919821259066
9.997857142857143,-4.892617384611439,24.33667230312943,40.93646707758987
10.00714285714286,-4.665580982112217,24.08023016463365,42.73438956932849
10.01642857142857,-4.451829404423508,23.83933324426625,44.53384549718724
10.02571428571429,-4.250562322228182,23.61389221653085,46.33560829409669
10.035,-4.061000709961364,23.40367067805992,48.1404633879263
10.04428571428572,-3.882385393976609,23.20832554436079,49.94933315169902
10.05357142857143,-3.7139916580206,23.02752117348488,51.76334676770119
10.06285714285714,-3.555150594582362,22.86106330744548,53.58381785665804
10.07214285714286,-3.405264852027732,22.70898589335175,55.41213754255999
10.08142857142857,-3.263809544591329,22.57154411809008,57.24963428654107
10.09071428571429,-3.1303167433501,22.44911238067819,59.09747193557668
10.1,-3.004350287442715,22.34203479636716,60.95664216414025
10.10928571428571,-2.885482479061114,22.25050332548176,62.8280623900506
10.11857142857143,-2.773283179836728,22.17452921208878,64.71273652306044
10.12785714285714,-2.667325503935892,22.11402941584191,66.61190064211118
10.13714285714286,-2.567203936051396,22.06899141607759,68.52707847966884
10.14642857142857,-2.472554525093521,22.03963647025243,70.46001380763067
10.15571428571429,-2.383065930975472,22.02649695106028,72.41250931969171
10.165,-2.298474951644842,22.03036302445302,74.38625299889794
10.17428571428571,-2.218548226296428,22.05211998113557,76.3827253163121
10.18357142857143,-2.1430589452619,22.09255704678499,78.40324459896981
10.19285714285714,-2.071769938605835,22.15224961581132,80.44913903767625
10.20214285714286,-2.004431186319027,22.23158559690829,82.52196599127512
10.21142857142857,-1.940792338435495,22.33093543748616,84.62366845701001
10.22071428571429,-1.880623109541514,22.45088905221662,86.7565841530551
10.23,-1.823730407150776,22.59244173024072,88.92329551515495
10.23928571428572,-1.76996283846871,22.7570301061145,91.12639374171341
10.24857142857143,-1.719199884879304,22.946393001337,93.36828211584263
10.25785714285714,-1.67133107023125,23.16232495706272,95.65113262311495
10.26714285714286,-1.626235679624179,23.40645411449522,97.97703652977016
10.27642857142857,-1.583773285824188,23.68017423637808,100.3482885921445
10.28571428571429,-1.543789681931418,23.98478877803765,102.7676679457864
10.295,-1.506134765785338,24.32181585229839,105.2385698638684
10.30428571428572,-1.470682684120346,24.69331259424037,107.7649122087806
10.31357142857143,-1.437343392138361,25.10205671262745,110.350857496382
10.32285714285714,-1.406059331721078,25.55148929498356,113.0004962021995
10.33214285714286,-1.376788793970807,26.04544742078207,115.717671045299
10.34142857142857,-1.349484565580841,26.58783493375188,118.5060610204171
10.35071428571429,-1.324078953840269,27.18242940461069,121.3695130015482
10.36,-1.300482930003364,27.83296981142259,124.3124727800968
10.36928571428571,-1.27859969507109,28.54353247533891,127.3403000056303
10.37857142857143,-1.258345369879363,29.31904938914733,130.459296154829
10.38785714285714,-1.239665751868448,30.16573625153639,133.676417750182
10.39714285714286,-1.222540162945752,31.09123191820187,136.998819085184
10.40642857142857,-1.206970253037144,32.10439941651981,140.4334773085726
10.41571428571429,-1.192959606530838,33.21493035798436,143.9871319026568
10.425,-1.180494890147039,34.43302865029452,147.6666192506178
10.43428571428571,-1.169538485418114,35.76944691513184,151.4794708825909
10.44357142857143,-1.16003648474231,37.23599724927496,155.4344809512223
10.45285714285714,-1.151937798429193,38.84642450152536,159.5419297196302
10.46214285714286,-1.145214219493354,40.61733599238498,163.8133020574031
10.47142857142857,-1.139870758849865,42.56884044049014,168.2605974439005
10.48071428571429,-1.135940702821864,44.72470246317025,172.8955579863369
10.49,-1.13346794698839,47.1121051229272,177.7292106006649
10.49928571428571,-1.132485923533676,49.76138917847562,182.771969457757
10.50857142857143,-1.133004265129622,52.70625074510223,188.0342288168425
10.51785714285714,-1.135010260301759,55.98474576215651,193.5270448399311
10.52714285714286,-1.138484308964285,59.64111059397063,199.2623368545753
10.53642857142857,-1.143421127988436,63.72802463272306,205.252147697289
10.54571428571429,-1.14984534176515,68.3087249658972,211.506862663789
10.555,-1.157813000114081,73.45848487693043,218.0327208105132
10.56428571428571,-1.16739798538067,79.26537866367033,224.8292106936178
10.57357142857143,-1.178670281364869,85.83078850621057,231.8868294439547
10.58285714285714,-1.191677430089454,93.27047442086986,239.1851712474881
10.59214285714286,-1.206438888321425,101.7169658879747,246.6905782889984
10.60142857142857,-1.222956265389805,111.3234529946058,254.3519640517897
10.61071428571429,-1.2412341330783,122.2684143635969,262.0932397366742
10.62,-1.261300639405951,134.7592857042883,269.8011900139588
10.62928571428571,-1.283217452374807,149.032937881735,277.3084918326696
10.63857142857143,-1.307074498505948,165.3507511863181,284.3724126438401
10.64785714285714,-1.33297342645767,183.9863624303888,290.6500921890437
10.65714285714286,-1.361010222731362,205.2040051572854,295.6710788825691
10.66642857142857,-1.391268448597046,229.2238742118391,298.8075780203918
10.67571428571429,-1.423829532384731,256.1676935717547,299.2443302270407
10.685,-1.458798013727769,285.9737408063632,295.9557487516399
10.69428571428571,-1.496332029863271,318.2699803178073,287.7102833032907
10.70357142857143,-1.536666647109452,352.2044951083528,273.140179148742
10.71285714285714,-1.580121322977426,386.2638462684236,250.9296621465959
10.72214285714286,-1.627090956439541,418.1649417094146,220.1631877234711
10.73142857142857,-1.678028404813869,444.960682482619,180.8063358703822
10.74071428571429,-1.733430656515671,463.4886425975993,134.1591583422408
10.75,-1.793838875975614,471.1427857265254,83.00135809238161
10.75928571428571,-1.859855408428015,466.693268148959,31.19571071940088
10.76857142857143,-1.932172345867469,450.7281093630249,-17.19600820371477
10.77785714285714,-2.011600880999244,425.4539677582831,-58.89302552645671
10.78714285714286,-2.099091241877855,393.9822559619889,-92.01350292258635
10.79642857142857,-2.195739241311387,359.4961185908793,-116.1387589465942
10.80571428571429,-2.302784188910203,324.6473650590906,-131.9610561669313
10.815,-2.421609644927565,291.3016994797294,-140.7883431164306
10.82428571428571,-2.553759856996387,260.5599498455201,-144.1165746216882
10.83357142857143,-2.700980116368381,232.9204325514852,-143.3533598712861
10.84285714285714,-2.86528115238004,208.4733517017712,-139.6850965303591
10.85214285714286,-3.049020298283144,187.0682517708128,-134.0433376518206
10.86142857142857,-3.254989455815141,168.435102857927,-127.1252610005757
10.87071428571429,-3.486503619778931,152.2612833467513,-119.4357171822685
10.88,-3.747492699639677,138.2349904086427,-111.3319485460547
10.88928571428571,-4.042610183852375,126.0665029007721,-103.0622316554865
10.89857142857143,-4.377381135657415,115.4965145412336,-94.79592446727355
10.90785714285714,-4.758417274696269,106.2978059955066,-86.64555921583246
10.91714285714286,-5.1937300479355,98.27393251310744,-78.68277068662404
10.92642857142857,-5.693178994367286,91.25676001286543,-70.94987814604799
10.93571428571429,-6.269111468655488,85.10359747978822,-63.46849528531232
10.945,-6.937294734306566,79.69417308579405,-56.2460318407341
10.95428571428571,-7.718336153799191,74.92755691296932,-49.28057119844353
10.96357142857143,-8.63998091151935,70.71914385084987,-42.56440756216127
10.97285714285714,-9.74108985224759,66.99784272462792,-36.08646479810383
10.98214285714286,-11.07906263818189,63.70361079122805,-29.83382696070985
10.99142857142857,-12.74499900692443,60.78542077933513,-23.79262626662756
11.00071428571429,-14.89862748529275,58.19967453821035,-17.94852393791577
11.01,-17.86424931889414,55.90901188714511,-12.28697749618172
11.01928571428571,-22.48063438776311,53.8814236404053,-6.793427500187531
11.02857142857143,-32.06550663045736,52.08956766873317,-1.453474881642902
11.03785714285714,-28.49693776047123,50.51019955695872,3.746930126945088
11.04714285714286,-21.00450257772159,49.1236546986302,8.821299570983083
11.05642857142857,-17.01709552208039,47.91334776209018,13.78244839537378
11.06571428571429,-14.35019222487158,46.86528277850505,18.64239535504126
11.075,-12.37771352362134,45.96758944908458,23.41234743697185
11.08428571428571,-10.83709792828756,45.21011617466071,28.10277467636453
11.09357142857143,-9.592799557864314,44.58411492967347,32.72356037548306
11.10285714285714,-8.565099645695739,44.08204463734653,37.28418902658829
11.11214285714286,-7.702697855311692,43.69749748544373,41.79391807468062
11.12142857142857,-6.970357994958438,43.42522087541197,46.26187866542658
11.13071428571429,-6.342685648505304,43.26117691500306,50.69707062051476
11.14,-5.800712741345726,43.20256610684169,55.1082562220831
11.14928571428571,-5.329879486307604,43.24775447989746,59.50380357107598
11.15857142857143,-4.918760258675817,43.39608602715119,63.89156299233832
11.16785714285714,-4.558213504563082,43.64762211368812,68.2788594739246
11.17714285714286,-4.240794410384538,44.00290095276451,72.67264235595177
11.18642857142857,-3.96034582592143,44.46282515728021,77.07976174807365
11.19571428571429,-3.711717585567633,45.02874744959591,81.50726959692213
11.205,-3.490577398763011,45.70274162523896,85.96260982665535
11.21428571428571,-3.293280713372526,46.48795217366158,90.45359330688842
11.22357142857143,-3.116770787420978,47.38886035280076,94.988146949417
11.23285714285714,-2.958487847566993,48.41132584673566,99.57394384698831
11.24214285714286,-2.816277643268674,49.56236547500868,104.2181029710138
11.25142857142857,-2.688301608399162,50.84977324487304,108.9271403034796
11.26071428571429,-2.572958750194129,52.2817982960396,113.7072450381473
11.27,-2.468830234417941,53.86711107089353,118.5647850692968
11.27928571428571,-2.374651527741554,55.61517678457042,123.5067978733711
11.28857142857143,-2.289307277883598,57.53695732932527,128.5411833998148
11.29785714285714,-2.211835959458748,59.645673927681,133.6764280878988
11.30714285714286,-2.141429025080652,61.95729323544622,138.920917915649
11.31642857142857,-2.077414258400005,64.49051147087852,144.2821331193985
11.32571428571429,-2.01922287970039,67.26627306050972,149.7661236773376
11.335,-1.966349762059221,70.30714901185954,155.3775585342728
11.34428571428571,-1.918320877646953,73.63705558929514,161.1203447082057
11.35357142857143,-1.874679368579329,77.28170218795717,166.9984589021439
11.36285714285714,-1.834992832175017,81.26982414375948,173.0164164306945
11.37214285714286,-1.79887408042659,85.63482871009589,179.1788728186347
11.38142857142857,-1.766001160101328,90.41619416092769,185.4892258596165
11.39071428571429,-1.736123239477588,95.6600107389426,191.9475954099309
11.4,-1.709046739202504,101.4184721595366,198.5489250857458
11.40928571428571,-1.684606794874535,107.7487371702963,205.2819261794888
11.41857142857143,-1.662637174097925,114.7120548721545,212.1291033175081
11.42785714285714,-1.642952887184709,122.3740707426631,219.0673503341691
11.43714285714286,-1.625353311410604,130.8066826006979,226.0679695296096
11.44642857142857,-1.609643038136078,140.09088847855,233.0948562760132
11.45571428571429,-1.595658419934205,150.3192304863064,240.1001921024619
11.465,-1.583284837748001,161.5962152359942,247.0180929726391
11.47428571428571,-1.572454659352975,174.035740139272,253.7576907992222
11.48357142857143,-1.563126164409071,187.7558387398659,260.1974261533425
11.49285714285714,-1.555253923718588,202.8722771027533,266.181546377304
11.50214285714286,-1.548765799911797,219.4928320968579,271.5181848572965
11.51142857142857,-1.543558363577556,237.7129267421892,275.9768293306132
11.52071428571429,-1.539512842419278,257.6109353827065,279.2826682187114
11.53,-1.536522842414441,279.2390978223688,281.1070734871242
11.53928571428571,-1.534518778741304,302.6053145491525,281.0570767876745
11.54857142857143,-1.533475637798054,327.6433799359748,278.6705036910972
11.55785714285714,-1.533399540950775,354.174188697505,273.4250905561356
11.56714285714286,-1.534299919535941,381.8660179063796,264.7676663975591
11.57642857142857,-1.536161879686062,410.2049811156794,252.1636192191561
11.58571428571429,-1.538933352880649,438.4849007393439,235.1603102784254
11.595,-1.542533840246907,465.8201206865374,213.455101763467
11.60428571428571,-1.546880072663082,491.1799896802148,186.9611726655591
11.61357142857143,-1.551914828454549,513.4449210710827,155.8685019494096
11.62285714285714,-1.557623357411988,531.4898373011152,120.6954083538081
11.63214285714286,-1.564028392877035,544.3015341387945,82.3144582232551
11.64142857142857,-1.571166165477041,551.1217242056942,41.92471467404313
11.65071428571429,-1.579056056252811,551.5809653292664,0.9481000775873074
11.66,-1.587680040698535,545.7722704568164,-39.1411946902734
11.66928571428571,-1.596982953158239,534.2287927664926,-77.00659842773827
11.67857142857143,-1.606893529976479,517.8132149968649,-111.5963672321334
11.68785714285714,-1.617355046864516,497.5656523776713,-142.2100123380955
11.69714285714286,-1.628349119017878,474.563688373408,-168.4880930122494
11.70642857142857,-1.639899762595045,449.8243454430568,-190.3578817774535
11.71571428571429,-1.652055319451347,424.2479808419482,-207.9679174042692
11.725,-1.664857732724403,398.5892659834548,-221.6277607325262
11.73428571428571,-1.678315539537824,373.4429508143952,-231.7539337456263
11.74357142857143,-1.692395087671247,349.2412573729662,-238.8187219262584
11.75285714285714,-1.7070348254382,326.2648017544393,-243.3026352736456
11.76214285714286,-1.722175170959334,304.6670581480813,-245.6560271782869
11.77142857142857,-1.737788025735675,284.5073343161439,-246.2755357422072
11.78071428571429,-1.753890031929156,265.7840044936118,-245.4968164941068
11.79,-1.770532263434244,248.4606187491804,-243.5997859559337
11.79928571428571,-1.78777165127175,232.4815689822345,-240.8195040713642
11.80857142857143,-1.805639314711178,217.7786877212949,-237.356184238211
11.81785714285714,-1.824122768498291,204.273096891608,-233.3808351279003
11.82714285714286,-1.84317168217406,191.8767871240977,-229.0367056728727
11.83642857142857,-1.862724318434945,180.4963903625701,-224.4391085132937
11.84571428571429,-1.882740643899254,170.0389646748172,-219.6764949766367
11.855,-1.903224371702016,160.4178252880028,-214.8142553077301
11.86428571428572,-1.924221957853253,151.5562258506806,-209.9007597040518
11.87357142857143,-1.945798842916059,143.3877959508426,-204.9737814734701
11.88285714285714,-1.968005464413766,135.8542460960999,-200.065272561355
11.89214285714286,-1.990851178923801,128.9020260116408,-195.203399067087
11.90142857142857,-2.014300163156348,122.4798012640409,-190.4121383183802
11.91071428571429,-2.03829171683225,116.537838909242,-185.7097955446742
11.92,-2.062774327436545,111.0292003226076,-181.1080213785815
11.92928571428572,-2.087735351997602,105.9116938972295,-176.6123132592622
11.93857142857143,-2.113210317759703,101.1492765471172,-172.2239866226568
11.94785714285714,-2.139266612251515,96.71204377689972,-167.9427601144137
11.95714285714286,-2.165970029522374,92.57479099583082,-163.7688154814824
11.96642857142857,-2.193351924859715,88.71488475154669,-159.7035433194611
11.97571428571429,-2.221394585478363,85.1104701918684,-155.74891493413
11.985,-2.250042854165686,81.73976429457358,-151.9061048979111
11.99428571428571,-2.2792360750335,78.58155243774382,-148.1742785347605
12.00357142857143,-2.308943474555866,75.61638486354822,-144.5502511167834
12.01285714285714,-2.339184043002963,72.82767351562056,-141.029183655596
12.02214285714286,-2.370020060462174,70.20203236444274,-137.6059139021409
12.03142857142857,-2.4015274112585,67.7286688609174,-134.2762193314567
12.04071428571429,-2.433758297939554,65.39815298867046,-131.0374002521
12.05,-2.466716202673541,63.20119119386849,-127.8879724385665
12.05928571428572,-2.500356618181667,61.12797956702732,-124.8267330326777
12.06857142857143,-2.534613462930529,59.16836528010148,-121.8517581382611
12.07785714285714,-2.56943737387102,57.31261380092091,-118.9598713787798
12.08714285714286,-2.604825543050559,55.55229040603713,-116.146829780732
12.09642857142857,-2.640827019135689,53.88075160847948,-113.4080805222144
12.10571428571429,-2.677520306876474,52.29298837005416,-110.7396573039232
12.115,-2.714974858793789,50.78492213128963,-108.1387452670367
12.12428571428572,-2.753216783659878,49.35253327885333,-105.603650365004
12.13357142857143,-2.792217083834453,47.99126165736214,-103.133236762893
12.14285714285714,-2.831908956316151,46.69594653815491,-100.7261648309803
12.15214285714286,-2.872225302298792,45.46127708124963,-98.38033880675137
12.16142857142857,-2.913136707580637,44.28246579993582,-96.09283404980644
12.17071428571429,-2.954669630510709,43.15576544042656,-93.86030706949421
12.18,-2.996894802326578,42.07855850501019,-91.67964228832655
12.18928571428571,-3.039891577694548,41.04898904820683,-89.54848386996115
12.19857142857143,-3.083706839259518,40.06534620964636,-87.46538382871833
12.20785714285714,-3.128330180359869,39.12552429296981,-85.42951389493685
12.21714285714286,-3.173698723144661,38.2268238271422,-83.44011723964273
12.22642857142857,-3.21972938936284,37.36616560032181,-81.49599834607686
12.23571428571429,-3.266361850604595,36.54057336245639,-79.5953101212497
12.245,-3.313589471432467,35.74765269327524,-77.73572813049353
12.25428571428571,-3.361461595100988,34.98581282819507,-75.91489726313283
12.26357142857143,-3.410055486855354,34.25412624149317,-74.13090266649814
12.27285714285714,-3.459432308638128,33.55191427918186,-72.38251881746179
12.28214285714286,-3.50960013798936,32.87828379313757,-70.6691194721021
12.29142857142857,-3.56050362229834,32.23185224407516,-68.99031296187164
12.30071428571429,-3.612046066526069,31.61078827185671,-67.34550493276579
12.31,-3.66413272169436,31.01312572233948,-65.73361634028089
12.31928571428572,-3.716712678760344,30.43717143188591,-64.15309219087892
12.32857142857143,-3.769797154971003,29.88178886764226,-62.60218005669071
12.33785714285714,-3.82344408405021,29.34641507501039,-61.07931989031538
12.34714285714286,-3.877716554443329,28.83081309154931,-59.58343748808429
12.35642857142857,-3.932636526761804,28.33469830893148,-58.11399409529636
12.36571428571429,-3.988158040201325,27.85743533114568,-56.67077767746934
12.375,-4.04417422352264,27.39795587547833,-55.25355494317145
12.38428571428572,-4.100554901684967,26.95492748499262,-53.86176875310479
12.39357142857143,-4.157195488005457,26.52707298338036,-52.49443337580676
12.40285714285714,-4.214051617293234,26.11346815898783,-51.15027160703509
12.41214285714286,-4.271141052500761,25.71366417588209,-49.82801180108702
12.42142857142857,-4.328511292854929,25.32757800193889,-48.52668435121102
12.43071428571429,-4.386189277368497,24.95521591668946,-47.24576437455573
12.44,-4.444139187723979,24.59637824683764,-45.98509302819655
12.44928571428571,-4.50225049838496,24.2504968211645,-44.74462648460154
12.45857142857143,-4.560362976288142,23.9166822172972,-43.5241478856103
12.46785714285714,-4.618316181142212,23.59394733698789,-42.32309096446422
12.47714285714286,-4.675998048201296,23.28148500222716,-41.14056099427992
12.48642857142857,-4.733367207651797,22.9788542956883,-39.97553445165381
12.49571428571429,-4.790437009169809,22.68598250893108,-38.82712784994049
12.505,-4.847229026994792,22.40298759625891,-37.69479461599725
12.51428571428571,-4.903719842790278,22.12991809733557,-36.57835087126439
12.52357142857143,-4.959808743613779,21.86654646270344,-35.47782235054027
12.53285714285714,-5.01532352553109,21.61231959347447,-34.39319669605421
12.54214285714286,-5.070062113355194,21.36648637998742,-33.32421096244028
12.55142857142857,-5.123849124319982,21.12833081767861,-32.2702819333706
12.56071428571429,-5.176578432248045,20.89738743822411,-31.2306104359879
12.57,-5.228219606931775,20.67352846668006,-30.20440074100686
12.57928571428572,-5.278784530834987,20.45688109270678,-29.1910787110304
12.58857142857143,-5.328271106583462,20.24762171476315,-28.19039622286537
12.59785714285714,-5.376613067372715,20.04575596778599,-27.20237093430651
12.60714285714286,-5.423662145774738,19.85099769402805,-26.22709640633138
12.61642857142857,-5.469212538098319,19.6628062872023,-25.26452316370518
12.62571428571429,-5.51305595535139,19.48055919195957,-24.31432365494543
12.635,-5.555039611439017,19.30376760688065,-23.37590843743591
12.64428571428572,-5.595097566810349,19.13222325767251,-22.44858185355132
12.65357142857143,-5.633239175604351,18.9660018260699,-21.53175399985647
12.66285714285714,-5.669500314709256,18.80532387783499,-20.62509845528349
12.67214285714286,-5.70388233508313,18.65034751459226,-19.72857532725677
12.68142857142857,-5.736310278703746,18.50100069600325,-18.84231007033481
12.69071428571429,-5.766632359869409,18.35693875434582,-17.96639290006602
12.7,-5.794661781459557,18.21764677657766,-17.10070330356869
12.70928571428571,-5.820240217308807,18.08263175250076,-16.24484959122157
12.71857142857143,-5.84329085284315,17.9516039757067,-15.39825297200781
12.72785714285714,-5.863833791123091,17.82455399787934,-14.56033077198658
12.73714285714286,-5.8819556391982,17.70168647168952,-13.73068276961495
12.74642857142857,-5.897748546974244,17.58324662347132,-12.909184124978
12.75571428571429,-5.911249785500533,17.4693301753234,-12.09593776644319
12.765,-5.922412926497467,17.35977506759999,-11.29111221576298
12.77428571428572,-5.931125752210442,17.25419009877123,-10.49474969617087
12.78357142857143,-5.937266208086639,17.15210444737763,-9.706643957373146
12.79285714285714,-5.940768074897141,17.05315970786603,-8.926350532685792
12.80214285714286,-5.941662687595782,16.95724450589682,-8.153323267883311
12.81142857142857,-5.940074944042255,16.86450198155886,-7.387105524357634
12.82071428571429,-5.936175120563436,16.77520672330006,-6.627476372093617
12.83,-5.930110715101357,16.68957556261465,-5.874475882186211
12.83928571428572,-5.921952936241483,16.60761072522747,-5.128296717998195
12.84857142857143,-5.911685156792118,16.52905670439078,-4.389098658823904
12.85785714285714,-5.89923932702894,16.4534930325118,-3.656842558086026
12.86714285714286,-5.884561787095777,16.38051454553183,-2.931230096061608
12.87642857142857,-5.867674640022215,16.30990517417812,-2.21178075778085
12.88571428571429,-5.848700813134977,16.24171445613374,-1.49800602286077
12.895,-5.827839374681032,16.1761964951937,-0.7895898951046946
12.90428571428571,-5.8053032163123,16.11364285278885,-0.08648133738604398
12.91357142857143,-5.781250661443168,16.05419635761471,0.6111500453808579
12.92285714285714,-5.755745836296282,15.99774303640089,1.30307246287345
12.93214285714286,-5.728768035645824,15.94393895739236,1.989182254294594
12.94142857142857,-5.70026526189055,15.89235861594783,2.669626711434101
12.95071428571429,-5.670224366465164,15.84268783339798,3.344794680377373
12.96,-5.638721475728923,15.79486018909449,4.015178982665555
12.96928571428571,-5.60592633295774,15.74906477662257,4.681182040589496
12.97857142857143,-5.572057892166356,15.70562009776204,5.342966575964419
12.98785714285714,-5.537313728841189,15.66477926221585,6.000430411549852
12.99714285714286,-5.501809463214784,15.62656832094971,6.653319835683893
13.00642857142857,-5.465559349616375,15.59074306607238,7.301423321748068
13.01571428571429,-5.428508065433906,15.55688824452949,7.944744584474317
13.025,-5.3905973480125,15.52460849431237,8.583563658373619
13.03428571428572,-5.351833016848015,15.49371131595599,9.218352532635423
13.04357142857143,-5.312317532739339,15.46428524525039,9.849588251166178
13.05285714285714,-5.272230994095487,15.43663051804213,10.47756122618867
13.06214285714286,-5.231770248119311,15.41107704351849,11.10228035715577
13.07142857142857,-5.191077627005368,15.38778460392858,11.72352664673885
13.08071428571428,-5.150196292755293,15.36663086604545,12.34102916087955
13.09,-5.109075454676879,15.34724786082149,12.9546721315942
13.09928571428572,-5.067622909594977,15.32918998289271,13.56462413043264
13.10857142857143,-5.025777747775949,15.31214659943225,14.17131973559612
13.11785714285714,-4.983565437663946,15.29608718103288,14.77530125412017
13.12714285714286,-4.941106544882595,15.2812608486131,15.37700266137826
13.13642857142857,-4.898574513372859,15.26804848485984,15.97659009314648
13.14571428571428,-4.856124613653654,15.25674410215047,16.57394497981648
13.155,-4.813831304126598,15.24738112232603,17.16880137691642
13.16428571428571,-4.771666920283669,15.23969734646395,17.76096717681433
13.17357142857143,-4.72953308915304,15.23326034331982,18.35051292986026
13.18285714285714,-4.687328740889463,15.22768998332194,18.93782694437999
13.19214285714286,-4.64501935965032,15.22286174146112,19.5235045923097
13.20142857142857,-4.602671317882888,15.21898233063335,20.10812768758153
13.21071428571429,-4.560433380375962,15.21649545650067,20.6920496958899
13.22,-4.518475250027175,15.21586567870216,21.27530153559625
13.22928571428572,-4.476915667812239,15.21735452158814,21.8576702270917
13.23857142857143,-4.435778101456881,15.2209093063456,22.4389110684411
13.24785714285714,-4.394997588385449,15.22622731115819,23.018981664424
13.25714285714286,-4.354475439003283,15.23296533471486,23.59817185302246
13.26642857142857,-4.314153276080034,15.24098601626721,24.17705631871238
13.27571428571428,-4.274067529022629,15.25050984724859,24.75629000884308
13.285,-4.23435561714307,15.26208929520609,25.33635127685908
13.29428571428572,-4.195210455566706,15.27641499136026,25.91736797834995
13.30357142857143,-4.156807170085561,15.29405405725955,26.49912001763273
13.31285714285714,-4.119240531430389,15.31525887708782,27.08121917362487
13.32214285714286,-4.082505908639647,15.33994960790123,27.6633720702782
13.33142857142857,-4.046533563036766,15.36788267277128,28.245585457224
13.34071428571428,-4.011257921368563,15.39891759757156,28.82820058608553
13.35,-3.97668485276875,15.43323905809417,29.4117327231079
13.35928571428571,-3.942920817045563,15.47141113837145,29.99659654748277
13.36857142857143,-3.910147781042941,15.51422792212799,30.58286218054044
13.37785714285714,-3.878556490103505,15.56243328835167,31.17017416280068
13.38714285714286,-3.848272779533568,15.61645501280694,31.75788177498965
13.39642857142857,-3.819315389532505,15.6762944565384,32.34531715625252
13.40571428571429,-3.791607250626547,15.74163353172427,32.93207684582017
13.415,-3.765034114172501,15.81210568489678,33.51815665720164
13.42428571428571,-3.739519414721839,15.88758778287717,34.10386468190442
13.43357142857143,-3.715075547458064,15.96835440553969,34.68955519357443
13.44285714285714,-3.69180411524233,16.05500618285524,35.27532478312505
13.45214285714286,-3.669844785899398,16.14820413822638,35.860836871927
13.46142857142857,-3.649299845602974,16.24834857958666,36.44537611255322
13.47071428571429,-3.630174688455986,16.3553758199919,37.02811261079705
13.48,-3.612366322406217,16.4687881311862,37.60844129887406
13.48928571428572,-3.595706755069334,16.58790998525149,38.1862160727001
13.49857142857143,-3.580039047604203,16.71224045293728,38.76174876450798
13.50785714285714,-3.565286215883707,16.84171453793016,39.33556625318708
13.51714285714286,-3.55147655039001,16.97672932325488,39.9080506540618
13.52642857142857,-3.538711847924774,17.11791441425672,40.47915552165415
13.53571428571428,-3.527095454575937,17.26576519678179,41.04835569281339
13.545,-3.516658631122285,17.42033626102805,41.61486583592261
13.55428571428572,-3.507324927308531,17.58116618037397,42.17801700645465
13.56357142857143,-3.498932258800092,17.74748436172629,42.73758991367116
13.57285714285714,-3.491301692955453,17.91859779437122,43.29391959151778
13.58214285714286,-3.484316754569728,18.09425250235293,43.84770460790293
13.59142857142857,-3.477970903740707,18.27477043603874,44.39961413696171
13.60071428571428,-3.47235738229799,18.46087884141,44.94990111145907
13.61,-3.467606327931639,18.65331551564956,45.49823374836427
13.61928571428571,-3.463802476543758,18.85241950095283,46.04384501226672
13.62857142857143,-3.460927527967035,19.0579321152416,46.58592831651405
13.63785714285714,-3.458858435181051,19.2691257183695,47.12406967998476
13.64714285714286,-3.457423175042038,19.48520139915128,47.65847841140818
13.65642857142857,-3.456484644339708,19.70574571889659,48.18988040073107
13.66571428571429,-3.456007735058973,19.93099560260459,48.71911975982438
13.675,-3.456073076759512,20.16175728291444,49.24667815045247
13.68428571428572,-3.456829289898992,20.39901135500866,49.77237449643123
13.69357142857143,-3.458408764369785,20.64341091197234,50.29541731045685
13.70285714285714,-3.460851977932528,20.89494624232825,50.81479310728534
13.71214285714286,-3.464081266112847,21.15296762475708,51.32978799283728
13.72142857142857,-3.467938778427262,21.41656691053079,51.84035791801285
13.73071428571428,-3.472268915157356,21.6851193878116,52.34713570482614
13.74,-3.477001191489699,21.9586901598516,52.8510566727041
13.74928571428572,-3.482188555739863,22.23807320442977,53.35279670876803
13.75857142857143,-3.487979693592985,22.52442738161216,53.85232852586122
13.76785714285714,-3.494539413215749,22.81869676859784,54.34884717056943
13.77714285714286,-3.501959569067798,23.12112934590873,54.84111970672667
13.78642857142857,-3.510208635181276,23.4311651468964,55.32808047064267
13.79571428571428,-3.519147745058053,23.74777018034559,55.80934976313706
13.805,-3.528605447374086,24.07004703997331,56.28538338242606
13.81428571428571,-3.538471487053884,24.39779140972913,56.75715474708029
13.82357142857143,-3.548758920413727,24.73168063197892,57.22552930368293
13.83285714285714,-3.559600261975627,25.07297463099982,57.69066953593853
13.84214285714286,-3.571178765337073,25.42287799685665,58.15180420779691
13.85142857142857,-3.583631275905118,25.78190664820294,58.6075040807184
13.86071428571429,-3.596975030572049,26.14961259356292,59.05632905242897
13.87,-3.611098483599236,26.52483408749368,59.49749909263229
13.87928571428571,-3.625822092485365,26.90635120382684,59.93121390908209
13.88857142857143,-3.640997105783048,27.29359416050913,60.35842799425917
13.89785714285714,-3.656589147924674,27.68700760005689,60.78018652910693
13.90714285714286,-3.672700733728248,28.08785247727754,61.19687928328364
13.91642857142857,-3.689519430029033,28.49753579507353,61.6078290312476
13.92571428571429,-3.707218803906223,28.91682693792104,62.01145798831097
13.935,-3.725865456803634,29.34539597808012,62.40596038523279
13.94428571428572,-3.745382893127948,29.78194527245482,62.79012259857132
13.95357142857143,-3.765592823876641,30.22488292915193,63.16383482771716
13.96285714285714,-3.786312698768642,30.67317870556209,63.52799345143803
13.97214285714286,-3.807457180085398,31.12692472014435,63.88382586163392
13.98142857142857,-3.829088080353732,31.58727190301406,64.23199840855371
13.99071428571428,-3.85138446425718,32.05575466050898,64.57200443678745
14,-3.874547893435565,32.53336258784167,64.90218871355579
