1,-0.9475402169299575,15.35153676828849,-106.7357495190141
1.009285714285714,-0.9500420333205128,15.08430320743606,-105.4440483401842
1.018571428571428,-0.9529504597370302,14.83153904581786,-104.1766526795863
1.027857142857143,-0.9560183469835392,14.58930459196682,-102.9355370334068
1.037142857142857,-0.9589681519726563,14.35303657696912,-101.7206239491984
1.046428571428571,-0.9615593135197864,14.11860026949435,-100.5297774919554
1.055714285714286,-0.9636464335497813,13.88319888162799,-99.35928718293779
1.065,-0.965214126072988,13.64593155425172,-98.20471031318644
1.074285714285714,-0.9663801159205522,13.40787910207399,-97.06186000311672
1.083571428571429,-0.9673660138545557,13.1717127692173,-95.92769642195832
1.092857142857143,-0.9684431451856229,12.94093796429737,-94.80090853379805
1.102142857142857,-0.9698668185130054,12.71897156140015,-93.68205721660181
1.111428571428571,-0.9718150239806345,12.50828429190172,-92.57326471316662
1.120714285714286,-0.9743462352461975,12.30981188135912,-91.47754775056879
1.13,-0.977386228894115,12.12276152975566,-90.39797230319553
1.139285714285714,-0.9807468488207859,11.9448385128175,-89.33683925943276
1.148571428571429,-0.9841720574976215,11.77281829463115,-88.29509020399114
1.157857142857143,-0.9874001379146563,11.60331442110178,-87.2720614252565
1.167142857142857,-0.9902270294910808,11.43355486609655,-86.2656287646206
1.176428571428571,-0.9925554713306002,11.26198456897986,-85.27269473590835
1.185714285714286,-0.9944180611207518,11.08855760352462,-84.28989119136892
1.195,-0.9959687435690285,10.91465926225197,-83.31432283464223
1.204285714285714,-0.9974450166494165,10.74268908866961,-82.34417124795391
1.213571428571429,-0.9991102841895603,10.5754179527616,-81.37901833130455
1.222857142857143,-1.001190481086856,10.41528386069225,-80.4198221149597
1.232142857142857,-1.003820257191757,10.26379901215884,-79.46856618493075
1.241428571428572,-1.007011485354366,10.12120472758533,-78.52768218087336
1.250714285714286,-1.010651394675449,9.986443878644602,-77.59939350592681
1.26,-1.014530560855996,9.857441831006218,-76.68513837266988
1.269285714285714,-1.018393926232902,9.731616018408365,-75.78520329812632
1.278571428571428,-1.022002560758698,9.60648572572482,-74.89864357875618
1.287857142857143,-1.025191289709939,9.480235849050548,-74.02349846568451
1.297142857142857,-1.027908286998183,9.352103705453407,-73.15724043771516
1.306428571428571,-1.03022711724154,9.222502860225987,-72.29734467845539
1.315714285714286,-1.032328467100422,9.092862676761516,-71.44183893589489
1.325,-1.034456227771296,8.965231580202305,-70.58970227837948
1.334285714285714,-1.036858774806117,8.841748189404312,-69.74102216929022
1.343571428571429,-1.039729707673011,8.724112819731689,-68.89688175299331
1.352857142857143,-1.043162213647921,8.613185811877655,-68.05901604317575
1.362142857142857,-1.047127771599426,8.508802290228186,-67.22932922417431
1.371428571428571,-1.051484034940761,8.409836983743563,-66.40939318026584
1.380714285714286,-1.056009824327371,8.314492726617596,-65.60004538967023
1.39,-1.060458777738551,8.220736041109344,-64.80117567995867
1.399285714285714,-1.064618789683509,8.126772730450117,-64.0117442841042
1.408571428571429,-1.068362976282334,8.031450935670039,-63.2300189791391
1.417857142857143,-1.071679934211919,7.934499160438433,-62.45396855079735
1.427142857142857,-1.074676097547749,7.836547931358803,-61.68171455899755
1.436428571428571,-1.077549813978174,7.738936702987092,-60.91193185528708
1.445714285714286,-1.080543630737551,7.643359414946992,-60.14410369569998
1.455,-1.083886460743831,7.551439480036556,-59.37857567122455
1.464285714285714,-1.087739545493608,7.464338483232657,-58.61640358685594
1.473571428571429,-1.092159004642219,7.382490042668767,-57.85904013137265
1.482857142857143,-1.097083661553891,7.305516075178016,-57.10794121357313
1.492142857142857,-1.10235080198631,7.232337142243447,-56.36418755429546
1.501428571428572,-1.107735957678279,7.161443132784818,-55.62820896897551
1.510714285714286,-1.113007176758116,7.091255238753278,-54.89967140606926
1.52,-1.117980826789602,7.020491840036615,-54.17754727293671
1.529285714285714,-1.122565606905352,6.948452728434588,-53.4603467042618
1.538571428571428,-1.126784280955226,6.87515738327487,-52.74645052770696
1.547857142857143,-1.130768048799913,6.801309017158392,-52.03446314218176
1.557142857142857,-1.134725117617418,6.728098401233816,-51.32350087353579
1.566428571428572,-1.138891237796827,6.656899560029789,-50.61334936320678
1.575714285714286,-1.143474181600334,6.588933625026985,-49.90445737349118
1.585,-1.148605390377022,6.524981669750373,-49.1977749008407
1.594285714285714,-1.154310111156333,6.465212074143452,-48.49448008351535
1.603571428571429,-1.160502851618475,6.409157989210046,-47.79566334683601
1.612857142857143,-1.167009004842306,6.355844021573658,-47.10204389310886
1.622142857142857,-1.173607392301668,6.304027061385705,-46.41378289007075
1.631428571428571,-1.180083602614017,6.252491486889691,-45.73043309077574
1.640714285714286,-1.186281475805103,6.200328547014922,-45.05103206772416
1.65,-1.192140528683319,6.147135372425238,-44.37431294532681
1.659285714285714,-1.197710492213362,6.093089419645854,-43.69897981744871
1.668571428571429,-1.203139655312452,6.038884575593326,-43.02398112457288
1.677857142857143,-1.208640016013439,5.985548362773016,-42.34871655301068
1.687142857142857,-1.214437746608406,5.934187419472957,-41.67313087261397
1.696428571428571,-1.220720837215924,5.885723793673978,-40.99767673441105
1.705714285714286,-1.227596247319494,5.840684194047596,-40.3231601905939
1.715,-1.235066470157992,5.799089171298212,-39.65050956039418
1.724285714285714,-1.24303076788893,5.760463914101161,-38.98052416133852
1.733571428571429,-1.251310574774671,5.723963510531587,-38.31366153076554
1.742857142857143,-1.259692982571197,5.688579769937273,-37.64991060788459
1.752142857142857,-1.267982050693178,5.653379359795061,-36.98877711628664
1.761428571428572,-1.276045876420008,5.617717428392125,-36.32938100510725
1.770714285714286,-1.283848377587738,5.581378019053297,-35.67064007601511
1.78,-1.291458392215599,5.544610776598586,-35.01149458760949
1.789285714285714,-1.299034129036515,5.508058488348156,-34.35111919948358
1.798571428571428,-1.306786871095064,5.472595845305694,-33.68907311640751
1.807857142857143,-1.314932684836485,5.439120068923575,-33.02535545459373
1.817142857142857,-1.32364355866949,5.408343846292323,-32.36035633781454
1.826428571428572,-1.333009324976434,5.380638407441839,-31.69471892950691
1.835714285714286,-1.343019034532948,5.355960930381269,-31.02914750099866
1.845,-1.353565860659589,5.33387971438328,-30.36420742698613
1.854285714285714,-1.364474184518497,5.313687876803467,-29.70016291844565
1.863571428571428,-1.375542451703747,5.294576744834916,-29.03688807480899
1.872857142857143,-1.386591801544437,5.275827629996727,-28.37386915140641
1.882142857142857,-1.397509168942939,5.256977706311599,-27.71029479631738
1.891428571428571,-1.408274879149783,5.237922756466046,-27.04521105176397
1.900714285714286,-1.418968428536201,5.218934980956743,-26.37770361217606
1.91,-1.429751305202077,5.200594283460373,-25.70706450409212
1.919285714285714,-1.44083109021762,5.183651579238624,-25.03290521669423
1.928571428571429,-1.452415376526745,5.168857828007056,-24.35519199274631
1.937857142857143,-1.464666243836979,5.15679914941492,-23.67419785907851
1.947142857142857,-1.477665694289258,5.147775358619358,-22.99038524802885
1.956428571428571,-1.491399768268207,5.141747863189514,-22.30424820257443
1.965714285714286,-1.505764714253975,5.138366238841106,-21.61615102437489
1.975,-1.520593578755877,5.137064931739341,-20.92619958727101
1.984285714285714,-1.535697001204388,5.137206284403456,-20.23417303333413
1.993571428571429,-1.550908830881743,5.138236528158468,-19.5395293222094
2.002857142857143,-1.56612613435819,5.139819386162285,-18.84148127502162
2.012142857142857,-1.581334496720617,5.14191782368253,-18.13912400565489
2.021428571428571,-1.596612958504913,5.14480691853622,-17.43158347167493
2.030714285714286,-1.612117670533725,5.149016915173434,-16.71815185434371
2.04,-1.628048248678172,5.155221440128657,-15.99837945827086
2.049285714285714,-1.644604694321389,5.164097813797627,-15.27210366914215
2.058571428571429,-1.661944727205214,5.176191713973224,-14.53941039020337
2.067857142857143,-1.680151074022122,5.191816238094273,-13.80053862158856
2.077142857142857,-1.699215839229673,5.211006641494493,-13.05575098027603
2.086428571428571,-1.719045173059477,5.233539050372261,-12.30519953631352
2.095714285714286,-1.739482931842707,5.259007270037451,-11.54881632412927
2.105,-1.760347862034388,5.28693941795134,-10.78625163000637
2.114285714285714,-1.781475905570945,5.316927971606755,-10.0168721747294
2.123571428571429,-1.802758151433407,5.348744520505392,-9.239817975635024
2.132857142857143,-1.824165998504069,5.382414482102058,-8.454103830396182
2.142142857142857,-1.845758032225794,5.418236395495752,-7.658741819912859
2.151428571428572,-1.867667280714867,5.456743015133182,-6.852857108246305
2.160714285714286,-1.890071924455266,5.498614360653072,-6.035771494108506
2.17,-1.913156153919953,5.544563154225521,-5.207036976431644
2.179285714285714,-1.937069892320981,5.595218456836351,-4.366413029405439
2.188571428571428,-1.961896138301495,5.651032857391695,-3.513793597405765
2.197857142857143,-1.9876328241724,5.712232729453462,-2.649100300264686
2.207142857142857,-2.01419281679962,5.77882140855446,-1.77216491562991
2.216428571428572,-2.041421746692428,5.850633827582144,-0.8826257806104658
2.225714285714286,-2.069129559450882,5.927430481017463,0.02014074828452373
2.235,-2.097128809946937,6.009010636011713,0.9370403816335274
2.244285714285714,-2.125271350125378,6.095321006213832,1.869229527341713
2.253571428571428,-2.153475489565903,6.18653739870645,2.818040386149861
2.262857142857143,-2.181737851366204,6.283102881142618,3.784879600411342
2.272142857142857,-2.210127532832605,6.385715498888418,4.771122978233908
2.281428571428572,-2.238764041305056,6.495269398810652,5.778029361203889
2.290714285714286,-2.26778393181505,6.612762990124255,6.806692349220479
2.3,-2.297303367313593,6.739194423513616,7.858040456142304
2.309285714285714,-2.327384503104113,6.8754669525326,8.932886235132798
2.318571428571429,-2.358012602798738,7.022324436956322,10.03201511504644
2.327857142857143,-2.38908841773245,7.180331057100725,11.15629701217091
2.337142857142857,-2.420437147464952,7.349900567108607,12.30679955330328
2.346428571428572,-2.451831905528015,7.531370789069743,13.4848816244473
2.355714285714286,-2.483026701515402,7.725110285939984,14.69224992070722
2.365,-2.513792077699661,7.931637867572614,15.93096852601173
2.374285714285714,-2.543946075455489,8.151733032221411,17.20342098097809
2.383571428571428,-2.573374255002796,8.386517238594314,18.51223401218863
2.392857142857143,-2.602034839411091,8.637491795678402,19.86018014325877
2.402142857142857,-2.62994819867528,8.90652701306043,21.25008111708549
2.411428571428572,-2.657173147057165,9.195807280723065,22.68473446981804
2.420714285714286,-2.68377519653691,9.50774594198379,24.1668816917486
2.43,-2.709793448819635,9.844890460800704,25.69922905107266
2.439285714285714,-2.735212951576392,10.20984135442118,27.28452279092111
2.448571428571428,-2.75994813159658,10.60520727099422,28.92567070101753
2.457857142857143,-2.783840646708946,11.03361368254209,30.62589360372475
2.467142857142857,-2.806672136643241,11.49777468415369,32.38888444788136
2.476428571428572,-2.828189441714484,12.00062750946765,34.21895053714036
2.485714285714286,-2.848137431064926,12.54551914129444,36.12111657830643
2.495,-2.866293092002345,13.13642564999239,38.10117275368601
2.504285714285714,-2.882494276869788,13.77817949292646,40.16566212847996
2.513571428571428,-2.896657558305442,14.47667942672786,42.32181378538091
2.522857142857143,-2.908781817965891,15.23906256470537,44.57743991505444
2.532142857142857,-2.918937051680504,16.0738280333267,46.94082434951734
2.541428571428572,-2.927240821853109,16.99091525146222,49.42063480854941
2.550714285714286,-2.933827214487938,18.00175509562828,52.02589034952218
2.56,-2.938814579975719,19.11932702978887,54.76600895144121
2.569285714285714,-2.942278499383768,20.35826778493607,57.65094829539531
2.578571428571428,-2.944235328282631,21.73508579087993,60.69143656923846
2.587857142857143,-2.944639565696278,23.26853899641351,63.89927088113176
2.597142857142857,-2.943395580097711,24.98023106598891,67.28764048728173
2.606428571428572,-2.940381394531632,26.89547210208442,70.8714129536484
2.615714285714286,-2.935479809435549,29.04443627942648,74.66730623064093
2.625,-2.928610595057139,31.46363315454052,78.69386040853814
2.634285714285714,-2.919757152546509,34.19769661060266,82.97111968069058
2.643571428571428,-2.908982042963934,37.30149071359204,87.51993467760055
2.652857142857143,-2.896427961075341,40.84253954247629,92.36079099508069
2.662142857142857,-2.882303661020148,44.9038101091191,97.51205082530564
2.671428571428572,-2.866857413151593,49.58691174244113,102.987446851379
2.680714285714286,-2.850343133593478,55.01581438764469,108.7925722874212
2.69,-2.832985844429838,61.341216109752,114.9199427594302
2.699285714285714,-2.814953291146054,68.74567383420248,121.341929490334
2.708571428571428,-2.796339345283572,77.44948437753281,128.0004330750917
2.717857142857143,-2.777162497488402,87.71693378691657,134.7915343926568
2.727142857142857,-2.757379744064849,99.86167520133351,141.5425050626845
2.736428571428572,-2.73691305698389,114.2482141400597,147.9775861656972
2.745714285714286,-2.715683008913297,131.283079116824,153.6682946129287
2.755,-2.693642547482331,151.38331388983,157.9649615667523
2.764285714285714,-2.670803753140421,174.9008257341164,159.9117457880278
2.773571428571428,-2.647251774459288,201.9705438430913,158.1633882614964
2.782857142857143,-2.623142779865133,232.2474961076211,150.9569248650019
2.792142857142857,-2.598686149058355,264.5284110321509,136.2483030616699
2.801428571428572,-2.574114510182885,296.3608186258795,112.1719202070703
2.810714285714286,-2.549647859518349,323.9419351776653,77.91386423543197
2.82,-2.525459305141942,342.7520652304132,34.75781575926626
2.829285714285714,-2.501649685027586,349.0749150345753,-13.4408809897079
2.838571428571428,-2.478236496887025,341.6956183274247,-61.12366607033539
2.847857142857142,-2.455159618398296,322.4964041853502,-103.0130760486628
2.857142857142857,-2.432302785819593,295.4451491516929,-135.8703383307699
2.866428571428572,-2.409526441083989,264.8606303279493,-158.9427205366627
2.875714285714286,-2.386705051929742,234.1491820449124,-173.2672772836506
2.885,-2.363760921995324,205.4174203466203,-180.6675094348089
2.894285714285714,-2.340687136927815,179.6687750596962,-183.0226626291744
2.903571428571428,-2.317554567702072,157.1787688147611,-181.9195386110553
2.912857142857142,-2.294501309123092,137.8224534723545,-178.5664428337555
2.922142857142857,-2.271706799982427,121.2928891953067,-173.8306967665875
2.931428571428571,-2.2493562653376,107.2255700023623,-168.3131489032844
2.940714285714286,-2.227603268099933,95.26082287296404,-162.4203451757888
2.95,-2.206538587199963,85.0708296026132,-156.4218684791665
2.959285714285714,-2.186172279926561,76.36849632829015,-150.4921012623584
2.968571428571428,-2.166432946190373,68.90791447252541,-144.739487716623
2.977857142857142,-2.147184495906715,62.48141163865959,-139.226832689281
2.987142857142857,-2.128256900673922,56.91551763753372,-133.9855176046694
2.996428571428572,-2.109484293847648,52.06679200641793,-129.0256711436982
3.005714285714286,-2.090742062822581,47.81781305022337,-124.3436197121725
3.015,-2.071974684928021,44.07337054900305,-119.9274249797826
3.024285714285714,-2.053208035231457,40.75684079767935,-115.7609745398763
3.033571428571428,-2.034543339337905,37.80674678190148,-111.826890588817
3.042857142857142,-2.016134078861311,35.17355713527603,-108.1084252606374
3.052142857142857,-1.998151014787594,32.81681868226803,-104.5904873869514
3.061428571428572,-1.980743173486178,30.70272911869084,-101.2599625500583
3.070714285714286,-1.964003537929107,28.8022336253183,-98.10551719521888
3.08,-1.947947128284657,27.08967930063293,-95.11709540521308
3.089285714285714,-1.932506404252832,25.54199920295743,-92.28531093381557
3.098571428571428,-1.917545087464515,24.13833976209745,-89.60090527073652
3.107857142857143,-1.902887407467044,22.86000376179216,-87.05439099978123
3.117142857142857,-1.888356297350723,21.69056242523845,-84.63593846816332
3.126428571428572,-1.873811979703224,20.61599536933814,-82.33550303587373
3.135714285714286,-1.859182199425442,19.62474358347738,-80.14313869946184
3.145,-1.844477179983826,18.70760282550566,-78.04940861511359
3.154285714285714,-1.829785832720544,17.85743543887168,-76.04578875995247
3.163571428571428,-1.815254045024254,17.06872833113959,-74.1249693689229
3.172857142857143,-1.801049993308435,16.33706399921423,-72.28098732956282
3.182142857142857,-1.787324393046175,15.65859221375225,-70.50916434586165
3.191428571428571,-1.774174730587503,15.02958878884423,-68.80587021636937
3.200714285714286,-1.761621593015932,14.44616676512733,-67.16816755088551
3.21,-1.749602468196515,13.90417099822561,-65.59341592984363
3.219285714285714,-1.737984454393819,13.39924855589646,-64.07891664917514
3.228571428571428,-1.726593057177494,12.92705313887633,-62.62166507824744
3.237857142857143,-1.715250586773617,12.48351844452645,-61.2182508560489
3.247142857142857,-1.703815422940756,12.0651266299442,-59.86491293999057
3.256428571428571,-1.692213132743957,11.66910461697585,-58.55772367394047
3.265714285714286,-1.680452232084977,11.29350107990021,-57.29284997024129
3.275,-1.668620901107418,10.93712624105409,-56.0668256066946
3.284285714285714,-1.656865382111284,10.59936871111076,-54.87676945100172
3.293571428571428,-1.645355046846328,10.27993130425683,-53.72049980606651
3.302857142857143,-1.634242196987938,9.97854470221751,-52.5965211438367
3.312142857142857,-1.623625845344181,9.69472044296668,-51.50388973207067
3.321428571428571,-1.613527777665189,9.427593128232935,-50.44199174115295
3.330714285714286,-1.603886372268679,9.17587960667654,-49.41028532679091
3.34,-1.594569611707926,8.937955946678287,-48.40806362418102
3.349285714285714,-1.585404352084051,8.712027436374584,-47.43428835660847
3.358571428571428,-1.576215180023907,8.496347870393192,-46.48752624811302
3.367857142857143,-1.566863928632903,8.289435521446734,-45.56599677359412
3.377142857142857,-1.557280694136574,8.090235914416903,-44.66771503940168
3.386428571428571,-1.547479104632195,7.89819506463133,-43.79069297254339
3.395714285714286,-1.537552238365997,7.713228222856492,-42.93314998719241
3.405,-1.52765011795664,7.535593541993591,-42.09368362367556
3.414285714285714,-1.517944023707094,7.365701722609717,-41.27136142967622
3.423571428571428,-1.508585931738768,7.203906481315536,-40.4657148296056
3.432857142857143,-1.499672480020724,7.050323547575181,-39.67663898129401
3.442142857142857,-1.491221780668806,6.904717634193301,-38.90422397216438
3.451428571428571,-1.483168421602712,6.766479972402786,-38.14855731919784
3.460714285714286,-1.475377828564213,6.634697862573062,-37.40954273527451
3.47,-1.467676718873392,6.508297119385587,-36.68677498680095
3.479285714285714,-1.459892652676417,6.386222627965298,-35.97949698563181
3.488571428571428,-1.451893524952436,6.267614605296456,-35.28664620441756
3.497857142857143,-1.4436177780514,6.15194006557361,-34.60697722356888
3.507142857142857,-1.435088222418335,6.039049981102951,-33.93923014581792
3.516428571428571,-1.426406177611914,5.92915027813808,-33.28230463319588
3.525714285714286,-1.417727282270028,5.822695024104517,-32.63539880878431
3.535,-1.409224641210268,5.72022810678471,-31.99808133741784
3.544285714285714,-1.401047933766719,5.622211063178962,-31.37028134036794
3.553571428571428,-1.393288014042553,5.528876917808693,-30.75220027646897
3.562857142857143,-1.385955220719323,5.440142766918237,-30.14416778798473
3.572142857142857,-1.378976426739019,5.355599485940422,-29.54647569959974
3.581428571428571,-1.372211540160175,5.274578932566883,-28.95922841162411
3.590714285714286,-1.365485681383287,5.196281474324448,-28.38224332281717
3.6,-1.358629606618362,5.119933349637481,-27.81502294017633
3.609285714285714,-1.351518964680896,5.04493706089389,-27.25680369883985
3.618571428571428,-1.344103165748415,4.97098005142705,-26.70666887918245
3.627857142857143,-1.336417020936747,4.898076937658711,-26.16369832977233
3.637142857142857,-1.328572355767056,4.826536323705509,-25.62711942895329
3.646428571428571,-1.320731542828227,4.756861013680396,-25.0964238802496
3.655714285714286,-1.31306917773207,4.689605941306529,-24.57142350549947
3.665,-1.30573089923348,4.625227603569237,-24.05223299079429
3.674285714285714,-1.298798988275406,4.563960071488488,-23.53918482775169
3.683571428571428,-1.292272767593015,4.505745735521499,-23.03269728845038
3.692857142857143,-1.28606837732833,4.450235758173754,-22.53312664065464
3.702142857142857,-1.280038022070313,4.396858970251393,-22.04063783166271
3.711428571428571,-1.274004271965303,4.34494233158767,-21.55512312675962
3.720714285714286,-1.26780146462517,4.293854466961456,-21.07618687882592
3.73,-1.26131451992774,4.243138699261737,-20.60319924732983
3.739285714285714,-1.254505999470522,4.192604616980675,-20.13540568262114
3.748571428571428,-1.247424955432187,4.142357047212505,-19.67206601742184
3.757857142857143,-1.240195409894013,4.092756149334472,-19.21259018538768
3.767142857142857,-1.232987149436076,4.044318660856912,-18.75663863945632
3.776428571428571,-1.225975719121973,3.997584121220982,-18.3041642235175
3.785714285714286,-1.219301035664149,3.952977824334557,-17.85538635194699
3.795,-1.213034332087767,3.910702526211139,-17.41070434218713
3.804285714285714,-1.207161173712014,3.870683737295407,-16.97057078637891
3.813571428571428,-1.201584542203125,3.832580679351904,-16.53535477643274
3.822857142857143,-1.196147333067322,3.795859723928293,-16.10522677530484
3.832142857142857,-1.190669091209051,3.759912776551706,-15.68009168116025
3.841428571428571,-1.184988436934217,3.724192771945761,-15.25958538431414
3.850714285714286,-1.179001209622053,3.688334508586939,-14.84313534400627
3.86,-1.172685269074358,3.652232472580232,-14.43007072369631
3.869285714285714,-1.166105992968948,3.616057434092827,-14.019755930793
3.878571428571428,-1.159401083468979,3.580208137295816,-13.61171588975928
3.887857142857143,-1.152748234107967,3.545209839779163,-13.20572346443689
3.897142857142857,-1.146323289887615,3.511583986930301,-12.80182863062207
3.906428571428571,-1.140258770484312,3.479719894644093,-12.4003229538093
3.915714285714286,-1.134612515405708,3.449778504377261,-12.00164818349896
3.925,-1.12935382530259,3.421650471857422,-11.60627071026069
3.934285714285714,-1.124370400504755,3.394978049655529,-11.21455135363349
3.943571428571429,-1.119494547161297,3.36923541039552,-10.82664085744976
3.952857142857143,-1.114542611531997,3.343848533106453,-10.44242545413685
3.962142857142857,-1.109358437439641,3.318326540148677,-10.06153524929072
3.971428571428571,-1.103850585513254,3.292373571755165,-9.683413513708205
3.980714285714286,-1.098014421152073,3.265954718744695,-9.307430581865468
3.99,-1.091933711499131,3.239300330700715,-8.933015383788057
3.999285714285714,-1.085761247562188,3.212847679890329,-8.55977336748485
4.008571428571428,-1.079683029998692,3.187133913617327,-8.18756283690643
4.017857142857143,-1.073874482094424,3.162665770727506,-7.816511729748863
4.027142857142857,-1.068459034517457,3.139796887809449,-7.44697106404927
4.036428571428571,-1.063478851303174,3.118641527341869,-7.079416197791496
4.045714285714286,-1.058884619016685,3.099044880082899,-6.714319170529794
4.055,-1.054546886184478,3.080616864569005,-6.352022040224444
4.064285714285714,-1.050286423138145,3.062821593725961,-5.992640898425645
4.073571428571428,-1.04591659340318,3.045101679698873,-5.636023216604693
4.082857142857143,-1.041287813654186,3.027008234237032,-5.281768844676544
4.092142857142857,-1.036323553259874,3.008305807723056,-4.929310052008705
4.101428571428571,-1.031039212744553,2.989027176536767,-4.578031915751758
4.110714285714286,-1.025539239090284,2.969464678096073,-4.227404560170481
4.12,-1.019993034640978,2.950099933407142,-3.877095753349638
4.129285714285714,-1.014595310368367,2.931488558749309,-3.527037000901535
4.138571428571428,-1.00952025987143,2.914127193635471,-3.177427384634455
4.147857142857143,-1.004880395460177,2.898334296391756,-2.828674186306281
4.157142857142857,-1.000699785558259,2.884172835494841,-2.481284214809918
4.166428571428571,-0.9969080694307151,2.871433173411678,-2.135731271725744
4.175714285714286,-0.9933567951504481,2.859680439869474,-1.792330804366044
4.185,-0.9898544154701029,2.848355671361527,-1.451151301380705
4.194285714285714,-0.9862118487849796,2.836907292483542,-1.11198366655945
4.203571428571428,-0.9822878978911569,2.824922059122282,-0.7743763992668687
4.212857142857143,-0.9780236911680785,2.812224276877436,-0.4377288731304654
4.222142857142857,-0.973457790455611,2.798919280249816,-0.1014209886460455
4.231428571428571,-0.9687181695958481,2.785370288340406,0.2350515231155015
4.240714285714286,-0.9639928137957799,2.772113702282205,0.5719684864608918
4.25,-0.959485842042777,2.759732717634169,0.9093294517084778
4.259285714285714,-0.9553695347680451,2.748719126738842,1.246864203546108
4.268571428571429,-0.9517436322676754,2.739356019762702,1.584107449580974
4.277857142857143,-0.9486115709187717,2.731649229536537,1.920520422173296
4.287142857142857,-0.9458793854739588,2.725324064975057,2.255631072645314
4.296428571428572,-0.9433777401885948,2.719888746888242,2.589159972353589
4.305714285714286,-0.9409021330831016,2.714750352734688,2.921101989277621
4.315,-0.9382619613149201,2.709356482123221,3.251743756109656
4.324285714285714,-0.9353268731323917,2.703329258317836,3.58161182928857
4.333571428571428,-0.9320592784257973,2.696559486206899,3.911362935647602
4.342857142857143,-0.9285250441650743,2.689237821586162,4.241641857324162
4.352142857142857,-0.9248795690801501,2.681814689228323,4.57294070597243
4.361428571428572,-0.9213323576057055,2.674897804554859,4.905493382445565
4.370714285714286,-0.9180984122999957,2.669111230069476,5.23923082448793
4.38,-0.9153479494032056,2.664949219032945,5.573808273268083
4.389285714285714,-0.9131663712931438,2.662659503500499,5.908698786315354
4.398571428571429,-0.9115340549826906,2.662183984801371,6.243331604363052
4.407857142857144,-0.9103309288037643,2.66317161280075,6.577243264770251
4.417142857142856,-0.9093650545066154,2.665061543256409,6.910205915547565
4.426428571428572,-0.9084187817524287,2.66721810012917,7.242301983694468
4.435714285714286,-0.9073017705537141,2.669086385418059,7.573926376254041
4.445,-0.9058983221118139,2.670331692665934,7.90571426190491
4.454285714285714,-0.9041975690623073,2.670928903498805,8.238410369734163
4.463571428571428,-0.9022990080618212,2.671179431516252,8.572710260947595
4.472857142857143,-0.9003917229239573,2.671650452507108,8.909111389910786
4.482142857142857,-0.898712001667717,2.673049896156229,9.247809949180564
4.491428571428572,-0.8974892963804137,2.676066278707965,9.588668886025335
4.500714285714285,-0.8968933177983452,2.681211119274409,9.931265746963033
4.51,-0.8969948505341664,2.688701445612091,10.27501022133554
4.519285714285714,-0.8977497277464173,2.69841094763504,10.61930476447439
4.528571428571428,-0.8990100726969869,2.709902740796234,10.96371115377844
4.537857142857144,-0.9005605891815393,2.722537840969433,11.30808363581985
4.547142857142856,-0.9021717503915647,2.73563542629915,11.65263617291516
4.556428571428571,-0.9036575457828177,2.748647915892518,11.99792603637426
4.565714285714286,-0.9049240513872715,2.76130919431544,12.34475557523341
4.575,-0.905996969767213,2.773719591386131,12.69401388937844
4.584285714285715,-0.9070211312772624,2.786345665957849,13.04649535243908
4.593571428571428,-0.908231640716296,2.799933093099281,13.40273839992038
4.602857142857143,-0.9099032271650114,2.815351975322621,13.76292389481863
4.612142857142857,-0.9122896740922083,2.833410432648058,14.12685869296224
4.621428571428572,-0.9155676712755173,2.854680399549816,14.49405016183629
4.630714285714285,-0.9197985016606345,2.879377405491497,14.86385609282341
4.64,-0.9249169352028099,2.90732433646203,15.2356765007895
4.649285714285714,-0.9307504878889408,2.938010328688813,15.60914316684615
4.658571428571428,-0.9370651724406585,2.970733980926853,15.98426193185834
4.667857142857144,-0.9436275446198858,3.004799727735627,16.36147231524959
4.677142857142856,-0.950268690832876,3.039722287134903,16.74160745901043
4.686428571428571,-0.956934904182029,3.075390394601945,17.12576086594741
4.695714285714285,-0.963712572416675,3.112149187124218,17.51508938143505
4.705,-0.970820753237162,3.150779183001852,17.91059843833096
4.714285714285714,-0.9785726445014338,3.192374419889996,18.3129612243358
4.723571428571428,-0.9873147262801928,3.238146799013975,18.72241650251114
4.732857142857143,-0.9973578455938287,3.289201969147314,19.13877203100093
4.742142857142857,-1.008916608915908,3.346339890480423,19.56151624104391
4.751428571428572,-1.022071716655588,3.409928916471309,19.99001564378247
4.760714285714285,-1.036764783786324,3.479886808133123,20.42375483219375
4.77,-1.052827880588197,3.555778649565998,20.86256438215304
4.779285714285714,-1.070042040448809,3.637014839587315,21.30678230556122
4.788571428571428,-1.08821202569758,3.723107911541636,21.75730772001726
4.797857142857143,-1.10724033953416,3.813930808144158,22.2155291279295
4.807142857142857,-1.127183025299248,3.909916145612436,22.68313926815889
4.816428571428571,-1.148273596092662,4.012147808429214,23.16187682143277
4.825714285714285,-1.170908789892993,4.122320796354701,23.65325485543488
4.835,-1.195599009214676,4.242576734757992,24.15834135395884
4.844285714285714,-1.222894964576273,4.375253016211185,24.67764688600863
4.853571428571429,-1.253308020086086,4.52260580265702,25.21115098030827
4.862857142857143,-1.287243635369418,4.686576154409214,25.75846760437373
4.872142857142856,-1.32496477702443,4.868662601681739,26.31911802776846
4.881428571428572,-1.366595880791784,5.069943641664202,26.89285276492933
4.890714285714285,-1.412169218253343,5.291263342232435,27.4799487546678
4.9,-1.461706102735565,5.533557902772806,28.08140748332253
4.909285714285714,-1.5153172032501,5.798267925781915,28.69899611318901
4.918571428571428,-1.573301235111189,6.0877584840295,29.33510497945929
4.927857142857143,-1.63622094759255,6.405663883383742,29.9924348409256
4.937142857142857,-1.704940167586981,6.757089519338258,30.67356621464109
4.946428571428572,-1.780614861232961,7.148636866039442,31.3804903600866
4.955714285714285,-1.86464260081452,7.588261506302953,32.11418913198848
4.965,-1.95858561540886,8.085017604725779,32.87433638791942
4.974285714285714,-2.064090123189739,8.648775523327302,33.6591596381822
4.983571428571429,-2.182827264647115,9.290015586742728,34.46545314933433
4.992857142857144,-2.316478352693325,10.01979659935186,35.28867958222127
5.002142857142856,-2.466780082186273,10.84997056460489,36.12304303184338
5.011428571428572,-2.635635213209564,11.79366371797679,36.96136895097958
5.020714285714285,-2.82528284476304,12.86596792931455,37.79459419825989
5.03,-3.038511804114798,14.08468726305386,38.61066310707045
5.039285714285715,-3.278893175551187,15.47086558592498,39.39265324538539
5.048571428571428,-3.551005675191941,17.04868609073294,40.11602876692601
5.057857142857143,-3.860631543349917,18.84418419764966,40.74505868136691
5.067142857142857,-4.214910037966543,20.88205840534918,41.22868148454457
5.076428571428572,-4.622447113350204,23.17973945040923,41.49651960557622
5.085714285714285,-5.093387428297305,25.73791935086827,41.45644245487239
5.095,-5.639449125222123,28.5272536833206,40.99607849207161
5.104285714285714,-6.273886598934926,31.4724345055114,39.99173293278358
5.113571428571428,-7.011246448677482,34.43774802622894,38.32838302284553
5.122857142857144,-7.866530052048802,37.22219680074647,35.93207088883677
5.132142857142856,-8.852754079482153,39.57477422145887,32.80940944491135
5.141428571428571,-9.97439189971754,41.23670289795801,29.07922342875423
5.150714285714285,-11.21085613127219,42.0040921169848,24.97558689434157
5.16,-12.47937411083353,41.78716567471213,20.80957094665851
5.169285714285714,-13.57422809021914,40.6364120111374,16.89953687333902
5.178571428571428,-14.15405242644849,38.72198938799897,13.50045099219218
5.187857142857143,-13.95535335978352,36.27957839335066,10.76238034352209
5.197142857142857,-13.0860062082849,33.55094396100002,8.72799714206243
5.206428571428572,-11.8938028115199,30.74173168363236,7.357798982086559
5.215714285714285,-10.65518403727605,28.00316739209425,6.564392243592244
5.225,-9.501810612525986,25.43230660964074,6.242162755745609
5.234285714285714,-8.47665038517259,23.0818913768015,6.287050337040341
5.243571428571428,-7.583824955526608,20.97274565000627,6.606958331322957
5.252857142857144,-6.813229799825146,19.10489076419268,7.125571061705005
5.262142857142857,-6.150723337917514,17.46605468466771,7.782373358525771
5.271428571428571,-5.582012160588179,16.03758746618712,8.530882697289467
5.280714285714285,-5.094005228766743,14.79830154578482,9.336289847426846
5.29,-4.675189019479986,13.72682564912461,10.17311585706733
5.299285714285714,-4.315638261291418,12.8029615008481,11.02314071485065
5.308571428571429,-4.006900833021602,12.00839888466538,11.87367555361689
5.317857142857142,-3.741847226280944,11.32703064471165,12.71616763715464
5.327142857142857,-3.514518084262191,10.74502757507819,13.54509654311592
5.336428571428572,-3.319982617288833,10.25077931382282,14.35711124490529
5.345714285714286,-3.15421345381941,9.834771803385019,15.15035604686022
5.355,-3.013980180231768,9.489445630659844,15.9239329716073
5.364285714285714,-2.896760695066697,9.209056611261303,16.67744923447384
5.373571428571428,-2.800665624003652,8.989537953945034,17.41060326314462
5.382857142857143,-2.724366945162418,8.828343021376108,18.122773735596
5.392142857142857,-2.667018812809313,8.724231856234871,18.81259420884155
5.401428571428572,-2.628157462789,8.676956515362356,19.47751994215481
5.410714285714286,-2.607568661620997,8.686802334519436,20.11342067142516
5.42,-2.605115367571379,8.753955742657423,20.71425981756511
5.429285714285714,-2.620524519262177,8.877694465375395,21.27194335225557
5.438571428571429,-2.653139460827074,9.055433092665748,21.77643652090883
5.447857142857142,-2.701653125473562,9.281706202196048,22.2162484610945
5.457142857142856,-2.763846982502445,9.547230788580571,22.57936476735474
5.466428571428572,-2.836372367808679,9.838251638315061,22.85465429986285
5.475714285714286,-2.91462370330944,10.13641788185173,23.03367849187759
5.485,-2.992764092013912,10.41943329114508,23.11269089797857
5.494285714285714,-3.063965283997685,10.66262943679196,23.09446011273994
5.503571428571428,-3.120904397884001,10.84141086892125,22.98944234728453
5.512857142857142,-3.156508399837963,10.93424596289312,22.8158505971561
5.522142857142857,-3.164855484909273,10.92562097270106,22.59836825796337
5.531428571428572,-3.142054905785893,10.80826750590929,22.36560836788749
5.540714285714285,-3.086880073351017,10.58410417687935,22.14679999356623
5.55,-3.000966921029182,10.26367806789222,21.96842196991546
5.559285714285714,-2.888512343704281,9.864309899036218,21.85149058718672
5.568571428571429,-2.755562521799742,9.407460415080028,21.80996054359663
5.577857142857143,-2.609091905598637,8.915935129360635,21.85034758617299
5.587142857142856,-2.456095298350429,8.411439352798944,21.97237974317632
5.596428571428572,-2.302858633036027,7.91278029615569,22.17032336414225
5.605714285714286,-2.154485021457899,7.434796289435184,22.43461481782747
5.615,-2.014675556827688,6.987942408694114,22.75350600792634
5.624285714285715,-1.885719440803501,6.578391931783595,23.11453816861714
5.633571428571428,-1.76863338335607,6.208503970993567,23.50574952761183
5.642857142857142,-1.663394007665448,5.877528516131525,23.91658132299374
5.652142857142857,-1.569217552912103,5.582445931379472,24.33847651417463
5.661428571428572,-1.484851452056506,5.318855756472202,24.76517884071796
5.670714285714286,-1.40884994430759,5.081837888893662,25.19274947754642
5.68,-1.339811317358159,4.866713468694449,25.61933219970765
5.689285714285714,-1.276559383157005,4.669640688421253,26.04471668020388
5.698571428571428,-1.218257858381096,4.487997498772786,26.46976871155511
5.707857142857143,-1.164453887562744,4.320528998538839,26.89580893693175
5.717142857142856,-1.115055257869178,4.167267609362162,27.32402286933442
5.726428571428571,-1.070253399511713,4.029262051462421,27.75497350330777
5.735714285714286,-1.030409539510717,3.90817076195782,28.18826698632675
5.745,-0.9959235554792906,3.805784197344956,28.62239735219553
5.754285714285714,-0.9671042880059723,3.723539645595468,29.05477364744235
5.763571428571428,-0.9440571908758506,3.662085294261311,29.48191494843412
5.772857142857142,-0.9266013619667455,3.620941097137487,29.89978589471741
5.782142857142857,-0.9142241049389321,3.598294589785156,30.30423555177148
5.791428571428572,-0.9060776066619723,3.590960031226881,30.69149342556372
5.800714285714286,-0.9010189374848896,3.594517055623618,31.05866739648394
5.81,-0.8976909502129844,3.603627960415474,31.40418072018053
5.819285714285714,-0.894637383283289,3.612509883146585,31.72808285033606
5.828571428571428,-0.890440600582618,3.615511561717752,32.03217636632066
5.837857142857143,-0.8838656210919204,3.607719777725693,32.31992293333445
5.847142857142857,-0.8739907236947136,3.585505727529332,32.59612422998588
5.856428571428571,-0.8603044938626296,3.546923338988117,32.86641330548227
5.865714285714286,-0.842752785616986,3.491892541155271,33.13662818181125
5.875,-0.8217266512391875,3.422137064117651,33.41216261732215
5.884285714285714,-0.7979924040362412,3.340889537962212,33.69739242499988
5.893571428571429,-0.7725751921003063,3.252415643364423,33.99525942720238
5.902857142857142,-0.7466152426535171,3.161435290415526,34.30706464449813
5.912142857142856,-0.7212195955575544,3.072528628430715,34.63248615061443
5.921428571428572,-0.6973313122474888,2.989609399112229,34.9698030090304
5.930714285714286,-0.6756336306182289,2.915531879195266,35.31627974832875
5.94,-0.6564997542493931,2.851874879923076,35.66864773366163
5.949285714285714,-0.6399913467816577,2.798920235019433,36.02361059223846
5.958571428571428,-0.6259014675031058,2.75581599860902,36.37830044538256
5.967857142857143,-0.6138314322755886,2.720888223489076,36.73062055214135
5.977142857142857,-0.6032865598784652,2.69204281845465,37.07942850878538
5.986428571428572,-0.5937735729161059,2.667184914672652,37.42454131244877
5.995714285714286,-0.5848830562802287,2.644581657537137,37.76657561127004
6.005,-0.5763439648688653,2.62310746256969,38.1066669255738
6.014285714285714,-0.5680432226056253,2.602336757384223,38.44613322536384
6.023571428571429,-0.5600107823925755,2.582482327999068,38.78615540172478
6.032857142857142,-0.5523774863826951,2.564209571039997,39.12753816883063
6.042142857142856,-0.5453180713223907,2.54838059083245,39.47059252308114
6.051428571428572,-0.5389936257687138,2.535792234967159,39.81515109380592
6.060714285714286,-0.5335064663674463,2.526967599664605,40.16069777186799
6.07,-0.5288763134955065,2.522043406423955,40.50656938429426
6.079285714285714,-0.525040939277859,2.520770460006051,40.85217444813399
6.088571428571428,-0.521878506218759,2.522616905525805,41.19717429982371
6.097857142857142,-0.5192439332719234,2.526940251276108,41.54158466074439
6.107142857142857,-0.5170088505356407,2.533179430223182,41.88577785690437
6.116428571428572,-0.5150945911608146,2.541015968416252,42.23039211120566
6.125714285714285,-0.5134901699231996,2.550464094378726,42.57617801547831
6.135,-0.5122516291468044,2.561870462457743,42.9238273770769
6.144285714285714,-0.5114843141847689,2.575829426976803,43.27383228427575
6.153571428571428,-0.5113141971737925,2.593042690429064,43.62641201918321
6.162857142857143,-0.5118571108346354,2.61416665757953,43.9815253984511
6.172142857142856,-0.5131950089841333,2.639693338686211,44.33896174442747
6.181428571428571,-0.5153661380838961,2.669900688462882,44.69848142605773
6.190714285714286,-0.5183719281208948,2.704888479260372,45.05996258666113
6.2,-0.5221985925080668,2.744691293416126,45.42350820321671
6.209285714285715,-0.526847154209286,2.789437475281801,45.78947803165333
6.218571428571428,-0.5323630629200478,2.839508313668647,46.15843096179417
6.227857142857142,-0.5388565012137729,2.895649930343822,46.5309894219415
6.237142857142857,-0.5465070231965978,2.959002618235045,46.90766145398737
6.246428571428572,-0.5555507288879523,3.031036009734863,47.28867076289026
6.255714285714286,-0.5662535445432995,3.113407344559154,47.67384550514471
6.265,-0.5788788523502482,3.207786341383277,48.06260158984775
6.274285714285714,-0.593660309306691,3.315706121137715,48.45402863810477
6.283571428571428,-0.610790320312714,3.438499729051723,48.8470526946927
6.292857142857143,-0.6304311038798971,3.577363852904152,49.24061769113979
6.302142857142856,-0.6527491979810409,3.733557240203485,49.63380652361442
6.311428571428571,-0.6779668671213239,3.908697324802916,50.02582016790613
6.320714285714286,-0.7064169293648188,4.105074617813174,50.41575378696429
6.33,-0.7385828876998215,4.325872115764727,50.8021512162361
6.339285714285714,-0.7751054357690996,4.575166471609587,51.18237660068215
6.348571428571428,-0.8167400798368224,4.85760458649886,51.55190319797855
6.357857142857142,-0.8642583116715497,5.177693578243127,51.90367248671815
6.367142857142857,-0.9182950204590596,5.538709603419168,52.22771172800756
6.376428571428572,-0.9791557574732987,5.941316239107461,52.5112071117587
6.385714285714286,-1.04660746051861,6.382079988368375,52.73920392193422
6.395,-1.119684392984201,6.852168368211248,52.89603269935967
6.404285714285714,-1.196546902537232,7.336592007471686,52.96742861076018
6.413571428571428,-1.274433325478392,7.814365648651507,52.94311992341301
6.422857142857143,-1.34974277202813,8.259863924317143,52.81944260098845
6.432142857142857,-1.418274853271882,8.645406076194577,52.60136820028126
6.441428571428571,-1.475627767899309,8.944750632816509,52.30331584658503
6.450714285714286,-1.517718149977109,9.136831362459963,51.94833170816801
6.46,-1.541342097073909,9.208883439108613,51.56563759390745
6.469285714285714,-1.544663397053449,9.158213446334052,51.18702704668764
6.478571428571429,-1.527511980604432,8.992242920367206,50.84291684883479
6.487857142857142,-1.491413636016344,8.726943346316462,50.55890260406249
6.497142857142856,-1.439341622854359,8.384172315274533,50.35342805554712
6.506428571428572,-1.375254427071597,7.988582006154815,50.23679954306369
6.515714285714286,-1.303531546603766,7.564701424645523,50.21143107510879
6.525,-1.228426252243684,7.134590132375458,50.27299891635194
6.534285714285714,-1.153627058101423,6.716239408669493,50.41212989993905
6.543571428571428,-1.08197687208675,6.322731338279446,50.61629381616401
6.552857142857142,-1.015358452239679,5.962075379773745,50.87165223782732
6.562142857142857,-0.9547263375226065,5.637605405103743,51.16468946266037
6.571428571428572,-0.9002497940221388,5.348806492904404,51.48350165005591
6.580714285714286,-0.8515250949957242,5.092427247971164,51.81865639721663
6.59,-0.8078149501470634,4.863714956414858,52.16357406945438
6.599285714285714,-0.768276177162628,4.657597756302851,52.51443582394951
6.608571428571429,-0.7321434917031755,4.469646446367554,52.8696894510601
6.617857142857143,-0.6988477382590413,4.296689053152711,53.22928767731531
6.627142857142856,-0.6680602966993966,4.137020785099431,53.59383414735139
6.636428571428572,-0.6396697003790366,3.990234268755764,53.96381548950389
6.645714285714286,-0.6137087292963046,3.856768129853426,54.33906215674899
6.655,-0.5902576935287452,3.737318172678909,54.71851719880814
6.664285714285715,-0.5693509114884366,3.63226659197489,55.10031832401415
6.673571428571428,-0.5509088326892276,3.54126272028594,55.48213154825078
6.682857142857142,-0.5347095306452488,3.463042045842841,55.86162674944302
6.692142857142857,-0.5204027150573755,3.395509662051495,56.23696363031296
6.701428571428572,-0.5075593002446741,3.336051921809319,56.60716352657472
6.710714285714285,-0.4957418616541764,3.281988179149559,56.97227634801536
6.72,-0.4845773973679762,3.231044403028288,57.33330564116611
6.729285714285714,-0.4738143471864454,3.181729560044854,57.69191595156398
6.738571428571428,-0.463350562803437,3.133524321232256,58.05000000632286
6.747857142857143,-0.4532266455051925,3.086841902984851,58.40921502250738
6.757142857142856,-0.4435877839120833,3.042778681774464,58.77060029037285
6.766428571428571,-0.4346247082300504,3.002722333479364,59.13436324617582
6.775714285714286,-0.4265088276133608,2.96791594125903,59.49987695955235
6.785,-0.419337154842192,2.939082346643886,59.8658803965221
6.794285714285714,-0.4130994320036075,2.916194768191628,60.23082602014671
6.803571428571428,-0.4076739941283147,2.898442831792162,60.59328692743819
6.812857142857142,-0.4028518644947822,2.88439612863262,60.95232409933801
6.822142857142857,-0.3983819887978639,2.872320525216725,61.30772582067321
6.831428571428572,-0.3940258184104173,2.860566405579878,61.66006360869474
6.840714285714286,-0.3896076531161112,2.847931784939162,62.01055474375997
6.85,-0.3850486290981295,2.833911264395186,62.36076939345885
6.859285714285714,-0.3803766035842201,2.818772096877013,62.7122579181231
6.868571428571428,-0.3757103281488517,2.803442913060963,63.06619157052415
6.877857142857143,-0.3712226373927344,2.789246958917354,63.4231036342354
6.887142857142857,-0.3670923064821113,2.777548292472379,63.78279090237466
6.896428571428571,-0.3634565861577331,2.769398061624412,64.14439514545514
6.905714285714286,-0.36037577429273,2.765265546418609,64.50664096679819
6.915,-0.357817863390316,2.764916727453702,64.86816998451111
6.924285714285714,-0.3556662390077731,2.767467158473038,65.22788938894948
6.933571428571429,-0.3537478360885463,2.771593965582615,65.58525033850889
6.942857142857142,-0.3518743688910568,2.77585342002288,65.94038920446565
6.952142857142857,-0.3498863129202889,2.779025030578742,66.2940986242936
6.961428571428572,-0.3476888980325014,2.780397168358599,66.6476375742443
6.970714285714286,-0.3452715577332915,2.77992469111358,67.00242946429459
6.98,-0.3427065197229223,2.778221829106515,67.3597242144709
6.989285714285714,-0.3401274344819857,2.776394892235205,67.72030763507244
6.998571428571428,-0.3376937901529556,2.775758354954847,68.08432802014842
7.007857142857143,-0.3355501473398471,2.77750507035922,68.45127994492391
7.017142857142857,-0.3337901966395382,2.78241089577829,68.82014676024424
7.026428571428572,-0.3324341668899052,2.790644480607148,69.18966540539624
7.035714285714286,-0.3314246593161546,2.801727087457872,69.55864839045573
7.045,-0.330641441507478,2.814651068308391,69.92628448327775
7.054285714285714,-0.3299311892587791,2.828127214427957,70.2923449587303
7.063571428571429,-0.3291446625042619,2.840899717149724,70.65724538055734
7.072857142857142,-0.3281721490802761,2.852050876898078,71.02194856221544
7.082142857142856,-0.3269685920950066,2.861220541148163,71.38773378345755
7.091428571428572,-0.3255624867103765,2.868687003447822,71.75589033852194
7.100714285714286,-0.3240467176778073,2.875291001644237,72.12741151716502
7.11,-0.3225539689759737,2.882223276015002,72.50276386328611
7.119285714285714,-0.3212230433200104,2.890729034355778,72.88178698732115
7.128571428571428,-0.3201644802608102,2.901801892740984,73.26374681552173
7.137857142857142,-0.319433813540276,2.915941451435116,73.64752804015652
7.147142857142857,-0.3190187563281964,2.933032789937248,74.03191831193959
7.156428571428572,-0.318843109742873,2.952376662974566,74.41591485498921
7.165714285714285,-0.3187861186616228,2.972862747016721,74.79897873370535
7.175,-0.3187123096075387,2.993243361836311,75.1811745578144
7.184285714285714,-0.3185043958275677,3.012440224263088,75.5631614109511
7.193571428571429,-0.3180911985623239,3.029808510772964,75.94603759986079
7.202857142857143,-0.3174638625011976,3.045293254633089,76.33107813866761
7.212142857142856,-0.316676607899071,3.05944019695699,76.71943027584207
7.221428571428572,-0.3158321133405295,3.073259499167656,77.11184212272848
7.230714285714286,-0.3150553842212057,3.087976796432359,77.50849046556881
7.24,-0.3144626934875356,3.1047330401863,77.90894895652363
7.249285714285715,-0.314133235590734,3.124306315333634,78.31230358258338
7.258571428571428,-0.3140903103801566,3.146923045263732,78.71738685111181
7.267857142857142,-0.3142964128629356,3.172204335985948,79.12307363466654
7.277142857142857,-0.3146631747121353,3.199260632702226,79.5285666042677
7.286428571428572,-0.3150735122836322,3.226911806202865,79.93360135582196
7.295714285714286,-0.3154104280732203,3.253978835212108,80.33852062361593
7.305,-0.3155853704541035,3.279575244231517,80.74419909022318
7.314285714285714,-0.3155592479205644,3.303326309670147,81.15183737730356
7.323571428571428,-0.3153510727028774,3.325462057026578,81.56267631916567
7.332857142857143,-0.3150323062637438,3.346761588144815,81.97770215868651
7.342142857142856,-0.3147085129897335,3.368363058595767,82.39741503650126
7.351428571428571,-0.3144930072340574,3.391486342668753,82.82171706717631
7.360714285714286,-0.3144790457766757,3.417136245501785,83.24994684783611
7.37,-0.3147173461741142,3.445858466829237,83.68105175794369
7.379285714285714,-0.3152042953549236,3.477607706318163,84.1138562061965
7.388571428571428,-0.315883538806344,3.511760363544882,84.54736067378008
7.397857142857142,-0.3166603720933975,3.547269332124597,84.98099850203951
7.407142857142857,-0.3174252730941228,3.582923542522815,85.41478711546479
7.416428571428572,-0.3180807417704077,3.617648719897992,85.8493359014703
7.425714285714286,-0.3185648700551858,3.65077515326744,86.28570831212345
7.435,-0.3188659285440399,3.682206204923968,86.72517203546379
7.444285714285714,-0.3190245175319407,3.712445953046741,87.16889891679995
7.453571428571428,-0.3191229212742935,3.74247934015608,87.61768855773977
7.462857142857143,-0.3192644459445069,3.773534474581326,88.07178333200162
7.472142857142857,-0.3195479283387762,3.806785316516189,88.53081990453312
7.481428571428571,-0.3200436936182754,3.843067216796126,88.99392908746586
7.490714285714286,-0.3207767832942765,3.882674632792775,89.45996001808884
7.5,-0.3217214214122035,3.925290713588501,89.92777450186527
7.509285714285714,-0.3228079136798164,3.970066780936429,90.39653993216537
7.518571428571429,-0.323940154974736,4.015833255735105,90.86594883273649
7.527857142857143,-0.3250193721326495,4.061390982951582,91.33631035955348
7.537142857142857,-0.3259682551202267,4.105811443954497,91.80849030464506
7.546428571428572,-0.3267495851421376,4.148671576674652,92.28371369071931
7.555714285714286,-0.3273748660209868,4.190164886717897,92.76327834055614
7.565,-0.3279009598166487,4.231061195986388,93.24824996362253
7.574285714285714,-0.3284156925871992,4.272524788391233,93.73921375381722
7.583571428571428,-0.3290160858878639,4.315835393193726,94.23614343815753
7.592857142857143,-0.3297846194090832,4.362080009974316,94.73842000086896
7.602142857142858,-0.3307693290914174,4.411890670483518,95.24499605064653
7.611428571428572,-0.3319725287977295,4.465292411108541,95.75466653317942
7.620714285714286,-0.3333507901651794,4.521699489966589,96.26638037689342
7.63,-0.3348260602278462,4.580062124572754,96.7795169424349
7.639285714285714,-0.3363051014613725,4.639129046267536,97.29405881142557
7.648571428571429,-0.3377024439175502,4.69776203283754,97.81061722735404
7.657857142857144,-0.3389612207824623,4.755224914690731,98.33030268570111
7.667142857142857,-0.3400668172403521,4.811375263540987,98.85447173677872
7.676428571428572,-0.3410500631798025,4.866710853809302,99.38441205606718
7.685714285714286,-0.3419792950334761,4.922258901010781,99.92104326657666
7.695,-0.3429433489407471,4.979334804089601,100.4647071266437
7.704285714285714,-0.3440297424614421,5.039229029484197,101.0150988353011
7.713571428571428,-0.3453034207637197,5.102898334528578,101.57135697271
7.722857142857143,-0.3467912339756216,5.170736822402743,102.1322912131406
7.732142857142858,-0.3484758555603263,5.242483582021708,102.6966933454389
7.741428571428572,-0.3503005218540591,5.317291064001332,103.2636561812628
7.750714285714285,-0.3521833386689095,5.393939262807207,103.8328218941487
7.76,-0.354037591220544,5.4711445046187,104.4044975525725
7.769285714285714,-0.3557930589241837,5.547887355728013,104.9796077255261
7.778571428571428,-0.3574131233229702,5.623678460753162,105.5594943399759
7.787857142857144,-0.3589035206142711,5.698695880444066,106.1456122035802
7.797142857142857,-0.3603106692777903,5.773759098913868,106.7391948571162
7.806428571428571,-0.3617100788249342,5.850145174323944,107.3409730105008
7.815714285714286,-0.363187771801557,5.929291308910583,107.9510150820486
7.825,-0.3648193267371841,6.012455973994572,108.5687297634778
7.834285714285715,-0.3666516747073431,6.100421189806204,109.1930313719229
7.843571428571428,-0.3686920517265598,6.193309309942009,109.8226292345977
7.852857142857143,-0.3709067247323603,6.290560726095215,110.4563716597983
7.862142857142858,-0.3732297152271535,6.391080252843554,111.0935605681715
7.871428571428572,-0.3755793189912182,6.493518486522055,111.7341585949585
7.880714285714286,-0.3778783412338422,6.596620302126714,112.378835783556
7.89,-0.3800730846955365,6.699554790528005,113.0288421808295
7.899285714285714,-0.3821464597302153,6.802144441612244,113.6857360132731
7.908571428571428,-0.3841220522974781,6.904935728511714,114.3510334874852
7.917857142857144,-0.3860582254553623,7.009092273550388,115.0258662003808
7.927142857142858,-0.3880337819754494,7.116135491261725,115.7107307076601
7.936428571428571,-0.3901287677734665,7.227595127554697,116.4053926271566
7.945714285714286,-0.3924051452598266,7.344654501260542,117.1089703949483
7.955,-0.3948920461725324,7.467877377488509,117.8201803591363
7.964285714285714,-0.3975791518068006,7.597084728884137,118.5376853806422
7.973571428571428,-0.4004197441506356,7.731414188385623,119.2604628000604
7.982857142857143,-0.4033426145551972,7.869550686443816,119.9881011771398
7.992142857142857,-0.4062698720747808,8.010074071289148,120.720950972759
8.001428571428571,-0.4091362740758073,8.151839227140066,121.4600892903516
8.010714285714286,-0.4119053506061292,8.294294572605883,122.2071046615283
8.02,-0.4145784004405748,8.437658904680649,122.9637530275626
8.029285714285715,-0.4171942049640706,8.582911036825983,123.7315687959379
8.038571428571428,-0.4198195967843353,8.731592753401813,124.5115267248869
8.047857142857143,-0.4225332603698501,8.885471612178504,125.303838597697
8.057142857142857,-0.4254067762272918,9.046144834869509,126.1079363695421
8.066428571428572,-0.4284875538530398,9.21468079068411,126.9226485947862
8.075714285714286,-0.4317877941982975,9.391386860053194,127.7465299743754
8.085000000000001,-0.435282121312178,9.575763276790356,128.5782657039419
8.094285714285714,-0.4389143998981848,9.766658172489896,129.4170521795795
8.103571428571428,-0.4426120239918016,9.962589595041029,130.262859097639
8.112857142857143,-0.4463041554480883,10.16215780158473,131.1165052753558
8.122142857142858,-0.449939443317659,10.36444677829569,131.979525708433
8.131428571428572,-0.4534988987799734,10.56931469179106,132.8538593886258
8.140714285714285,-0.4570008039878127,10.77749923936945,133.7414328228553
8.15,-0.4604965016087534,10.9905091072539,134.6437411886151
8.159285714285714,-0.4640581546986058,11.21032543841875,135.5615307812316
8.168571428571429,-0.4677615245299781,11.43898422878307,136.4946626444461
8.177857142857144,-0.4716680056446299,11.67814063448679,137.4421939971678
8.187142857142858,-0.4758103013372703,11.92872226426472,138.40266153185
8.196428571428571,-0.4801852009932473,12.19075902024431,139.3745010068296
8.205714285714286,-0.4847551715056286,12.46343587562444,140.3565024647786
8.215,-0.4894583268864232,12.74536111794632,141.3481888194285
8.224285714285713,-0.4942243089384769,13.03498865645968,142.3500214482865
8.233571428571429,-0.4989921836107508,13.33109263389201,143.3633771819508
8.242857142857144,-0.5037259780927795,13.63317686232196,144.3902972729392
8.252142857142857,-0.5084240735006054,13.94171549221793,145.4330663813581
8.261428571428572,-0.5131201862268828,14.25816181641632,146.4937233367345
8.270714285714286,-0.5178757428641637,14.58471897172275,147.5736240453465
8.279999999999999,-0.5227655628100001,14.92392517261572,148.6731657836804
8.289285714285715,-0.5278603858385034,15.27815257839683,149.7917441732979
8.298571428571428,-0.5332105245992237,15.64914194657412,150.9279585007094
8.307857142857143,-0.5388346153895908,16.0376893269806,152.0800206076658
8.317142857142857,-0.544716174500959,16.44356694746246,153.2462713003467
8.326428571428572,-0.5508087583439485,16.86570511213614,154.4256785733966
8.335714285714285,-0.5570484354106758,17.30259772687538,155.618192224521
8.345000000000001,-0.5633705071175267,17.75283657744159,156.8248612936389
8.354285714285714,-0.569726388082221,18.21564391423149,158.0476777300273
8.363571428571428,-0.5760965257748275,18.69126960331637,159.2891779809335
8.372857142857143,-0.5824962171126018,19.18115002642382,160.5518961679177
8.382142857142858,-0.5889729281087338,19.68778360578317,161.8378018515353
8.391428571428571,-0.5955958090811343,20.21434768031322,163.1478618664837
8.400714285714287,-0.6024400032081529,20.76414606234858,164.4818377699129
8.41,-0.6095696008684187,21.34002037103436,165.8383748906902
8.419285714285714,-0.6170233960547834,21.94387073980421,167.2153687182202
8.428571428571429,-0.6248068933412014,22.57640918336604,168.6105254907352
8.437857142857144,-0.6328924782762552,23.23721569406829,170.021982555641
8.447142857142858,-0.641227676816952,23.92509413981939,171.4488336757244
8.456428571428571,-0.6497494676079558,24.63864914239637,172.8914220197198
8.465714285714286,-0.658401143852736,25.37694565457236,174.351317111621
8.475,-0.6671476039335938,26.14008658579836,175.830969571975
8.484285714285715,-0.6759853364637574,26.92955915293404,177.3331195376946
8.493571428571428,-0.6849446669060497,27.74825492955068,178.860099539301
8.502857142857144,-0.694083731066695,28.60014833565458,180.4132030840761
8.512142857142857,-0.7034756651536758,29.48970344033508,181.9922782441706
8.521428571428572,-0.7131921509398377,30.42114849100284,183.5956539792304
8.530714285714286,-0.7232873251136062,31.39779477830822,185.2204277414437
8.539999999999999,-0.7337859504745746,32.42157187388082,186.8630541246523
8.549285714285714,-0.7446786922810924,33.49290434746761,188.5200964103929
8.558571428571428,-0.7559256089814032,34.61097453471001,190.1889551722164
8.567857142857143,-0.7674669717806333,35.7743193158428,191.8683847027538
8.577142857142858,-0.7792387487662764,36.98161982195884,193.5586533372064
8.586428571428572,-0.7911889533984593,38.23248578731108,195.261289424911
8.595714285714287,-0.803290842097828,39.52802849687237,196.9784601578353
8.605,-0.8155497105910309,40.87106250196714,198.7121280086963
8.614285714285714,-0.8280016020093826,42.26586586188004,200.4631926899138
8.623571428571429,-0.8407042180684798,43.71753897184798,202.2308380791129
8.632857142857143,-0.8537222280852713,45.23110529686225,204.0122598994222
8.642142857142856,-0.8671105295400947,46.81056806043497,205.8028610666455
8.651428571428571,-0.8808994995029726,48.45815735074872,207.5968877527394
8.660714285714286,-0.8950857792765733,50.17396516521757,209.3883664966457
8.67,-0.9096307845254277,51.95607691753044,211.1721185914587
8.679285714285713,-0.9244672594440805,53.80118500888499,212.9445960203184
8.688571428571429,-0.939512245099148,55.70554239145944,214.7043165982253
8.697857142857144,-0.9546832748595926,57.66601604689158,216.4517715735174
8.707142857142857,-0.9699138211085069,59.68096186023371,218.1888150554066
8.716428571428573,-0.9851641959657056,61.75067830849827,219.9176853913089
8.725714285714286,-1.000425220616337,63.87730013978053,221.6399146034177
8.734999999999999,-1.015713756445351,66.06413827124652,223.3554228561286
8.744285714285713,-1.031061198817504,68.3146204442763,225.0620584064878
8.753571428571428,-1.046497773114773,70.63110037550101,226.75573773463
8.762857142857143,-1.062036513541914,73.01385190821432,228.4311905633187
8.772142857142857,-1.077660896642721,75.46053440291369,230.0831558134351
8.781428571428572,-1.093319227216252,77.96630928908429,231.7077464476193
8.790714285714287,-1.108927250239187,80.52462692408196,233.3036389894758
8.800000000000001,-1.124378479811766,83.12852604104819,234.8727697143006
8.809285714285712,-1.139559869850691,85.77214304433495,236.4203345351183
8.818571428571428,-1.154369151743975,88.45205934485929,237.9540673184181
8.827857142857143,-1.16872975296455,91.16814646081231,239.4829637572011
8.837142857142856,-1.182599799006658,93.92369539008237,241.0157696995471
8.846428571428572,-1.195973153939546,96.72480419400634,242.5596200634951
8.855714285714287,-1.208872416397055,99.57919397616143,244.1191787118501
8.865,-1.22133576823621,102.4947763328782,245.696501567283
8.874285714285714,-1.23340107653211,105.4783664563301,247.2916584759965
8.883571428571429,-1.245091303854826,108.5349078971827,248.903949981374
8.892857142857144,-1.256404931652311,111.6674525743772,250.5333916042986
8.902142857142856,-1.267313841300873,114.8779493580996,252.1820522715347
8.911428571428571,-1.27776924029956,118.1686809840811,253.8548516374266
8.920714285714286,-1.287714220398724,121.5440072313279,255.5595453633503
8.93,-1.297099876599037,125.0119740306628,257.3058306636336
8.939285714285713,-1.305901007656829,128.5853650874282,259.1037339056984
8.948571428571428,-1.314127488883882,132.2819035737,260.961634647443
8.957857142857144,-1.321828446433086,136.1235218920927,262.8843832516039
8.967142857142857,-1.329088114920485,140.1348515712082,264.8719558056895
8.976428571428572,-1.336014289581648,144.341284293538,266.9189658241267
8.985714285714288,-1.342722082224219,148.7670726445355,269.0151479432116
8.994999999999999,-1.349316812457026,153.433948931464,271.1466900016703
9.004285714285713,-1.3558800444992,158.3606366746015,273.2980675525583
9.013571428571428,-1.362461985982441,163.5634272056279,275.453879504824
9.022857142857143,-1.369081904623122,169.0577302889885,277.6001384621969
9.032142857142857,-1.375736274789117,174.8602409181636,279.7245592210847
9.041428571428572,-1.382412506013554,180.9911643366882,281.8156070889415
9.050714285714287,-1.389104773402839,187.475870143042,283.8603691411566
9.06,-1.395827985127452,194.3454356531632,285.8416205825789
9.069285714285714,-1.402626402980838,201.6357751409657,287.7346910555739
9.078571428571429,-1.409574761862316,209.3853797998206,289.5048266104394
9.087857142857143,-1.416771585422198,217.632033901581,291.1056632947465
9.097142857142856,-1.42432630984356,226.4091439942638,292.4791888367386
9.106428571428571,-1.432343334848989,235.742451164839,293.5572135504524
9.115714285714287,-1.440906857425102,245.6478430235502,294.263970180138
9.125,-1.450070142332825,256.1307226610554,294.5191071470227
9.134285714285713,-1.4598518062863,267.18695111122,294.240137751567
9.143571428571429,-1.470240006888216,278.8048432745746,293.3434583508427
9.152857142857144,-1.481203536867195,290.9672109168417,291.7434014570936
9.162142857142857,-1.492707176028054,303.6521841650656,289.3494048369662
9.171428571428571,-1.504727638112338,316.8316448250432,286.0621110994625
9.180714285714286,-1.517266312034521,330.466614265277,281.7698487920312
9.19,-1.530355774369256,344.4997731188459,276.3472663902905
9.199285714285713,-1.544058557981114,358.8462575332629,269.6577399893125
9.208571428571428,-1.558458533999655,373.3847199769768,261.560507850469
9.217857142857143,-1.57364704341375,387.95108908937,251.9223840662139
9.227142857142857,-1.589707168532062,402.3372797849426,240.6325977128911
9.236428571428572,-1.606699965995302,416.2961819340726,227.6181655944046
9.245714285714287,-1.624655998503366,429.5527201935579,212.8566902709064
9.255000000000001,-1.64357422738185,441.8190694470806,196.3839432533412
9.264285714285712,-1.663428569768581,452.8109077865523,178.2950702725269
9.273571428571428,-1.68418059723167,462.2615178225446,158.740264768261
9.282857142857143,-1.705795385865618,469.9317918602795,137.9174289544701
9.292142857142856,-1.728256768958502,475.6162758527138,116.0648304806495
9.301428571428572,-1.751578377675338,479.1473073217697,93.45573424204755
9.310714285714287,-1.775807857479459,480.40004794063,70.39488289743474
9.32,-1.8010232813585,479.3002931453536,47.2145656788764
9.329285714285714,-1.827322650988416,475.8346977711662,24.267014096461
9.338571428571429,-1.854809030156051,470.0605557523238,1.910679713805361
9.347857142857144,-1.883574893532421,462.1108346427849,-19.50961484981144
9.357142857142856,-1.913689455102659,452.1906934026912,-39.68568669447479
9.366428571428571,-1.945192029897688,440.5641407178567,-58.3671586113012
9.375714285714286,-1.978093055058173,427.532745771731,-75.37572641670754
9.385,-2.012382588856344,413.4108811168722,-90.6094585521007
9.394285714285713,-2.048044339961929,398.5027636222738,-104.0370965834488
9.403571428571428,-2.085071965650619,383.085436903227,-115.6850451147763
9.412857142857144,-2.123483828032867,367.3995537056012,-125.6211435876355
9.422142857142857,-2.163332748903202,351.6474361264497,-133.9391687916006
9.431428571428572,-2.204708481203358,335.9962419136818,-140.746749970027
9.440714285714288,-2.247732341949741,320.5834763817663,-146.1576889442753
9.449999999999999,-2.29254531451316,305.5224456341127,-150.2881943241597
9.459285714285713,-2.3392924802592,290.9061778942132,-153.2556396384573
9.468571428571428,-2.388107512416604,276.8094136398805,-155.1782391559298
9.477857142857143,-2.439100958073195,263.2891252749114,-156.1743765940398
9.487142857142857,-2.492355156932265,250.3844725167229,-156.3609632025053
9.496428571428572,-2.547927107323943,238.1171080226946,-155.850860771487
9.505714285714287,-2.605858746931335,226.4924388365908,-154.7498698342399
9.515000000000001,-2.666192389991231,215.5020087464859,-153.1539623411729
9.524285714285714,-2.728987851752666,205.1267660221559,-151.1473554430808
9.533571428571427,-2.794337380022459,195.3407270808147,-148.801773148699
9.542857142857143,-2.862375008031106,186.1144720955284,-146.1769370471394
9.552142857142856,-2.933278236540906,177.4179903348486,-143.3220577831937
9.561428571428571,-3.007261747021933,169.2225782745137,-140.277923017461
9.570714285714287,-3.084564719386995,161.5017201700371,-137.0791184971943
9.58,-3.165434835910609,154.2310905234899,-133.7559709132422
9.589285714285714,-3.250112846837269,147.38796535862,-130.3359358486484
9.598571428571429,-3.33882147506283,140.9503894338405,-126.8443279444104
9.607857142857144,-3.431761477306417,134.8964188136833,-123.3044564849042
9.617142857142857,-3.529116079951693,129.2036639240451,-119.7373499329965
9.626428571428571,-3.631063129219901,123.8492317833775,-116.1613075491068
9.635714285714286,-3.737792556492751,118.8100432356358,-112.5915053695148
9.645,-3.849525551090458,114.0634088563649,-109.0398234126544
9.654285714285713,-3.966531433751093,109.5876997201106,-105.5149745949024
9.663571428571428,-4.089138736905485,105.3629476274061,-102.0229271880819
9.672857142857143,-4.217738317665859,101.3712454497466,-98.56754078274437
9.682142857142857,-4.352778161151895,97.59687806034329,-95.15129281323686
9.691428571428572,-4.494751457170567,94.02618165268476,-91.77596344227521
9.700714285714287,-4.644181112540913,90.64718852641406,-88.44316838724079
9.710000000000001,-4.801604739791751,87.44915354072442,-85.15467325652139
9.719285714285714,-4.967564151663426,84.42207113910685,-81.91247634777977
9.728571428571428,-5.142602501675801,81.55627876001509,-78.71869618973193
9.737857142857143,-5.327270643388214,78.84221020961311,-75.57533471666655
9.747142857142856,-5.522142371732367,76.27032132509945,-72.48400129933671
9.756428571428572,-5.727836362082336,73.83117048357026,-69.44567699118585
9.765714285714287,-5.945041226677023,71.51560644684659,-66.460576824764
9.775,-6.174539463113002,69.31500031701833,-63.52813779598336
9.784285714285716,-6.417226318995342,67.22145793413169,-60.6471287422027
9.793571428571429,-6.67412068752946,65.22796172442462,-57.81585207105739
9.802857142857144,-6.946366832552652,63.32841251639885,-55.03239072695812
9.812142857142856,-7.235227622003885,61.51756676867877,-52.29484899314559
9.821428571428571,-7.542071566585861,59.79088751020709,-49.6015422925495
9.830714285714286,-7.868356888743117,58.14434357408372,-46.95110637635288
9.84,-8.21561576811435,56.57419876754042,-44.34251593060851
9.849285714285715,-8.585440643827226,55.0768301218093,-41.77502197421423
9.858571428571429,-8.979471934241378,53.6486041002623,-39.24803242767372
9.867857142857144,-9.39938272758571,52.28582482507331,-36.76096838906572
9.877142857142857,-9.84685078016145,50.98475267437855,-34.3131292937977
9.886428571428572,-10.32350116054237,49.74167823008847,-31.90359422632875
9.895714285714288,-10.83079328549582,48.55302774641931,-29.53117626300866
9.904999999999999,-11.3698124733481,47.41547308170002,-27.19443440609009
9.914285714285715,-11.94090644858519,46.32602127266288,-24.89173592621037
9.923571428571428,-12.54307955156132,45.28206558312107,-22.62135283954577
9.932857142857143,-13.17302290324846,44.28138923021532,-20.38157118626539
9.942142857142857,-13.82363034349141,43.32212306600507,-18.17079127419787
9.951428571428572,-14.48187308240084,42.40266730988227,-15.98760074270204
9.960714285714287,-15.12609710388471,41.5215934497734,-13.83080906144589
9.970000000000001,-15.72338484973369,40.67754481579158,-11.69944030394629
9.979285714285716,-16.2287872236315,39.86915303672959,-9.592689023812088
9.988571428571428,-16.58956566235177,39.09498327973768,-7.509850373275594
9.997857142857143,-16.7570416428159,38.35351497017439,-5.450239307559098
10.00714285714286,-16.70348524025235,37.64315788279104,-3.413114474429187
10.01642857142857,-16.43409789249959,36.96229729154658,-1.397620388591001
10.02571428571429,-15.98463175638083,36.30935721594871,0.5972426712910779
10.035,-15.4066650303538,35.68286832433576,2.572617083408518
10.04428571428572,-14.75151436719005,35.08152700051453,4.529756491291034
10.05357142857143,-14.06078146743106,34.50423433084453,6.46997168806451
10.06285714285714,-13.36399889243401,33.95010785663375,8.394564636765278
10.07214285714286,-12.68022234766542,33.41846410913505,10.3047632298986
10.08142857142857,-12.02077528480751,32.90877528330743,12.20166887454153
10.09071428571429,-11.39176157750892,32.42060798950877,14.08622637585287
10.1,-10.79594542781487,31.95355509042436,15.95922140023458
10.10928571428571,-10.23402916296992,31.50717271481032,17.82130579138828
10.11857142857143,-9.705479272789441,31.08093351810266,19.67304604613214
10.12785714285714,-9.209047436044184,30.67420434511718,21.51498614441713
10.13714285714286,-8.743096919506652,30.28625213106752,23.34771332836316
10.14642857142857,-8.305808540242674,29.91627684431541,25.17191477123527
10.15571428571429,-7.895312785830515,29.56346533925905,26.98841452557287
10.165,-7.509775800103507,29.22705599159525,28.79818353162375
10.17428571428571,-7.147454861078061,28.90640168420463,30.60232031134077
10.18357142857143,-6.806731783609789,28.60101862435044,32.40200547516804
10.19285714285714,-6.486128863431984,28.31061075937785,34.19843833478669
10.20214285714286,-6.184310403602424,28.03506392485956,35.99276772900289
10.21142857142857,-5.900072645504109,27.77440957343693,37.78603081004815
10.22071428571429,-5.632325358457775,27.52876394592023,39.57911256764561
10.23,-5.380068872000497,27.2982536988012,41.37273534870747
10.23928571428572,-5.142370571078025,27.0829422524059,43.16748211893267
10.24857142857143,-4.918344598113596,26.88277174499208,44.96385066670172
10.25785714285714,-4.707137670110289,26.6975331936571,46.76232956789494
10.26714285714286,-4.507922625979491,26.52687251349688,48.56348176090445
10.27642857142857,-4.319899781357736,26.37033319287937,50.36801911694383
10.28571428571429,-4.142304657720003,26.22742887692051,52.17685215400627
10.295,-3.974419448544422,26.09773237221673,53.99110318533584
10.30428571428572,-3.815584919546695,25.98096316850216,55.81207816329756
10.31357142857143,-3.665209448859954,25.87705466080545,57.64120102953645
10.32285714285714,-3.522772601783678,25.78618536454174,59.47992276574055
10.33214285714286,-3.387821866447713,25.70876518467697,61.32962368060435
10.34142857142857,-3.259962693589821,25.645376999836,63.19153021172847
10.35071428571429,-3.138843460467394,25.59668359708944,65.06666581976994
10.36,-3.024138096918389,25.56331825904018,66.95584948829435
10.36928571428571,-2.915529631788834,25.54578218985676,68.85974593143074
10.37857142857143,-2.81269773386577,25.54437219236295,70.77896062139399
10.38785714285714,-2.715312478712979,25.55915715989099,72.71416239816645
10.39714285714286,-2.623035254750227,25.59001262190462,74.66620899990697
10.40642857142857,-2.535526208839168,25.6367103948276,76.63624826623264
10.41571428571429,-2.452456244119648,25.69904778203053,78.62577109096344
10.425,-2.373520618564721,25.7769905885309,80.63660128269363
10.43428571428571,-2.298450865504643,25.87079908469722,82.67082078374095
10.44357142857143,-2.227022148149857,25.981107645854,84.73064345642214
10.45285714285714,-2.15905419219703,26.10893729608539,86.81826350878571
10.46214285714286,-2.094405389478148,26.25563431521958,88.93571244492932
10.47142857142857,-2.03296120677871,26.42274457177195,91.08475904448231
10.48071428571429,-1.974619318605151,26.61184873621074,93.26687970671551
10.49,-1.919274621275304,26.82439448410486,95.48331263838587
10.49928571428571,-1.866807315432232,27.06156548138608,97.73519141225971
10.50857142857143,-1.817076563036215,27.32422196325734,100.0237350058002
10.51785714285714,-1.769920987620175,27.61293439510834,102.3504566029384
10.52714285714286,-1.725165766805405,27.92811221764204,104.7173459314639
10.53642857142857,-1.682634597682909,28.27020789479667,107.1269822441186
10.54571428571429,-1.642163723789924,28.63995733109696,109.5825477449488
10.555,-1.603614744894859,29.03860610957345,112.0877323233278
10.56428571428571,-1.56688320158084,29.46807047393566,114.6465455550805
10.57357142857143,-1.531900884007718,29.93099360983386,117.2630753076035
10.58285714285714,-1.498631245861917,30.43067968350663,119.9412482073628
10.59214285714286,-1.467058883003275,30.97091580468956,122.6846514585382
10.60142857142857,-1.437175397010062,31.55571960483935,125.496466338636
10.61071428571429,-1.408964793460897,32.18907128247865,128.3795423232209
10.62,-1.382391675984087,32.87469862618187,131.3366110273641
10.62928571428571,-1.357394868806127,33.61597855572489,134.3706068279913
10.63857142857143,-1.333887877605025,34.4159987463489,137.4850331120466
10.64785714285714,-1.311766055407107,35.2777907813954,140.6842964875142
10.65714285714286,-1.290918820673661,36.20470812737067,143.9739313101766
10.66642857142857,-1.271244119136238,37.20088658118105,147.3606555643163
10.67571428571429,-1.252661794352376,38.27170083484786,150.8522340579462
10.685,-1.23512276317845,39.42412567729686,154.4571690927861
10.69428571428571,-1.218611838925036,40.66692717089754,158.1842822062838
10.70357142857143,-1.20314349599862,42.01064567132616,162.0422827035263
10.71285714285714,-1.188751491698893,43.46738175722955,166.0394311546947
10.72214285714286,-1.175474676762242,45.05044788936578,170.1833946050779
10.73142857142857,-1.163342208496714,46.77399194155588,174.4813555329403
10.74071428571429,-1.152361528384239,48.65272372030615,178.9403838000326
10.75,-1.142511849885286,50.70187493569245,183.5680191266345
10.75928571428571,-1.133744663649094,52.93749365536713,188.3729531771441
10.76857142857143,-1.125991183893587,55.37711861233893,193.3656587977603
10.77785714285714,-1.119175083312789,58.04080615683116,198.558801625886
10.78714285714286,-1.113227647227407,60.95240868542898,203.9672934520034
10.79642857142857,-1.108101899711938,64.1409468291334,209.607906102384
10.80571428571429,-1.10378245673905,67.64189551162872,215.4984481388691
10.815,-1.100288810164443,71.49822613714194,221.656595435056
10.82428571428571,-1.097671232769682,75.76111344475606,228.0985387054492
10.83357142857143,-1.096000179284998,80.49031591663839,234.8376465852407
10.84285714285714,-1.095351552223422,85.75435590275944,241.8833279445773
10.85214285714286,-1.095791160410416,91.63073872515945,249.2402047723638
10.86142857142857,-1.097361904854273,98.2065357518776,256.9075770382569
10.87071428571429,-1.10007663697186,105.5796903307862,264.8789807859294
10.88,-1.10391838107016,113.8613636576822,273.1414270785127
10.88928571428571,-1.108847972133803,123.1795012627865,281.6736897630287
10.89857142857143,-1.114817490023828,133.6835621022992,290.4428199793738
10.90785714285714,-1.121786540425629,145.5500179814137,299.3979409686535
10.91714285714286,-1.129737743328047,158.9878178191437,308.460344922211
10.92642857142857,-1.1386879100867,174.2425316788456,317.5089888488264
10.93571428571429,-1.148692311099744,191.5973352090793,326.3606826786668
10.945,-1.159840964231529,211.3683299437114,334.7446235114369
10.95428571428571,-1.172247670316219,233.8908718960702,342.2715704699613
10.96357142857143,-1.18603418057968,259.4925954729701,348.399104933748
10.97285714285714,-1.201313026572631,288.4478096458427,352.3964511559461
10.98214285714286,-1.218172919656425,320.9073540773426,353.315732648177
10.99142857142857,-1.236670150646997,356.798842920621,349.9817817152829
11.00071428571429,-1.25682819172446,395.6963883406627,341.019727668312
11.01,-1.278645980107826,436.6693242149184,324.9471279057915
11.01928571428571,-1.302113507289137,478.139335288425,300.3606614822648
11.02857142857143,-1.327231743456771,517.8048632200968,266.2364811269657
11.03785714285714,-1.354032946117117,552.7206073088394,222.3245319004617
11.04714285714286,-1.382597269852174,579.6204605857604,169.5442925799452
11.05642857142857,-1.413062369609638,595.505117193675,110.2073503800854
11.06571428571429,-1.44562422987884,598.3696467075223,47.872123876438
11.075,-1.480529433123788,587.7936776213596,-13.24517489549334
11.08428571428571,-1.518061069413485,565.100071343649,-69.14234588597236
11.09357142857143,-1.558522043685541,532.9816540800405,-116.835880989086
11.10285714285714,-1.602220311240038,494.778231814784,-154.7804621985337
11.11214285714286,-1.649460390579976,453.7350187093666,-182.8169285104351
11.12142857142857,-1.700544392695358,412.4998767563191,-201.7969991871913
11.13071428571429,-1.755783984898009,372.9306355262663,-213.115223360867
11.14,-1.815522539268262,336.1389475074978,-218.3177376695936
11.14928571428571,-1.880164646225775,302.6521142834477,-218.8523630305023
11.15857142857143,-1.950208651411797,272.598537459967,-215.9491524351648
11.16785714285714,-2.026277263790685,245.866097299514,-210.5906204816049
11.17714285714286,-2.10914178123963,222.2171765352157,-203.5309790201629
11.18642857142857,-2.199737055028341,201.3628341564839,-195.3352276860657
11.19571428571429,-2.299166694818822,183.0056711753778,-186.4210826927177
11.205,-2.4087007414828,166.8616285436719,-177.0956491287553
11.21428571428571,-2.529770564323695,152.6690959623303,-167.584199123865
11.22357142857143,-2.663967576217261,140.191268281466,-158.0512926144789
11.23285714285714,-2.813053164691251,129.2154978860803,-148.6157052589167
11.24214285714286,-2.978986889791484,119.5517213653672,-139.3609073583989
11.25142857142857,-3.16397861863424,111.0309049728538,-130.3426330533035
11.26071428571429,-3.370568191320094,103.5037748438552,-121.5946847982612
11.27,-3.601733977125248,96.83975914210302,-113.1337077630582
11.27928571428571,-3.861029982169933,90.92595443111007,-104.9633293983665
11.28857142857143,-4.152750840753872,85.66594148210004,-97.07781967848456
11.29785714285714,-4.482125993541398,80.97834804273961,-89.46528329790658
11.30714285714286,-4.855549665494173,76.79514485166925,-82.11032887008204
11.31642857142857,-5.280863191146857,73.0597411772674,-74.99615227684659
11.32571428571429,-5.767722781498836,69.72500247958838,-68.10600318752122
11.335,-6.328112766844002,66.75133717244219,-61.42405728473808
11.34428571428571,-6.977109681054168,64.10499019103499,-54.93577375566369
11.35357142857143,-7.734083950274481,61.75664385060441,-48.62786189730427
11.36285714285714,-8.624684018981521,59.68037339468064,-42.48800145569723
11.37214285714286,-9.684281430746381,57.85295043703054,-36.50445588390887
11.38142857142857,-10.96432727110719,56.25344478424464,-30.66569125637676
11.39071428571429,-12.54506237632897,54.86305071931965,-24.96007608200902
11.4,-14.56394985238708,53.6650580050289,-19.3756991881286
11.40928571428571,-17.29072318003147,52.6448960790916,-13.90031181226148
11.41857142857143,-21.38668536939781,51.79019565770142,-8.521379424144165
11.42785714285714,-29.45467811195548,51.09082931706006,-3.226218257125633
11.43714285714286,-33.7322633238631,50.53890765610896,1.997811556010568
11.44642857142857,-22.92994059513555,50.12871870941299,7.163083297955295
11.45571428571429,-18.26713555795961,49.85660558296702,12.28147622261363
11.465,-15.3112353102182,49.72078220895472,17.36416657813285
11.47428571428571,-13.17597361686756,49.72109155968658,22.42146016463607
11.48357142857143,-11.52938628592911,49.85871648538544,27.46269021812226
11.49285714285714,-10.2099207385783,50.13586183301432,32.49620437982756
11.50214285714286,-9.126072928277418,50.55543781624745,37.52946123589788
11.51142857142857,-8.220453693628937,51.12078720039766,42.56924765244888
11.52071428571429,-7.454294196502883,51.83550919487384,47.62201092051735
11.53,-6.799883877052356,52.70343579573029,52.69427477955229
11.53928571428571,-6.23654224299532,53.72880619090825,57.79307940782653
11.54857142857143,-5.748330274473145,54.91665836325726,62.92635999270035
11.55785714285714,-5.32268247753407,56.27341567221975,68.1031664494659
11.56714285714286,-4.949550322103875,57.8075977943617,73.33363714839051
11.57642857142857,-4.620836986537046,59.53054304252358,78.62867578461335
11.58571428571429,-4.329998770324432,61.45700713404813,83.99933828481599
11.595,-4.071741268655301,63.60551235147367,89.45600358040652
11.60428571428571,-3.841770180960056,65.99836335376222,95.00746173151862
11.61357142857143,-3.636576906648814,68.66131592181036,100.6600895780604
11.62285714285714,-3.453251972309472,71.62297084015132,106.4172864244747
11.63214285714286,-3.289326728694408,74.91405176833457,112.2793040894301
11.64142857142857,-3.142646796797051,78.56679603234129,118.2435259000901
11.65071428571429,-3.011280445645747,82.614721290617,124.3051330516566
11.66,-2.893462516429413,87.0930089217121,130.4579590389299
11.66928571428571,-2.787570769580403,92.03965207763609,136.6952013720565
11.67857142857143,-2.692127689444239,97.49735339913887,143.0095732898903
11.68785714285714,-2.605817789019929,103.5159491288701,149.39247585187
11.69714285714286,-2.527509064829657,110.1549309045946,155.8318752931646
11.70642857142857,-2.456267887648258,117.4854918485604,162.3087738692401
11.71571428571429,-2.391359270281483,125.5914864164433,168.7924244205107
11.725,-2.332228637177459,134.5687828386918,175.234700427318
11.73428571428571,-2.278466041223898,144.5226917044843,181.5642350296315
11.74357142857143,-2.229758160264568,155.5634416878105,187.6810356418965
11.75285714285714,-2.18583639893035,167.7999957477133,193.4522260837192
11.76214285714286,-2.146430417954811,181.332787168318,198.7093338855662
11.77142857142857,-2.111235292393042,196.2460929123069,203.2471207770859
11.78071428571429,-2.079897601815321,212.6006007826774,206.8234176291679
11.79,-2.052021758760277,230.4261296354481,209.1589719552042
11.79928571428571,-2.027193646836762,249.7134223550258,209.9362939836568
11.80857142857143,-2.005015052293203,270.4027143521611,208.7973022273701
11.81785714285714,-1.985140194648929,292.3659958271888,205.3414792912735
11.82714285714286,-1.967305385537266,315.3804137855633,199.1290940103331
11.83642857142857,-1.951344565618824,339.092992604403,189.6970089427926
11.84571428571429,-1.937186823265984,362.9822443240488,176.5960640944091
11.855,-1.924836216022786,386.3296124197958,159.4567326548435
11.86428571428572,-1.914338303692838,408.220358189322,138.0815112257617
11.87357142857143,-1.905740805880112,427.5944004599629,112.5482021691763
11.88285714285714,-1.899057049460607,443.3570937679372,83.29248846275814
11.89214285714286,-1.894240142156556,454.5367424680036,51.13116269555508
11.90142857142857,-1.891173320883067,460.4486019370033,17.19962411292806
11.91071428571429,-1.889678266188874,460.8117298731979,-17.19086029442168
11.92,-1.889539154838737,455.7788438234792,-50.73518654401909
11.92928571428572,-1.890536709894013,445.8753026973695,-82.29879582822463
11.93857142857143,-1.892484272261539,431.8790316387884,-111.0211706725392
11.94785714285714,-1.895257478103346,414.6875627652061,-136.3470229707963
11.95714285714286,-1.898810617026053,395.2082145672176,-158.0019828196301
11.96642857142857,-1.903175850339139,374.2857311680114,-175.940706933329
11.97571428571429,-1.908445466268518,352.66352338436,-190.2904632913211
11.985,-1.914741286111123,330.9669446625712,-201.3017435724414
11.99428571428571,-1.922178276577391,309.6982139212353,-209.3077932215815
12.00357142857143,-1.930830696836652,289.2374599830958,-214.690599086195
12.01285714285714,-1.940708460005838,269.8485240939269,-217.8509761676867
12.02214285714286,-1.951749010714819,251.6898268069315,-219.1823344647576
12.03142857142857,-1.963826473643917,234.8301840615229,-219.0492832940112
12.04071428571429,-1.976775902582525,219.2682442301013,-217.7725539440942
12.05,-1.990427016279882,204.9533005656031,-215.6210076708165
12.05928571428572,-2.004639615566158,191.8050431198985,-212.8103961295769
12.06857142857143,-2.019332455628238,179.7302523524813,-209.5075964784853
12.07785714285714,-2.034498833811132,168.6352036395168,-205.8384934990021
12.08714285714286,-2.050205232685741,158.4333852410012,-201.8975363868283
12.09642857142857,-2.0665733134087,149.0488749306009,-197.7571781186506
12.10571428571429,-2.083749437609278,140.4162864776424,-193.4758218897365
12.115,-2.101868778922548,132.4785290302704,-189.1034641203783
12.12428571428572,-2.121022302541498,125.1836867452158,-184.684832274083
12.13357142857143,-2.141234194235347,118.4821358244822,-180.2603491315551
12.14285714285714,-2.162454905936865,112.3246440124836,-175.865611377749
12.15214285714286,-2.184571417488064,106.6617568683122,-171.5302014386618
12.16142857142857,-2.207432387307541,101.4443785000981,-167.2765760982697
12.17071428571429,-2.230882442999186,96.62517755468997,-163.1195600970324
12.18,-2.254797717316046,92.16031835039057,-159.0666982829977
12.18928571428571,-2.279114381973723,88.01102006171998,-155.1194537039982
12.19857142857143,-2.303843497734445,84.14455264138846,-151.2750266787249
12.20785714285714,-2.329068654357969,80.53444971171567,-147.5284377991938
12.21714285714286,-2.354926884220006,77.15991700322505,-143.8744787753951
12.22642857142857,-2.381577236982991,74.00459926206547,-140.3091883352202
12.23571428571429,-2.409164265752076,71.05500015175826,-136.8306384234828
12.245,-2.437784836080431,68.29890123811694,-133.4389838639493
12.25428571428571,-2.467465890602843,65.7240914642873,-130.1358920778346
12.26357142857143,-2.498158295660263,63.31761513175339,-126.9235882425595
12.27285714285714,-2.52974824172014,61.06560839385163,-123.8038020958643
12.28214285714286,-2.562083674759084,58.95365922770011,-120.7768836520427
12.29142857142857,-2.59500977768214,56.96752320379878,-117.8412819047755
12.30071428571429,-2.628405379428703,55.09397306422613,-114.9934771026769
12.31,-2.662211864677176,53.32155748677818,-112.2283479657019
12.31928571428572,-2.696447810058832,51.64108766065736,-109.5398613478318
12.32857142857143,-2.731205838953959,50.04574725802232,-106.9219096312425
12.33785714285714,-2.766632309453771,48.53081488338826,-104.3691009901123
12.34714285714286,-2.802894442981669,47.09307763631448,-101.8773321017596
12.35642857142857,-2.840142411526776,45.73007994742544,-99.44403460559346
12.36571428571429,-2.878475059217776,44.43937905089309,-97.06806910738683
12.375,-2.917917103905765,43.2179634127748,-94.7493223793677
12.38428571428572,-2.958413068474095,42.06194061344483,-92.48812487948921
12.39357142857143,-2.99983942386607,40.96653219302313,-90.28463451124465
12.40285714285714,-3.042032310754623,39.92634286488671,-88.13832616640013
12.41214285714286,-3.084824639102668,38.9358155734519,-86.04769093717869
12.42142857142857,-3.128084144522137,37.98975185686224,-84.01019484607292
12.43071428571429,-3.171743646550635,37.08377267835687,-82.02248711392141
12.44,-3.215816440971767,36.2146169270815,-80.08079450841673
12.44928571428571,-3.2603931221961,35.38021732758222,-78.18140150580743
12.45857142857143,-3.305620400305869,34.57954692502428,-76.32110295324296
12.46785714285714,-3.351666635664218,33.81228156519997,-74.49752885162319
12.47714285714286,-3.398681874489601,33.07836287324425,-72.70927599243397
12.48642857142857,-3.446761430621988,32.37756348308699,-70.95582918363131
12.49571428571429,-3.49592126676546,31.70914891099157,-69.23730343281905
12.505,-3.546090797059204,31.07170220650984,-67.55407617574431
12.51428571428571,-3.597124858837076,30.46313684446786,-65.90639779995502
12.52357142857143,-3.64883232114499,29.88088053913904,-64.29406700436871
12.53285714285714,-3.701015027447603,29.32217705232718,-62.7162374964692
12.54214285714286,-3.753508343308537,28.78443120089429,-61.17138998503766
12.55142857142857,-3.806214079354941,28.26551743317764,-59.65746582499553
12.56071428571429,-3.859118164713996,27.76398455374218,-58.17212379590627
12.57,-3.912288844404818,27.27911532107407,-56.71305639963598
12.57928571428572,-3.96585559867931,26.8108338170753,-55.27829188737432
12.58857142857143,-4.019973390475799,26.3594879086151,-53.86641494682986
12.59785714285714,-4.074780198251195,25.9255608482717,-52.47666060750302
12.60714285714286,-4.130357321705775,25.50937912272476,-51.1088668007768
12.61642857142857,-4.186701346355743,25.11088073690491,-49.76330338395866
12.62571428571429,-4.243714095251677,24.72949102043702,-48.44042171261074
12.635,-4.301212960720654,24.36412676861163,-47.14058361942288
12.64428571428572,-4.358959533098314,24.01332057560613,-45.86382973822337
12.65357142857143,-4.41670036577149,23.67543184260847,-44.60973543385585
12.66285714285714,-4.47421091739894,23.34889401327476,-43.37738146142098
12.67214285714286,-4.531332848766691,23.03244201002946,-42.16544063174707
12.68142857142857,-4.587996190451793,22.72527032784898,-40.97235658988726
12.69071428571429,-4.644221205143842,22.4270891960641,-39.79657153682103
12.7,-4.70009931868216,22.13806986334016,-38.63675043798266
12.70928571428571,-4.755757227826242,21.85869502719829,-37.49195193281681
12.71857142857143,-4.811312098544641,21.5895509583158,-36.36170994755886
12.72785714285714,-4.86682777901671,21.33110933617286,-35.24601136457128
12.73714285714286,-4.92228175099704,21.0835469871336,-34.14517873045217
12.74642857142857,-4.977550225696633,20.84664123328439,-33.05968739540963
12.75571428571429,-5.032414885674145,20.61976046130615,-31.98995939432361
12.765,-5.086590104956256,20.40194819474023,-30.93617959229654
12.77428571428572,-5.1397650039781,20.19207899621532,-29.89817310242237
12.78357142857143,-5.191651353386098,19.98904987655028,-28.87536856591004
12.79285714285714,-5.242026887945382,19.7919642892953,-27.8668527312589
12.80214285714286,-5.290764428822037,19.60026844343976,-26.87150186224472
12.81142857142857,-5.337840240398491,19.41381097827627,-25.8881590297701
12.82071428571429,-5.383319630876304,19.23281456498921,-24.91581689726485
12.83,-5.427322895354005,19.05776778844081,-23.95376531650932
12.83928571428572,-5.469979104216839,18.88926315897406,-23.00167189605799
12.84857142857143,-5.511377948400921,18.72781831952017,-22.05957944772305
12.85785714285714,-5.55153029140517,18.57372010365632,-21.12782301104022
12.86714285714286,-5.59034620698351,18.42692488960558,-20.20688664706729
12.87642857142857,-5.627635547107709,18.28703550547476,-19.29723264790158
12.88571428571429,-5.663131276869993,18.1533579195061,-18.39914087692992
12.895,-5.69653090433598,18.02502375044832,-17.51259293948683
12.90428571428571,-5.727547326610846,17.90115072494504,-16.63722564753197
12.91357142857143,-5.755958182187554,17.78100535483421,-15.77236295569434
12.92285714285714,-5.781642908963835,17.66413194415339,-14.91711835642597
12.93214285714286,-5.804599239835657,17.55041970210868,-14.0705442765924
12.94142857142857,-5.824935331475476,17.44009367111348,-13.2317947643076
12.95071428571429,-5.842839117796328,17.3336322886396,-12.40026509355423
12.96,-5.858531546882441,17.23163074225114,-11.57567748250499
12.96928571428571,-5.872213922246265,17.13464107281566,-10.75809454714355
12.97857142857143,-5.884020845638595,17.04302463750585,-9.947858392873705
12.98785714285714,-5.893989028623871,16.95684925783396,-9.145469614999515
12.99714285714286,-5.90204883028155,16.8758531630798,-8.351433379862794
13.00642857142857,-5.908040529181467,16.79948309181442,-7.566106602004376
13.01571428571429,-5.911752033041036,16.72699778210606,-6.789579770560755
13.025,-5.91297003600686,16.65761386690519,-6.021619383191091
13.03428571428572,-5.911533543851032,16.59066183581137,-5.261683735835824
13.04357142857143,-5.907377938525485,16.52571731269951,-4.509008666425425
13.05285714285714,-5.900559629133946,16.46267817026222,-3.762744210931384
13.06214285714286,-5.891255520957262,16.40177000416729,-3.022111561294157
13.07142857142857,-5.879737116351143,16.34347860366897,-2.286545006279158
13.08071428571428,-5.866324738168373,16.28842455303877,-1.555786889727228
13.09,-5.851331799338061,16.23720811186355,-0.8299142528322444
13.09928571428572,-5.835011227106611,16.19025909006619,-0.1092911933230665
13.10857142857143,-5.817515655843418,16.1477252140139,0.6055424862002073
13.11785714285714,-5.798880011185604,16.10942392926393,1.314021697511759
13.12714285714286,-5.77903030097811,16.07486866574767,2.015712245200315
13.13642857142857,-5.757816800231531,16.04336424956584,2.710437955080024
13.14571428571428,-5.735064501332731,16.01415076282986,3.398349972602681
13.155,-5.710629803589242,15.98656400660813,4.079921919866658
13.16428571428571,-5.6844508337176,15.96017640423199,4.755871031515167
13.17357142857143,-5.656579991415525,15.93488597180407,5.427022245530444
13.18285714285714,-5.627191157689455,15.91093234257524,6.094145590447088
13.19214285714286,-5.596559674092758,15.88883531603226,6.757803782121957
13.20142857142857,-5.565019374501117,15.86926916560051,7.4182449972988
13.21071428571429,-5.532906149714475,15.85290075475982,8.075365728971045
13.22,-5.500500536517171,15.84022792765874,8.728752846151595
13.22928571428572,-5.467982010993541,15.83145482425697,9.377796146126682
13.23857142857143,-5.435405072061171,15.826432799361,10.02184676748162
13.24785714285714,-5.402702448913556,15.82468127867731,10.66038623388859
13.25714285714286,-5.369714868846639,15.82548517114372,11.2931678956824
13.26642857142857,-5.33624098449152,15.82804807093243,11.92029793728141
13.27571428571428,-5.302096497679861,15.83166722262679,12.54223607508054
13.285,-5.267169264848416,15.83589028516311,13.15971404652056
13.29428571428572,-5.231457847512524,15.84061710004419,13.77358906305444
13.30357142857143,-5.19508456848579,15.84612164328303,14.38466503802877
13.31285714285714,-5.158279903960294,15.85298753899863,14.99352264526107
13.32214285714286,-5.121341630757503,15.86197062956054,15.60039790734157
13.33142857142857,-5.084577956771275,15.87381927317889,16.20513828456842
13.34071428571428,-5.048247504202717,15.88909320801281,16.80724769708279
13.35,-5.012509688978089,15.90802270374606,17.40601165700662
13.35928571428571,-4.97739668082784,15.93044119423403,18.0006752496496
13.36857142857143,-4.942813331220445,15.95580849453051,18.59063409348457
13.37785714285714,-4.908565271728102,15.98332139656439,19.17559443820493
13.38714285714286,-4.874409100451648,16.01208818733564,19.75566439059327
13.39642857142857,-4.840113512258974,16.04132798108418,20.33135307886035
13.40571428571429,-4.805517540634757,16.07054861888509,20.90347547393765
13.415,-4.770572493844445,16.09966050821209,21.47298291662588
13.42428571428571,-4.735357744224988,16.12899783856844,22.04075770479725
13.43357142857143,-4.700066527180186,16.15924002114306,22.60741962352628
13.44285714285714,-4.664964905112386,16.19124979031999,23.17319045220801
13.45214285714286,-4.630333326030812,16.22586439012398,23.73784960400594
13.46142857142857,-4.596404231767546,16.26368787339118,24.30079325185064
13.47071428571429,-4.563310040829503,16.30493314091377,24.86118544480063
13.48,-4.531053438404235,16.34935185266566,25.4181681761262
13.48928571428572,-4.499506868209659,16.39627097009384,25.97108287015965
13.49857142857143,-4.468441561308654,16.44473044546581,26.51965165497394
13.50785714285714,-4.437579743390133,16.49369263901438,27.06407445877642
13.51714285714286,-4.406658266259845,16.5422759488319,27.60501634852734
13.52642857142857,-4.375489057630261,16.58995761270526,28.14348493231383
13.53571428571428,-4.34400226204117,16.63669623962483,28.68062422061622
13.545,-4.312261808407421,16.68294264203976,29.21747239824369
13.55428571428572,-4.280449570402601,16.72953383364021,29.75474089609086
13.56357142857143,-4.248821734013491,16.77749312623454,30.29266821614576
13.57285714285714,-4.217647587035269,16.82778213981581,30.83098506461537
13.58214285714286,-4.187145071981892,16.88106276160528,31.36900162613974
13.59142857142857,-4.157428160909945,16.93752591520676,31.90579930374253
13.60071428571428,-4.128478352885906,16.99682972564657,32.44048435239199
13.61,-4.100147074062612,17.05816526663874,32.97244507475598
13.61928571428571,-4.072188720077488,17.12043861170968,33.50155140947582
13.62857142857143,-4.044317031091395,17.18252979945231,34.02824715095585
13.63785714285714,-4.016271967567843,17.24356929589787,34.55350894549623
13.64714285714286,-3.987881566233016,17.3031660940493,35.07867759954669
13.65642857142857,-3.959104173643725,17.36153123789121,35.60519859728958
13.66571428571429,-3.930040930616664,17.41946458856678,36.13433192483492
13.675,-3.900915424710306,17.47820526515652,36.66690006547395
13.68428571428572,-3.872025299269748,17.53917914879726,37.20313496147021
13.69357142857143,-3.843677305668715,17.60370195210994,37.74266191837892
13.70285714285714,-3.816121153246212,17.67270774143927,38.28462651677913
13.71214285714286,-3.789497690436136,17.74656804567558,38.82793703178147
13.72142857142857,-3.76381352435875,17.82504690665352,39.37156708068423
13.73071428571428,-3.738948035694604,17.90740650646326,39.91484737703472
13.74,-3.714691264710785,17.99264270737455,40.45767552970726
13.74928571428572,-3.690803951938399,18.07979776473426,41.00058972237783
13.75857142857143,-3.667085700639075,18.16827653710846,41.54468299851849
13.76785714285714,-3.643435068949421,18.25808875697852,42.09137304323724
13.77714285714286,-3.619887055502369,18.34995536737107,42.64207841553736
13.78642857142857,-3.596618672933485,18.44524839456182,43.19787665250657
13.79571428571428,-3.573920903865257,18.54577353992211,43.75922594267875
13.805,-3.552143401729599,18.6534426329343,44.32581850948007
13.81428571428571,-3.531624789357404,18.76991009569354,44.89660398090336
13.82357142857143,-3.51262474840182,18.89625756610089,45.46998204712753
13.83285714285714,-3.495273589661277,19.03280180105364,46.04412434186203
13.84214285714286,-3.479550908720394,19.17907474475455,46.61735415376636
13.85142857142857,-3.465298277284601,19.33398623499344,47.18849623910406
13.86071428571429,-3.452263165502315,19.4961369374586,47.75711218253227
13.87,-3.440164080406838,19.6642113171352,48.32356032303768
13.87928571428571,-3.428761824160268,19.83735751810975,48.88885931800817
13.88857142857143,-3.417920070698219,20.0154601188778,49.45438210355857
13.89785714285714,-3.407640713948441,20.19923467545221,50.0214502718224
13.90714285714286,-3.398065294520793,20.39011483950884,50.59092600391877
13.91642857142857,-3.389441915383272,20.58995315731803,51.16290214034395
13.92571428571429,-3.382065384077817,20.80060268839131,51.73656972657226
13.935,-3.376204762482371,21.02347718778103,52.31030176308548
13.94428571428572,-3.372035507030951,21.25919583447332,52.88194143879664
13.95357142857143,-3.369592324935398,21.50740244057386,53.44923394363102
13.96285714285714,-3.36875411791142,21.76681151815052,54.01030374939757
13.97214285714286,-3.369265056798561,22.03548150722654,54.56406294892953
13.98142857142857,-3.370787510433134,22.31125965997332,55.1104464715165
13.99071428571428,-3.372975014097228,22.59229690006829,55.65040700446885
14,-3.375548417259727,22.87750750525126,56.18565941792896
