4,5.2910,0.6105,3.3774,1.1298,0.8960,8.8000,-1.748,-1.720,-1.724,-1.732,-1.700,-1.683,-1.690,-1.660,-1.624,-1.623,-1.599,-1.549,-1.535,-1.517,-1.463,-1.434,-1.423,-1.374,-1.332,-1.327,-1.292,-1.245,-1.246,-1.235,-1.197,-1.212,-1.244,-1.243,-1.302,-1.435,-1.567,-1.819,-2.341,-3.187,-4.871,-9.068,-24.938,-11.497,-6.575,-5.137,-4.306,-3.089,-2.092,-1.583,-1.266,-1.009,-0.868,-0.773,-0.666,-0.600,-0.562,-0.506,-0.466,-0.449,-0.419,-0.391,-0.384,-0.370,-0.352,-0.351,-0.348,-0.338,-0.341,-0.348,-0.347,-0.354,-0.370,-0.378,-0.392,-0.416,-0.436,-0.459,-0.494,-0.529,-0.566,-0.616,-0.671,-0.729,-0.802,-0.888,-0.981,-1.094,-1.230,-1.384,-1.570,-1.798,-2.070,-2.402,-2.820,-3.344,-4.006,-4.871,-6.017,-7.555,-9.680,-12.639,-16.024,-15.917,-12.360,-9.272,-7.040,-5.420,-4.231,-3.351,-2.686,-2.177,-1.791,-1.494,-1.261,-1.083,-0.952,-0.852,-0.784,-0.749,-0.740,-0.761,-0.823,-0.930,-1.096,-1.354,-1.743,-2.320,-3.194,-4.548,-6.699,-10.480,-19.688,-19.245,-10.156,-6.460,-4.524,-3.433,-2.781,-2.375,-2.121,-1.961,-1.859,-1.802,-1.776,-1.767,-1.772,-1.786,-1.795,-1.794,-1.779,-1.739,-1.670,-1.579,-1.470,-1.350,-1.235,-1.136,-1.056,-1.001,-0.976,-0.976,-1.001,-1.053,-1.128,-1.222,-1.339,-1.477,-1.627,-1.790,-1.963,-2.136,-2.317,-2.522,-2.760,-3.042,-3.386,-3.790,-4.247,-4.762,-5.332,-5.933,-6.549,-7.162,-7.722,-8.169,-8.479,-8.627,-8.594,-8.414,-8.153,-7.841,-7.502,-7.185,-6.915,-6.678,-6.493,-6.385,-6.341,-6.355,-6.459,-6.650,-6.898,-7.215,-7.587,-7.932,-8.229
8,4.7006,0.4088,3.4975,1.9399,1.2418,7.0000,-1.923,-1.978,-2.010,-2.042,-2.104,-2.151,-2.186,-2.251,-2.314,-2.358,-2.429,-2.514,-2.582,-2.677,-2.811,-2.950,-3.127,-3.388,-3.719,-4.135,-4.694,-5.373,-6.023,-6.417,-6.376,-5.933,-5.290,-4.654,-4.154,-3.787,-3.510,-3.353,-3.345,-3.456,-3.752,-4.392,-5.545,-7.547,-10.818,-12.680,-9.437,-6.487,-4.644,-3.469,-2.789,-2.368,-2.054,-2.118,-2.655,-2.869,-2.211,-1.517,-1.234,-1.080,-0.910,-0.825,-0.769,-0.683,-0.638,-0.615,-0.569,-0.572,-0.619,-0.605,-0.529,-0.463,-0.419,-0.391,-0.375,-0.357,-0.344,-0.339,-0.332,-0.326,-0.329,-0.330,-0.333,-0.345,-0.358,-0.373,-0.400,-0.432,-0.470,-0.524,-0.592,-0.673,-0.781,-0.910,-1.059,-1.228,-1.401,-1.555,-1.682,-1.765,-1.801,-1.809,-1.796,-1.771,-1.750,-1.736,-1.727,-1.733,-1.754,-1.785,-1.833,-1.900,-1.982,-2.087,-2.219,-2.378,-2.574,-2.820,-3.120,-3.496,-3.974,-4.578,-5.351,-6.344,-7.561,-8.884,-9.807,-9.482,-7.984,-6.200,-4.650,-3.460,-2.588,-1.956,-1.508,-1.194,-0.969,-0.813,-0.713,-0.647,-0.612,-0.614,-0.648,-0.729,-0.878,-1.093,-1.434,-2.034,-2.831,-3.382,-3.396,-3.184,-3.050,-3.011,-3.032,-3.106,-3.194,-3.266,-3.320,-3.334,-3.294,-3.216,-3.104,-2.961,-2.812,-2.664,-2.519,-2.391,-2.283,-2.187,-2.112,-2.060,-2.018,-1.994,-1.988,-1.988,-1.998,-2.019,-2.040,-2.061,-2.089,-2.118,-2.150,-2.204,-2.272,-2.360,-2.481,-2.629,-2.800,-3.010,-3.253,-3.523,-3.836,-4.191,-4.574,-5.001,-5.473,-5.961,-6.466,-6.985,-7.462,-7.862,-8.171,-8.323,-8.270,-8.041,-7.646
12,5.5479,0.7189,3.0861,1.2706,0.8708,4.0000,-2.340,-2.155,-1.992,-1.879,-1.767,-1.682,-1.610,-1.536,-1.488,-1.426,-1.385,-1.340,-1.295,-1.264,-1.219,-1.192,-1.155,-1.122,-1.096,-1.058,-1.039,-1.003,-0.979,-0.954,-0.922,-0.907,-0.873,-0.859,-0.834,-0.814,-0.804,-0.779,-0.784,-0.771,-0.788,-0.817,-0.873,-1.036,-1.322,-2.048,-2.578,-1.890,-1.149,-0.849,-0.674,-0.596,-0.546,-0.515,-0.513,-0.508,-0.479,-0.409,-0.366,-0.345,-0.328,-0.326,-0.321,-0.328,-0.340,-0.363,-0.409,-0.476,-0.575,-0.635,-0.580,-0.457,-0.358,-0.298,-0.261,-0.243,-0.230,-0.225,-0.223,-0.223,-0.227,-0.231,-0.239,-0.248,-0.258,-0.271,-0.285,-0.301,-0.319,-0.339,-0.361,-0.385,-0.413,-0.442,-0.475,-0.511,-0.550,-0.593,-0.640,-0.693,-0.749,-0.812,-0.880,-0.956,-1.039,-1.129,-1.230,-1.339,-1.459,-1.589,-1.729,-1.881,-2.040,-2.206,-2.374,-2.538,-2.694,-2.831,-2.945,-3.029,-3.083,-3.109,-3.114,-3.107,-3.099,-3.101,-3.123,-3.175,-3.265,-3.399,-3.587,-3.832,-4.136,-4.481,-4.819,-5.045,-4.993,-4.551,-3.797,-3.002,-2.434,-2.281,-2.720,-4.052,-6.849,-10.793,-9.506,-6.020,-3.954,-2.823,-2.207,-1.883,-1.726,-1.655,-1.605,-1.540,-1.453,-1.360,-1.276,-1.211,-1.168,-1.144,-1.138,-1.149,-1.172,-1.209,-1.255,-1.313,-1.380,-1.457,-1.545,-1.642,-1.751,-1.872,-2.006,-2.155,-2.319,-2.503,-2.708,-2.937,-3.194,-3.484,-3.813,-4.186,-4.615,-5.110,-5.684,-6.359,-7.157,-8.117,-9.284,-10.735,-12.591,-15.050,-18.513,-23.581,-26.535,-21.704,-17.898,-15.481,-13.926,-12.920,-12.282,-11.887,-11.624,-11.435,-11.264
16,5.4240,0.6259,3.2662,1.7664,0.8974,9.0000,-1.571,-1.650,-1.698,-1.627,-1.571,-1.632,-1.686,-1.619,-1.544,-1.584,-1.638,-1.575,-1.484,-1.503,-1.557,-1.498,-1.395,-1.398,-1.453,-1.401,-1.289,-1.282,-1.344,-1.305,-1.190,-1.181,-1.264,-1.249,-1.141,-1.149,-1.287,-1.334,-1.271,-1.372,-1.717,-2.057,-2.386,-3.311,-5.575,-9.253,-10.435,-8.609,-8.493,-9.378,-7.271,-4.133,-2.328,-1.653,-1.433,-1.159,-0.867,-0.757,-0.756,-0.677,-0.551,-0.514,-0.535,-0.499,-0.427,-0.413,-0.439,-0.421,-0.377,-0.376,-0.404,-0.399,-0.373,-0.383,-0.417,-0.423,-0.414,-0.436,-0.479,-0.499,-0.510,-0.550,-0.608,-0.652,-0.690,-0.759,-0.851,-0.935,-1.024,-1.151,-1.313,-1.486,-1.684,-1.949,-2.287,-2.690,-3.189,-3.855,-4.749,-5.931,-7.540,-9.865,-13.388,-18.164,-17.392,-12.540,-9.114,-6.818,-5.229,-4.080,-3.219,-2.574,-2.100,-1.738,-1.446,-1.214,-1.044,-0.914,-0.801,-0.710,-0.651,-0.614,-0.580,-0.558,-0.564,-0.590,-0.622,-0.676,-0.774,-0.916,-1.107,-1.391,-1.838,-2.534,-3.641,-5.525,-8.969,-16.377,-20.092,-10.785,-6.863,-4.710,-3.405,-2.595,-2.103,-1.804,-1.617,-1.507,-1.457,-1.441,-1.436,-1.451,-1.492,-1.540,-1.581,-1.628,-1.686,-1.735,-1.758,-1.769,-1.774,-1.751,-1.692,-1.624,-1.564,-1.499,-1.432,-1.393,-1.398,-1.424,-1.466,-1.548,-1.679,-1.834,-1.998,-2.198,-2.447,-2.717,-2.988,-3.293,-3.664,-4.083,-4.528,-5.037,-5.648,-6.326,-6.991,-7.616,-8.218,-8.756,-9.109,-9.216,-9.155,-9.021,-8.800,-8.448,-8.038,-7.697,-7.423,-7.120,-6.791,-6.547,-6.410,-6.268,-6.086,-5.979,-5.998
20,4.5988,0.6002,3.0234,1.0835,1.0424,6.8000,-1.138,-0.655,-0.480,-0.434,-0.377,-0.330,-0.322,-0.324,-0.312,-0.305,-0.309,-0.312,-0.311,-0.314,-0.319,-0.322,-0.326,-0.333,-0.337,-0.341,-0.350,-0.358,-0.362,-0.368,-0.381,-0.391,-0.397,-0.407,-0.425,-0.440,-0.452,-0.474,-0.510,-0.548,-0.594,-0.680,-0.805,-0.901,-0.893,-0.788,-0.664,-0.584,-0.551,-0.538,-0.527,-0.523,-0.531,-0.547,-0.559,-0.565,-0.571,-0.580,-0.589,-0.599,-0.614,-0.635,-0.652,-0.663,-0.672,-0.684,-0.697,-0.714,-0.734,-0.755,-0.774,-0.795,-0.821,-0.847,-0.872,-0.900,-0.933,-0.968,-1.002,-1.041,-1.088,-1.138,-1.190,-1.251,-1.325,-1.407,-1.498,-1.609,-1.746,-1.906,-2.094,-2.321,-2.587,-2.869,-3.139,-3.369,-3.525,-3.584,-3.571,-3.531,-3.487,-3.446,-3.423,-3.434,-3.471,-3.520,-3.589,-3.689,-3.808,-3.932,-4.072,-4.240,-4.421,-4.597,-4.783,-4.989,-5.188,-5.356,-5.511,-5.655,-5.745,-5.760,-5.733,-5.667,-5.523,-5.311,-5.089,-4.865,-4.602,-4.323,-4.090,-3.892,-3.679,-3.475,-3.344,-3.268,-3.178,-3.109,-3.166,-3.353,-3.601,-4.054,-5.194,-7.778,-13.411,-23.552,-13.727,-10.138,-9.133,-9.024,-8.922,-8.735,-8.616,-8.395,-7.938,-7.466,-7.151,-6.895,-6.603,-6.369,-6.274,-6.227,-6.122,-5.994,-5.897,-5.758,-5.507,-5.218,-4.985,-4.788,-4.569,-4.361,-4.226,-4.144,-4.050,-3.944,-3.885,-3.878,-3.857,-3.803,-3.774,-3.795,-3.812,-3.784,-3.763,-3.798,-3.842,-3.836,-3.817,-3.853,-3.908,-3.908,-3.874,-3.890,-3.938,-3.929,-3.872,-3.861,-3.895,-3.874,-3.794,-3.759,-3.781,-3.752,-3.654,-3.600,-3.615
24,5.0869,0.4928,2.8246,1.3754,0.7640,6.2000,-2.114,-2.070,-2.042,-1.997,-1.963,-1.935,-1.891,-1.864,-1.831,-1.789,-1.763,-1.724,-1.685,-1.656,-1.611,-1.575,-1.541,-1.494,-1.461,-1.421,-1.376,-1.345,-1.301,-1.263,-1.233,-1.190,-1.161,-1.132,-1.097,-1.082,-1.059,-1.046,-1.053,-1.055,-1.097,-1.170,-1.290,-1.550,-1.992,-2.864,-4.150,-4.308,-2.960,-1.859,-1.324,-1.028,-0.832,-0.681,-0.585,-0.534,-0.489,-0.480,-0.495,-0.560,-0.746,-0.868,-0.744,-0.586,-0.571,-0.640,-0.826,-1.183,-1.403,-1.173,-0.783,-0.537,-0.397,-0.306,-0.257,-0.218,-0.192,-0.176,-0.159,-0.151,-0.144,-0.137,-0.137,-0.134,-0.133,-0.136,-0.137,-0.142,-0.147,-0.152,-0.161,-0.169,-0.179,-0.192,-0.204,-0.219,-0.236,-0.253,-0.274,-0.296,-0.320,-0.349,-0.378,-0.412,-0.450,-0.491,-0.539,-0.591,-0.650,-0.718,-0.793,-0.881,-0.982,-1.098,-1.237,-1.399,-1.593,-1.830,-2.118,-2.479,-2.937,-3.526,-4.311,-5.373,-6.866,-9.073,-12.583,-19.124,-22.729,-14.349,-10.065,-7.543,-5.937,-4.856,-4.091,-3.498,-2.976,-2.516,-2.135,-1.867,-1.758,-1.824,-2.140,-2.878,-4.398,-7.825,-16.816,-12.329,-6.165,-3.611,-2.360,-1.667,-1.274,-1.028,-0.870,-0.778,-0.716,-0.686,-0.679,-0.683,-0.709,-0.745,-0.791,-0.852,-0.916,-0.990,-1.072,-1.155,-1.250,-1.350,-1.456,-1.575,-1.700,-1.838,-1.993,-2.159,-2.350,-2.564,-2.803,-3.080,-3.388,-3.737,-4.131,-4.560,-5.034,-5.542,-6.066,-6.604,-7.119,-7.577,-7.957,-8.210,-8.320,-8.299,-8.148,-7.904,-7.613,-7.285,-6.956,-6.647,-6.351,-6.091,-5.866,-5.666,-5.510,-5.384,-5.288
28,4.7684,0.5027,3.2387,1.5178,1.2034,6.0000,-2.093,-2.109,-2.104,-2.119,-2.115,-2.104,-2.109,-2.088,-2.075,-2.066,-2.033,-2.019,-1.992,-1.954,-1.934,-1.891,-1.855,-1.824,-1.771,-1.737,-1.692,-1.640,-1.605,-1.549,-1.505,-1.465,-1.407,-1.373,-1.324,-1.277,-1.249,-1.198,-1.172,-1.146,-1.111,-1.113,-1.098,-1.114,-1.171,-1.237,-1.430,-1.741,-2.331,-3.353,-3.851,-3.366,-2.701,-1.914,-1.254,-0.948,-0.758,-0.620,-0.550,-0.473,-0.424,-0.386,-0.343,-0.320,-0.289,-0.264,-0.247,-0.222,-0.209,-0.193,-0.177,-0.168,-0.152,-0.141,-0.130,-0.118,-0.113,-0.103,-0.096,-0.091,-0.083,-0.081,-0.076,-0.072,-0.071,-0.066,-0.066,-0.065,-0.064,-0.066,-0.065,-0.068,-0.070,-0.072,-0.077,-0.080,-0.085,-0.091,-0.096,-0.105,-0.112,-0.120,-0.131,-0.140,-0.153,-0.165,-0.178,-0.194,-0.210,-0.228,-0.249,-0.270,-0.295,-0.321,-0.351,-0.384,-0.421,-0.464,-0.512,-0.567,-0.632,-0.707,-0.797,-0.905,-1.038,-1.203,-1.411,-1.678,-2.023,-2.467,-3.022,-3.667,-4.317,-4.831,-5.119,-5.252,-5.405,-5.733,-6.348,-7.230,-8.131,-9.149,-11.041,-13.805,-13.376,-9.722,-6.777,-4.855,-3.619,-2.811,-2.286,-1.935,-1.705,-1.562,-1.475,-1.439,-1.441,-1.477,-1.553,-1.663,-1.822,-2.039,-2.331,-2.732,-3.265,-3.932,-4.602,-4.853,-4.349,-3.417,-2.588,-2.028,-1.686,-1.499,-1.406,-1.373,-1.386,-1.422,-1.484,-1.564,-1.656,-1.767,-1.888,-2.024,-2.179,-2.344,-2.532,-2.738,-2.961,-3.214,-3.483,-3.781,-4.109,-4.452,-4.830,-5.222,-5.624,-6.043,-6.435,-6.801,-7.122,-7.344,-7.483,-7.509,-7.408,-7.231,-6.964
32,5.2770,0.4667,2.9339,0.4261,0.7402,6.4000,-1.869,-1.855,-1.859,-1.861,-1.846,-1.845,-1.851,-1.840,-1.838,-1.851,-1.855,-1.863,-1.895,-1.934,-1.982,-2.069,-2.201,-2.377,-2.650,-3.084,-3.752,-4.834,-6.718,-10.150,-15.813,-13.749,-8.596,-5.761,-4.149,-3.132,-2.483,-2.086,-1.796,-1.585,-1.551,-1.638,-1.585,-1.299,-1.000,-0.854,-0.801,-0.737,-0.683,-0.703,-0.746,-0.725,-0.655,-0.591,-0.570,-0.653,-0.827,-0.892,-0.735,-0.546,-0.484,-0.485,-0.474,-0.483,-0.517,-0.546,-0.584,-0.648,-0.720,-0.807,-0.930,-1.084,-1.276,-1.536,-1.878,-2.319,-2.901,-3.648,-4.545,-5.528,-6.415,-6.934,-6.972,-6.653,-6.183,-5.729,-5.361,-5.088,-4.912,-4.828,-4.819,-4.880,-5.011,-5.202,-5.451,-5.763,-6.131,-6.550,-7.020,-7.523,-8.034,-8.523,-8.935,-9.201,-9.275,-9.125,-8.761,-8.243,-7.629,-6.972,-6.322,-5.700,-5.119,-4.590,-4.113,-3.683,-3.301,-2.963,-2.662,-2.396,-2.163,-1.956,-1.774,-1.615,-1.475,-1.352,-1.246,-1.153,-1.074,-1.007,-0.951,-0.906,-0.873,-0.850,-0.839,-0.845,-0.866,-0.911,-0.996,-1.135,-1.371,-1.763,-2.246,-2.658,-2.987,-3.416,-4.037,-4.716,-5.182,-5.204,-4.820,-4.293,-3.820,-3.451,-3.190,-3.018,-2.892,-2.787,-2.708,-2.648,-2.609,-2.602,-2.618,-2.653,-2.712,-2.793,-2.887,-3.002,-3.138,-3.286,-3.452,-3.639,-3.838,-4.051,-4.284,-4.525,-4.770,-5.025,-5.278,-5.514,-5.736,-5.937,-6.091,-6.200,-6.266,-6.273,-6.219,-6.126,-5.993,-5.818,-5.625,-5.428,-5.217,-5.010,-4.825,-4.653,-4.497,-4.381,-4.301,-4.248,-4.246,-4.298,-4.388,-4.535,-4.753,-5.020,-5.349
36,5.4677,0.6520,3.4914,1.5447,1.2002,7.2000,-1.853,-1.845,-1.818,-1.805,-1.811,-1.802,-1.771,-1.751,-1.751,-1.741,-1.709,-1.683,-1.682,-1.677,-1.649,-1.627,-1.636,-1.651,-1.644,-1.649,-1.703,-1.785,-1.863,-1.988,-2.242,-2.647,-3.232,-4.245,-6.282,-10.608,-20.898,-12.722,-7.029,-4.405,-3.093,-2.353,-1.845,-1.492,-1.278,-1.132,-0.994,-0.878,-0.807,-0.756,-0.693,-0.636,-0.607,-0.585,-0.543,-0.500,-0.481,-0.475,-0.456,-0.436,-0.436,-0.445,-0.440,-0.438,-0.465,-0.507,-0.543,-0.610,-0.766,-0.967,-1.057,-0.948,-0.740,-0.588,-0.536,-0.537,-0.549,-0.574,-0.623,-0.690,-0.766,-0.860,-0.982,-1.134,-1.321,-1.556,-1.857,-2.244,-2.743,-3.395,-4.253,-5.390,-6.895,-8.878,-11.393,-14.031,-14.959,-13.296,-11.064,-9.226,-7.828,-6.771,-5.970,-5.356,-4.879,-4.504,-4.210,-3.981,-3.798,-3.648,-3.528,-3.429,-3.340,-3.250,-3.157,-3.056,-2.935,-2.791,-2.634,-2.476,-2.327,-2.212,-2.165,-2.208,-2.354,-2.614,-2.992,-3.448,-3.868,-4.097,-4.016,-3.622,-3.046,-2.460,-1.964,-1.572,-1.267,-1.052,-0.926,-0.860,-0.831,-0.864,-0.990,-1.195,-1.491,-2.018,-2.935,-4.047,-4.515,-3.886,-2.961,-2.369,-2.117,-1.986,-1.870,-1.811,-1.823,-1.849,-1.872,-1.934,-2.038,-2.132,-2.194,-2.252,-2.307,-2.326,-2.321,-2.341,-2.397,-2.465,-2.547,-2.678,-2.859,-3.060,-3.276,-3.540,-3.856,-4.190,-4.527,-4.892,-5.289,-5.670,-5.992,-6.262,-6.484,-6.616,-6.616,-6.501,-6.328,-6.111,-5.833,-5.512,-5.202,-4.929,-4.663,-4.392,-4.152,-3.967,-3.805,-3.640,-3.501,-3.416,-3.357,-3.289,-3.242,-3.251,-3.287
40,5.3086,0.4812,3.4756,1.6904,0.7360,8.4000,-1.606,-1.704,-1.688,-1.609,-1.629,-1.722,-1.725,-1.644,-1.637,-1.718,-1.734,-1.652,-1.622,-1.691,-1.720,-1.644,-1.597,-1.661,-1.715,-1.661,-1.617,-1.704,-1.826,-1.853,-1.891,-2.125,-2.539,-3.017,-3.739,-5.288,-8.572,-15.039,-14.389,-8.552,-5.664,-4.383,-4.236,-5.117,-6.633,-7.026,-5.287,-3.401,-2.302,-1.811,-1.526,-1.249,-1.038,-0.940,-0.874,-0.775,-0.685,-0.645,-0.620,-0.570,-0.519,-0.499,-0.489,-0.461,-0.430,-0.422,-0.421,-0.407,-0.391,-0.392,-0.399,-0.397,-0.395,-0.406,-0.424,-0.435,-0.448,-0.474,-0.507,-0.538,-0.573,-0.623,-0.684,-0.750,-0.826,-0.925,-1.046,-1.187,-1.358,-1.577,-1.855,-2.203,-2.654,-3.259,-4.082,-5.221,-6.851,-9.267,-12.775,-15.481,-12.489,-8.722,-6.104,-4.354,-3.178,-2.382,-1.844,-1.496,-1.299,-1.225,-1.263,-1.426,-1.732,-2.198,-2.848,-3.722,-4.876,-6.403,-8.572,-12.176,-19.463,-17.998,-10.854,-7.267,-5.279,-4.131,-3.430,-2.977,-2.686,-2.507,-2.388,-2.292,-2.207,-2.115,-1.980,-1.784,-1.541,-1.278,-1.020,-0.793,-0.619,-0.500,-0.422,-0.374,-0.355,-0.362,-0.382,-0.410,-0.451,-0.507,-0.568,-0.634,-0.711,-0.801,-0.896,-0.993,-1.097,-1.209,-1.317,-1.418,-1.525,-1.652,-1.812,-2.030,-2.345,-2.797,-3.425,-4.297,-5.535,-7.342,-10.041,-13.999,-16.917,-13.480,-9.805,-7.422,-5.921,-4.981,-4.407,-4.102,-4.014,-4.102,-4.334,-4.711,-5.253,-5.965,-6.813,-7.742,-8.648,-9.316,-9.533,-9.345,-9.010,-8.720,-8.545,-8.505,-8.599,-8.775,-8.931,-8.972,-8.862,-8.621,-8.274,-7.846,-7.386,-6.969,-6.649
44,5.2422,0.4943,3.7139,1.3849,1.2750,6.8000,-2.226,-2.275,-2.334,-2.421,-2.530,-2.671,-2.875,-3.169,-3.607,-4.290,-5.378,-7.118,-9.465,-10.432,-8.460,-6.264,-4.805,-3.870,-3.269,-2.906,-2.666,-2.502,-2.440,-2.460,-2.544,-2.779,-3.256,-4.093,-5.749,-9.241,-14.842,-10.932,-6.390,-4.136,-2.966,-2.261,-1.815,-1.531,-1.317,-1.153,-1.037,-0.938,-0.852,-0.790,-0.733,-0.692,-0.680,-0.659,-0.609,-0.563,-0.534,-0.510,-0.493,-0.485,-0.490,-0.520,-0.535,-0.489,-0.430,-0.413,-0.415,-0.414,-0.427,-0.450,-0.471,-0.508,-0.560,-0.619,-0.703,-0.818,-0.963,-1.158,-1.420,-1.747,-2.137,-2.559,-2.918,-3.127,-3.162,-3.050,-2.875,-2.706,-2.560,-2.453,-2.398,-2.379,-2.398,-2.463,-2.566,-2.707,-2.905,-3.159,-3.476,-3.889,-4.419,-5.095,-5.995,-7.214,-8.894,-11.349,-15.120,-19.556,-16.608,-11.730,-8.422,-6.170,-4.572,-3.422,-2.596,-1.991,-1.541,-1.217,-0.980,-0.799,-0.674,-0.592,-0.531,-0.503,-0.505,-0.517,-0.556,-0.627,-0.707,-0.806,-0.929,-1.026,-1.084,-1.114,-1.082,-1.029,-1.024,-1.038,-1.099,-1.307,-1.648,-2.266,-3.675,-5.741,-5.928,-4.199,-3.079,-2.731,-2.637,-2.668,-2.843,-2.997,-3.092,-3.159,-3.084,-2.875,-2.656,-2.440,-2.248,-2.128,-2.038,-1.960,-1.933,-1.931,-1.930,-1.968,-2.032,-2.092,-2.184,-2.305,-2.422,-2.564,-2.741,-2.914,-3.105,-3.333,-3.557,-3.784,-4.044,-4.296,-4.529,-4.777,-5.010,-5.191,-5.357,-5.492,-5.544,-5.536,-5.488,-5.361,-5.164,-4.956,-4.725,-4.461,-4.216,-4.001,-3.783,-3.588,-3.445,-3.315,-3.200,-3.140,-3.106,-3.080,-3.110,-3.183,-3.265
48,5.5021,0.9587,2.8758,0.6549,0.7801,6.6000,-1.996,-1.955,-1.899,-1.835,-1.790,-1.757,-1.709,-1.650,-1.611,-1.590,-1.555,-1.506,-1.481,-1.484,-1.474,-1.452,-1.465,-1.526,-1.590,-1.659,-1.815,-2.118,-2.555,-3.226,-4.544,-7.331,-13.562,-17.534,-8.891,-5.112,-3.326,-2.431,-1.872,-1.461,-1.203,-1.062,-0.943,-0.815,-0.730,-0.700,-0.666,-0.606,-0.582,-0.639,-0.721,-0.723,-0.627,-0.505,-0.430,-0.410,-0.415,-0.419,-0.416,-0.410,-0.408,-0.411,-0.421,-0.439,-0.466,-0.498,-0.534,-0.579,-0.638,-0.709,-0.792,-0.894,-1.024,-1.185,-1.385,-1.636,-1.963,-2.386,-2.934,-3.654,-4.608,-5.864,-7.473,-9.400,-11.272,-12.067,-11.236,-9.715,-8.283,-7.128,-6.242,-5.583,-5.097,-4.737,-4.475,-4.298,-4.189,-4.128,-4.108,-4.129,-4.186,-4.263,-4.357,-4.473,-4.600,-4.723,-4.834,-4.935,-5.011,-5.040,-5.019,-4.953,-4.833,-4.652,-4.426,-4.176,-3.902,-3.607,-3.314,-3.037,-2.771,-2.513,-2.278,-2.074,-1.887,-1.712,-1.561,-1.441,-1.335,-1.236,-1.160,-1.119,-1.089,-1.065,-1.080,-1.156,-1.270,-1.439,-1.782,-2.379,-3.031,-3.264,-2.960,-2.572,-2.485,-2.743,-3.196,-3.688,-4.103,-4.288,-4.142,-3.780,-3.396,-3.069,-2.785,-2.553,-2.395,-2.294,-2.216,-2.157,-2.134,-2.140,-2.145,-2.151,-2.175,-2.211,-2.238,-2.262,-2.307,-2.377,-2.458,-2.558,-2.701,-2.888,-3.099,-3.331,-3.602,-3.913,-4.238,-4.559,-4.887,-5.218,-5.517,-5.749,-5.914,-6.019,-6.047,-5.976,-5.822,-5.625,-5.400,-5.136,-4.845,-4.564,-4.308,-4.059,-3.812,-3.591,-3.410,-3.249,-3.093,-2.961,-2.871,-2.803,-2.740,-2.699,-2.703
52,5.5133,0.5623,4.0692,1.0797,1.0572,7.2000,-2.032,-2.015,-2.000,-2.032,-2.038,-2.035,-2.085,-2.133,-2.174,-2.277,-2.422,-2.588,-2.857,-3.264,-3.801,-4.552,-5.581,-6.702,-7.391,-7.170,-6.297,-5.304,-4.442,-3.864,-3.605,-3.579,-3.997,-5.317,-6.972,-6.304,-4.202,-2.842,-2.169,-1.733,-1.440,-1.270,-1.121,-0.997,-0.921,-0.843,-0.770,-0.726,-0.678,-0.629,-0.603,-0.574,-0.546,-0.537,-0.510,-0.467,-0.449,-0.441,-0.425,-0.426,-0.432,-0.432,-0.451,-0.481,-0.514,-0.583,-0.690,-0.846,-1.102,-1.338,-1.290,-1.006,-0.760,-0.638,-0.587,-0.582,-0.615,-0.673,-0.767,-0.909,-1.111,-1.408,-1.835,-2.377,-2.905,-3.177,-3.109,-2.902,-2.740,-2.669,-2.711,-2.871,-3.136,-3.530,-4.096,-4.862,-5.898,-7.307,-9.115,-11.018,-11.801,-10.483,-8.330,-6.409,-4.939,-3.863,-3.067,-2.476,-2.048,-1.730,-1.485,-1.310,-1.186,-1.089,-1.029,-1.002,-0.985,-0.994,-1.035,-1.083,-1.153,-1.259,-1.369,-1.488,-1.621,-1.710,-1.731,-1.690,-1.554,-1.362,-1.195,-1.043,-0.916,-0.868,-0.854,-0.854,-0.942,-1.082,-1.243,-1.582,-2.149,-3.030,-5.079,-9.841,-11.468,-6.272,-3.934,-3.325,-3.274,-3.377,-3.664,-3.845,-3.754,-3.568,-3.280,-2.932,-2.690,-2.515,-2.355,-2.288,-2.284,-2.274,-2.321,-2.422,-2.509,-2.626,-2.797,-2.951,-3.117,-3.341,-3.565,-3.805,-4.140,-4.534,-4.951,-5.441,-5.955,-6.390,-6.777,-7.125,-7.333,-7.414,-7.450,-7.391,-7.216,-7.037,-6.856,-6.612,-6.385,-6.215,-6.023,-5.843,-5.741,-5.644,-5.545,-5.530,-5.542,-5.542,-5.624,-5.760,-5.882,-6.084,-6.378,-6.665,-7.041,-7.565,-8.115
56,5.0713,0.5169,2.9043,0.4884,0.9063,9.0000,-1.657,-1.682,-1.682,-1.652,-1.641,-1.655,-1.648,-1.610,-1.585,-1.587,-1.570,-1.522,-1.486,-1.476,-1.451,-1.394,-1.349,-1.332,-1.302,-1.241,-1.192,-1.173,-1.141,-1.079,-1.031,-1.016,-0.987,-0.927,-0.884,-0.879,-0.858,-0.804,-0.775,-0.792,-0.791,-0.754,-0.768,-0.861,-0.952,-1.057,-1.410,-2.174,-3.004,-3.044,-2.218,-1.378,-0.938,-0.767,-0.642,-0.518,-0.456,-0.440,-0.408,-0.364,-0.347,-0.350,-0.336,-0.316,-0.315,-0.323,-0.320,-0.313,-0.321,-0.335,-0.340,-0.344,-0.361,-0.382,-0.396,-0.412,-0.440,-0.472,-0.499,-0.530,-0.573,-0.621,-0.668,-0.722,-0.790,-0.865,-0.945,-1.037,-1.148,-1.275,-1.415,-1.580,-1.779,-2.011,-2.279,-2.602,-2.995,-3.471,-4.045,-4.752,-5.631,-6.714,-8.015,-9.491,-10.887,-11.554,-10.945,-9.466,-7.830,-6.378,-5.184,-4.222,-3.451,-2.838,-2.353,-1.966,-1.653,-1.400,-1.199,-1.039,-0.906,-0.800,-0.720,-0.660,-0.613,-0.581,-0.569,-0.574,-0.592,-0.629,-0.697,-0.800,-0.942,-1.149,-1.464,-1.938,-2.659,-3.807,-5.711,-8.901,-13.860,-14.993,-10.496,-7.475,-5.691,-4.584,-3.856,-3.364,-3.033,-2.805,-2.637,-2.513,-2.425,-2.356,-2.291,-2.227,-2.163,-2.094,-2.011,-1.920,-1.827,-1.734,-1.637,-1.548,-1.473,-1.414,-1.366,-1.337,-1.332,-1.346,-1.375,-1.425,-1.500,-1.598,-1.715,-1.854,-2.024,-2.219,-2.430,-2.665,-2.937,-3.254,-3.617,-4.029,-4.496,-5.012,-5.555,-6.112,-6.674,-7.215,-7.690,-8.061,-8.318,-8.460,-8.478,-8.375,-8.190,-7.973,-7.742,-7.498,-7.260,-7.065,-6.919,-6.802,-6.717,-6.693,-6.741
60,5.3445,0.5106,3.9557,1.1411,0.6207,5.0000,-1.530,-1.493,-1.454,-1.414,-1.389,-1.348,-1.326,-1.294,-1.265,-1.244,-1.208,-1.192,-1.160,-1.138,-1.118,-1.088,-1.080,-1.052,-1.047,-1.037,-1.032,-1.058,-1.074,-1.160,-1.278,-1.533,-2.078,-3.249,-6.294,-9.389,-5.669,-3.176,-2.164,-1.619,-1.387,-1.259,-1.249,-1.406,-1.759,-2.619,-3.206,-2.419,-1.489,-1.062,-0.852,-0.713,-0.588,-0.503,-0.459,-0.416,-0.398,-0.382,-0.381,-0.398,-0.435,-0.528,-0.695,-0.985,-1.130,-0.888,-0.592,-0.423,-0.326,-0.274,-0.240,-0.220,-0.207,-0.200,-0.197,-0.196,-0.200,-0.205,-0.213,-0.224,-0.237,-0.254,-0.273,-0.298,-0.325,-0.359,-0.400,-0.448,-0.508,-0.580,-0.671,-0.785,-0.929,-1.111,-1.330,-1.565,-1.745,-1.770,-1.606,-1.347,-1.107,-0.933,-0.827,-0.771,-0.753,-0.762,-0.791,-0.838,-0.898,-0.973,-1.061,-1.163,-1.282,-1.418,-1.575,-1.756,-1.967,-2.214,-2.505,-2.854,-3.272,-3.784,-4.416,-5.208,-6.215,-7.501,-9.134,-11.042,-12.584,-12.304,-10.300,-8.054,-6.203,-4.818,-3.838,-3.203,-2.859,-2.755,-2.763,-2.703,-2.684,-3.095,-4.330,-7.039,-12.883,-16.252,-9.073,-5.554,-3.720,-2.672,-2.034,-1.628,-1.363,-1.186,-1.071,-0.998,-0.957,-0.940,-0.942,-0.960,-0.991,-1.035,-1.089,-1.153,-1.229,-1.313,-1.409,-1.515,-1.633,-1.762,-1.904,-2.061,-2.232,-2.421,-2.628,-2.855,-3.107,-3.384,-3.694,-4.039,-4.430,-4.877,-5.392,-5.994,-6.680,-7.443,-8.255,-9.075,-9.883,-10.638,-11.314,-11.878,-12.296,-12.584,-12.748,-12.830,-12.878,-12.903,-12.949,-13.018,-13.120,-13.279,-13.474,-13.741,-14.058,-14.438,-14.881
64,5.2832,0.4869,3.3306,1.1061,0.6896,7.4000,-1.772,-1.792,-1.798,-1.778,-1.799,-1.790,-1.776,-1.792,-1.771,-1.765,-1.772,-1.747,-1.750,-1.752,-1.735,-1.752,-1.760,-1.769,-1.817,-1.859,-1.933,-2.060,-2.217,-2.471,-2.857,-3.419,-4.328,-5.789,-8.112,-11.494,-12.824,-9.618,-6.678,-4.818,-3.640,-2.817,-2.244,-1.850,-1.561,-1.356,-1.192,-1.054,-0.956,-0.863,-0.786,-0.731,-0.669,-0.625,-0.590,-0.547,-0.525,-0.499,-0.472,-0.464,-0.445,-0.435,-0.438,-0.425,-0.436,-0.447,-0.452,-0.490,-0.516,-0.562,-0.651,-0.738,-0.924,-1.219,-1.713,-2.702,-3.264,-2.278,-1.240,-0.847,-0.711,-0.668,-0.721,-0.785,-0.886,-1.025,-1.168,-1.351,-1.548,-1.748,-1.959,-2.142,-2.293,-2.409,-2.482,-2.576,-2.779,-3.275,-4.388,-6.489,-9.863,-14.241,-16.607,-14.890,-12.750,-11.234,-10.144,-9.303,-8.541,-7.732,-6.854,-6.016,-5.690,-6.349,-7.952,-9.946,-11.864,-13.030,-12.513,-10.834,-8.864,-7.099,-5.633,-4.435,-3.494,-2.750,-2.168,-1.724,-1.376,-1.111,-0.913,-0.758,-0.647,-0.565,-0.505,-0.469,-0.447,-0.437,-0.444,-0.456,-0.481,-0.516,-0.556,-0.610,-0.671,-0.741,-0.826,-0.918,-1.025,-1.148,-1.280,-1.431,-1.593,-1.761,-1.937,-2.100,-2.242,-2.351,-2.406,-2.415,-2.375,-2.299,-2.213,-2.123,-2.047,-1.995,-1.963,-1.962,-1.988,-2.036,-2.116,-2.217,-2.341,-2.496,-2.666,-2.863,-3.084,-3.317,-3.574,-3.844,-4.114,-4.392,-4.656,-4.893,-5.107,-5.266,-5.369,-5.420,-5.399,-5.324,-5.209,-5.044,-4.862,-4.672,-4.467,-4.278,-4.102,-3.937,-3.810,-3.711,-3.646,-3.644,-3.695,-3.826,-4.074,-4.437,-4.972
68,5.5318,0.7275,3.2086,1.4159,0.6677,3.8000,-2.224,-2.059,-1.911,-1.804,-1.708,-1.626,-1.564,-1.496,-1.451,-1.399,-1.355,-1.320,-1.275,-1.248,-1.208,-1.180,-1.150,-1.116,-1.094,-1.059,-1.038,-1.008,-0.981,-0.962,-0.929,-0.914,-0.885,-0.866,-0.848,-0.822,-0.816,-0.791,-0.791,-0.784,-0.788,-0.823,-0.859,-1.002,-1.235,-1.852,-2.617,-2.192,-1.317,-0.928,-0.727,-0.617,-0.557,-0.502,-0.479,-0.447,-0.432,-0.417,-0.401,-0.385,-0.350,-0.330,-0.319,-0.319,-0.324,-0.330,-0.348,-0.370,-0.407,-0.453,-0.485,-0.463,-0.389,-0.323,-0.279,-0.255,-0.244,-0.238,-0.239,-0.240,-0.247,-0.253,-0.262,-0.273,-0.284,-0.299,-0.314,-0.332,-0.351,-0.371,-0.395,-0.420,-0.448,-0.478,-0.510,-0.546,-0.584,-0.627,-0.672,-0.722,-0.775,-0.833,-0.896,-0.963,-1.037,-1.115,-1.200,-1.291,-1.388,-1.491,-1.599,-1.712,-1.829,-1.946,-2.064,-2.176,-2.282,-2.376,-2.458,-2.523,-2.573,-2.609,-2.634,-2.655,-2.677,-2.707,-2.753,-2.820,-2.915,-3.042,-3.209,-3.414,-3.655,-3.915,-4.148,-4.271,-4.164,-3.746,-3.081,-2.386,-1.883,-1.704,-1.910,-2.567,-3.812,-5.864,-8.630,-9.734,-7.502,-5.155,-3.618,-2.689,-2.134,-1.806,-1.611,-1.487,-1.400,-1.327,-1.263,-1.208,-1.165,-1.137,-1.123,-1.126,-1.143,-1.174,-1.218,-1.272,-1.339,-1.416,-1.504,-1.604,-1.714,-1.837,-1.972,-2.122,-2.287,-2.469,-2.672,-2.894,-3.143,-3.419,-3.727,-4.075,-4.464,-4.908,-5.409,-5.987,-6.653,-7.424,-8.335,-9.408,-10.709,-12.304,-14.327,-17.036,-20.969,-28.052,-33.628,-23.816,-19.191,-16.348,-14.341,-12.870,-11.734,-10.854,-10.175
72,5.5907,0.8865,3.0771,1.7687,0.9265,8.2000,-1.861,-1.868,-1.840,-1.807,-1.806,-1.766,-1.735,-1.725,-1.676,-1.648,-1.629,-1.576,-1.553,-1.524,-1.473,-1.455,-1.419,-1.375,-1.362,-1.324,-1.293,-1.288,-1.255,-1.246,-1.254,-1.242,-1.273,-1.319,-1.373,-1.508,-1.697,-2.006,-2.596,-3.622,-5.673,-9.631,-11.119,-6.815,-4.078,-2.706,-1.957,-1.505,-1.228,-1.041,-0.900,-0.805,-0.732,-0.666,-0.626,-0.589,-0.552,-0.539,-0.517,-0.499,-0.503,-0.489,-0.492,-0.510,-0.508,-0.540,-0.577,-0.605,-0.696,-0.790,-0.933,-1.240,-1.685,-2.690,-4.412,-4.354,-2.464,-1.369,-1.014,-0.830,-0.783,-0.824,-0.861,-0.967,-1.107,-1.268,-1.517,-1.828,-2.243,-2.851,-3.701,-4.984,-7.027,-10.286,-14.243,-11.786,-7.487,-4.787,-3.163,-2.205,-1.645,-1.328,-1.196,-1.199,-1.317,-1.575,-1.983,-2.589,-3.485,-4.781,-6.687,-9.613,-14.469,-24.053,-18.507,-12.471,-9.280,-7.280,-5.943,-4.997,-4.305,-3.802,-3.420,-3.128,-2.909,-2.723,-2.554,-2.370,-2.124,-1.803,-1.418,-1.030,-0.724,-0.520,-0.408,-0.366,-0.360,-0.380,-0.417,-0.458,-0.509,-0.567,-0.624,-0.692,-0.762,-0.834,-0.917,-0.998,-1.083,-1.173,-1.255,-1.339,-1.424,-1.513,-1.641,-1.838,-2.154,-2.667,-3.454,-4.663,-6.536,-9.292,-11.872,-10.285,-7.109,-4.929,-3.639,-2.932,-2.595,-2.478,-2.512,-2.645,-2.824,-3.035,-3.243,-3.417,-3.565,-3.662,-3.718,-3.759,-3.774,-3.793,-3.834,-3.879,-3.961,-4.078,-4.209,-4.389,-4.596,-4.816,-5.078,-5.345,-5.603,-5.880,-6.120,-6.313,-6.488,-6.588,-6.619,-6.626,-6.560,-6.443,-6.329,-6.162,-5.976,-5.816,-5.616
76,5.3942,0.7159,3.5290,0.4196,0.7552,7.0000,-1.881,-1.852,-1.828,-1.773,-1.755,-1.728,-1.684,-1.680,-1.658,-1.636,-1.656,-1.657,-1.683,-1.760,-1.836,-1.993,-2.254,-2.629,-3.310,-4.507,-6.683,-11.011,-15.245,-9.817,-6.147,-4.320,-3.477,-3.194,-3.492,-4.627,-5.687,-4.731,-3.109,-2.149,-1.630,-1.286,-1.084,-0.945,-0.827,-0.756,-0.701,-0.648,-0.639,-0.644,-0.683,-0.888,-1.080,-0.903,-0.590,-0.469,-0.428,-0.381,-0.380,-0.374,-0.368,-0.391,-0.403,-0.436,-0.505,-0.590,-0.775,-0.963,-0.891,-0.659,-0.523,-0.490,-0.488,-0.513,-0.556,-0.609,-0.678,-0.764,-0.867,-0.997,-1.156,-1.354,-1.605,-1.921,-2.324,-2.842,-3.500,-4.329,-5.347,-6.530,-7.790,-8.931,-9.698,-9.983,-9.893,-9.659,-9.462,-9.388,-9.497,-9.818,-10.377,-11.239,-12.462,-14.142,-16.328,-18.384,-18.147,-15.406,-12.463,-10.032,-8.090,-6.553,-5.326,-4.341,-3.556,-2.923,-2.413,-2.007,-1.674,-1.407,-1.194,-1.018,-0.881,-0.773,-0.686,-0.628,-0.589,-0.570,-0.583,-0.619,-0.688,-0.797,-0.902,-0.979,-0.990,-0.942,-0.915,-0.912,-0.950,-1.073,-1.251,-1.571,-2.154,-3.170,-5.450,-9.859,-10.064,-6.665,-5.376,-5.160,-5.136,-5.077,-4.721,-4.180,-3.668,-3.183,-2.815,-2.552,-2.336,-2.209,-2.126,-2.067,-2.067,-2.079,-2.112,-2.187,-2.260,-2.361,-2.491,-2.614,-2.769,-2.937,-3.095,-3.281,-3.459,-3.626,-3.820,-4.005,-4.208,-4.462,-4.713,-4.974,-5.240,-5.438,-5.591,-5.697,-5.704,-5.665,-5.590,-5.445,-5.297,-5.145,-4.961,-4.811,-4.673,-4.526,-4.434,-4.350,-4.275,-4.261,-4.248,-4.263,-4.340,-4.411,-4.536,-4.717,-4.896
80,4.7452,0.6501,2.9319,0.8243,0.6456,4.6000,-3.649,-3.346,-3.072,-2.825,-2.621,-2.441,-2.287,-2.158,-2.039,-1.940,-1.848,-1.766,-1.694,-1.622,-1.561,-1.499,-1.444,-1.391,-1.338,-1.292,-1.242,-1.198,-1.154,-1.111,-1.072,-1.030,-0.994,-0.956,-0.920,-0.887,-0.852,-0.824,-0.792,-0.766,-0.741,-0.716,-0.701,-0.682,-0.680,-0.681,-0.706,-0.770,-0.902,-1.147,-1.186,-0.896,-0.661,-0.555,-0.495,-0.471,-0.459,-0.463,-0.479,-0.514,-0.576,-0.680,-0.853,-1.112,-1.350,-1.247,-0.862,-0.550,-0.372,-0.272,-0.220,-0.187,-0.172,-0.164,-0.168,-0.181,-0.207,-0.243,-0.249,-0.204,-0.151,-0.123,-0.110,-0.105,-0.106,-0.108,-0.113,-0.118,-0.125,-0.133,-0.141,-0.151,-0.161,-0.173,-0.185,-0.197,-0.212,-0.226,-0.242,-0.258,-0.276,-0.295,-0.314,-0.335,-0.357,-0.381,-0.406,-0.432,-0.460,-0.489,-0.520,-0.553,-0.589,-0.626,-0.666,-0.709,-0.755,-0.805,-0.858,-0.916,-0.978,-1.046,-1.120,-1.201,-1.290,-1.387,-1.493,-1.606,-1.727,-1.854,-1.984,-2.115,-2.252,-2.402,-2.580,-2.810,-3.110,-3.496,-3.932,-4.229,-3.951,-2.977,-2.000,-1.498,-1.405,-1.549,-1.839,-2.237,-2.753,-3.413,-4.277,-5.444,-7.068,-9.407,-12.663,-15.143,-12.634,-9.105,-6.589,-4.911,-3.794,-3.044,-2.537,-2.184,-1.931,-1.742,-1.594,-1.478,-1.386,-1.318,-1.272,-1.248,-1.243,-1.255,-1.284,-1.326,-1.382,-1.450,-1.529,-1.621,-1.722,-1.837,-1.962,-2.100,-2.253,-2.419,-2.604,-2.805,-3.027,-3.273,-3.543,-3.844,-4.177,-4.550,-4.966,-5.432,-5.959,-6.549,-7.224,-7.986,-8.857,-9.851,-10.974,-12.248,-13.625,-15.012,-16.154
84,5.3104,0.4989,3.1940,1.9547,0.8489,4.0000,-2.453,-2.275,-2.141,-2.017,-1.924,-1.843,-1.768,-1.715,-1.654,-1.613,-1.568,-1.527,-1.496,-1.455,-1.429,-1.394,-1.365,-1.339,-1.304,-1.284,-1.250,-1.226,-1.200,-1.169,-1.150,-1.117,-1.099,-1.071,-1.047,-1.031,-1.002,-0.995,-0.973,-0.969,-0.971,-0.974,-1.021,-1.072,-1.235,-1.524,-2.202,-3.254,-3.012,-1.871,-1.279,-0.996,-0.835,-0.768,-0.717,-0.718,-0.736,-0.806,-0.939,-1.142,-1.291,-1.123,-0.810,-0.590,-0.464,-0.396,-0.354,-0.336,-0.333,-0.347,-0.375,-0.382,-0.348,-0.294,-0.257,-0.231,-0.215,-0.206,-0.199,-0.197,-0.196,-0.197,-0.200,-0.203,-0.210,-0.216,-0.226,-0.236,-0.248,-0.262,-0.277,-0.295,-0.314,-0.335,-0.359,-0.384,-0.414,-0.444,-0.479,-0.516,-0.556,-0.601,-0.649,-0.703,-0.760,-0.823,-0.891,-0.965,-1.046,-1.133,-1.228,-1.329,-1.437,-1.551,-1.668,-1.790,-1.909,-2.025,-2.131,-2.222,-2.295,-2.345,-2.372,-2.376,-2.364,-2.341,-2.315,-2.295,-2.287,-2.300,-2.338,-2.408,-2.514,-2.663,-2.859,-3.100,-3.372,-3.617,-3.711,-3.480,-2.893,-2.239,-1.879,-1.985,-2.588,-3.750,-5.606,-8.039,-9.278,-7.616,-5.466,-3.986,-3.093,-2.575,-2.269,-2.073,-1.917,-1.772,-1.629,-1.495,-1.380,-1.285,-1.216,-1.169,-1.143,-1.135,-1.142,-1.164,-1.197,-1.243,-1.299,-1.364,-1.441,-1.526,-1.623,-1.729,-1.847,-1.978,-2.121,-2.281,-2.455,-2.649,-2.862,-3.098,-3.362,-3.653,-3.983,-4.350,-4.766,-5.240,-5.778,-6.406,-7.132,-7.995,-9.030,-10.293,-11.892,-13.961,-16.838,-21.204,-28.109,-25.347,-19.419,-15.797,-13.381,-11.638,-10.339
88,5.1570,0.4777,2.7064,1.1620,0.9924,8.4000,-1.581,-1.622,-1.597,-1.565,-1.592,-1.639,-1.628,-1.583,-1.584,-1.622,-1.620,-1.567,-1.541,-1.563,-1.566,-1.511,-1.461,-1.465,-1.470,-1.419,-1.353,-1.340,-1.349,-1.308,-1.236,-1.211,-1.229,-1.209,-1.143,-1.118,-1.162,-1.186,-1.155,-1.172,-1.318,-1.514,-1.709,-2.135,-3.198,-5.049,-6.602,-5.659,-3.615,-2.221,-1.555,-1.247,-1.012,-0.810,-0.700,-0.654,-0.598,-0.526,-0.483,-0.472,-0.453,-0.418,-0.396,-0.395,-0.391,-0.375,-0.364,-0.370,-0.377,-0.374,-0.374,-0.387,-0.404,-0.414,-0.426,-0.450,-0.479,-0.506,-0.534,-0.575,-0.625,-0.676,-0.733,-0.804,-0.891,-0.988,-1.098,-1.233,-1.400,-1.597,-1.834,-2.131,-2.511,-2.996,-3.628,-4.482,-5.679,-7.423,-10.131,-14.874,-22.614,-15.177,-9.659,-6.507,-4.526,-3.237,-2.392,-1.848,-1.514,-1.333,-1.276,-1.329,-1.492,-1.775,-2.201,-2.810,-3.667,-4.865,-6.548,-8.970,-12.684,-19.442,-28.402,-17.020,-12.323,-9.623,-7.846,-6.597,-5.678,-4.973,-4.412,-3.949,-3.545,-3.169,-2.799,-2.425,-2.050,-1.683,-1.342,-1.051,-0.820,-0.650,-0.534,-0.464,-0.431,-0.425,-0.439,-0.467,-0.510,-0.563,-0.623,-0.689,-0.764,-0.845,-0.929,-1.014,-1.102,-1.192,-1.282,-1.377,-1.488,-1.632,-1.825,-2.084,-2.434,-2.904,-3.530,-4.370,-5.521,-7.147,-9.545,-13.297,-19.113,-18.365,-12.895,-9.563,-7.540,-6.289,-5.524,-5.083,-4.865,-4.789,-4.775,-4.752,-4.686,-4.579,-4.465,-4.386,-4.385,-4.479,-4.653,-4.872,-5.106,-5.344,-5.574,-5.785,-5.977,-6.163,-6.349,-6.522,-6.662,-6.761,-6.830,-6.878,-6.901,-6.896,-6.879
92,5.5246,0.6659,3.4658,0.5457,1.0214,8.0000,-1.755,-1.770,-1.732,-1.667,-1.662,-1.659,-1.593,-1.550,-1.560,-1.525,-1.456,-1.450,-1.456,-1.399,-1.364,-1.399,-1.396,-1.357,-1.407,-1.506,-1.552,-1.676,-2.014,-2.493,-3.253,-5.082,-9.699,-25.711,-10.604,-5.507,-3.625,-3.246,-3.545,-3.638,-2.967,-2.026,-1.423,-1.166,-0.992,-0.820,-0.725,-0.680,-0.611,-0.548,-0.528,-0.503,-0.461,-0.442,-0.438,-0.417,-0.399,-0.402,-0.400,-0.389,-0.393,-0.405,-0.406,-0.413,-0.435,-0.453,-0.469,-0.500,-0.538,-0.572,-0.618,-0.680,-0.746,-0.822,-0.922,-1.043,-1.183,-1.361,-1.590,-1.877,-2.248,-2.753,-3.449,-4.432,-5.908,-8.287,-12.606,-23.775,-16.428,-9.406,-5.973,-4.000,-2.810,-2.089,-1.679,-1.478,-1.429,-1.511,-1.726,-2.071,-2.558,-3.227,-4.116,-5.256,-6.714,-8.599,-11.038,-14.267,-18.964,-26.076,-24.046,-18.531,-14.932,-12.295,-10.128,-8.087,-6.222,-4.811,-3.945,-3.435,-2.980,-2.454,-1.938,-1.508,-1.166,-0.905,-0.723,-0.603,-0.525,-0.482,-0.471,-0.482,-0.513,-0.564,-0.635,-0.723,-0.831,-0.958,-1.099,-1.243,-1.375,-1.481,-1.564,-1.657,-1.822,-2.133,-2.667,-3.531,-4.864,-6.608,-7.781,-7.016,-5.317,-3.931,-3.038,-2.498,-2.190,-2.049,-2.026,-2.092,-2.245,-2.488,-2.822,-3.260,-3.823,-4.509,-5.277,-6.021,-6.533,-6.607,-6.263,-5.715,-5.163,-4.718,-4.415,-4.245,-4.187,-4.226,-4.350,-4.541,-4.788,-5.086,-5.425,-5.792,-6.184,-6.603,-7.048,-7.526,-8.067,-8.691,-9.387,-10.065,-10.523,-10.507,-9.962,-9.116,-8.214,-7.380,-6.658,-6.056,-5.551,-5.124,-4.767,-4.468,-4.210,-3.988,-3.802
96,4.3015,0.4874,3.0425,1.0179,1.0850,7.2000,-0.548,-0.900,-1.089,-0.866,-0.532,-0.375,-0.337,-0.297,-0.272,-0.275,-0.270,-0.260,-0.266,-0.270,-0.266,-0.270,-0.278,-0.277,-0.279,-0.288,-0.291,-0.291,-0.300,-0.306,-0.307,-0.313,-0.322,-0.326,-0.330,-0.340,-0.346,-0.350,-0.360,-0.371,-0.377,-0.387,-0.402,-0.416,-0.432,-0.458,-0.489,-0.520,-0.541,-0.536,-0.506,-0.479,-0.469,-0.464,-0.461,-0.466,-0.475,-0.481,-0.488,-0.499,-0.507,-0.514,-0.526,-0.538,-0.546,-0.558,-0.572,-0.584,-0.595,-0.611,-0.627,-0.641,-0.659,-0.678,-0.687,-0.696,-0.714,-0.734,-0.750,-0.770,-0.795,-0.815,-0.837,-0.865,-0.891,-0.916,-0.947,-0.981,-1.012,-1.046,-1.089,-1.130,-1.173,-1.225,-1.282,-1.339,-1.406,-1.486,-1.569,-1.661,-1.772,-1.894,-2.023,-2.166,-2.321,-2.466,-2.598,-2.716,-2.798,-2.838,-2.853,-2.850,-2.823,-2.793,-2.776,-2.759,-2.742,-2.746,-2.761,-2.771,-2.791,-2.828,-2.856,-2.873,-2.901,-2.917,-2.900,-2.872,-2.835,-2.754,-2.643,-2.539,-2.420,-2.276,-2.161,-2.083,-1.996,-1.932,-1.943,-1.978,-2.013,-2.151,-2.428,-2.782,-3.451,-5.073,-8.209,-10.861,-8.651,-6.451,-5.576,-5.186,-4.784,-4.474,-4.269,-4.010,-3.755,-3.628,-3.565,-3.505,-3.513,-3.569,-3.557,-3.490,-3.451,-3.411,-3.334,-3.288,-3.292,-3.283,-3.268,-3.306,-3.369,-3.410,-3.475,-3.594,-3.716,-3.829,-3.990,-4.196,-4.391,-4.588,-4.839,-5.110,-5.343,-5.561,-5.799,-5.994,-6.078,-6.086,-6.067,-5.977,-5.781,-5.558,-5.373,-5.173,-4.927,-4.718,-4.573,-4.408,-4.219,-4.093,-4.007,-3.875,-3.746,-3.689,-3.626
100,5.2051,0.6226,3.3554,1.5406,1.2183,4.4000,-3.180,-2.963,-2.763,-2.595,-2.421,-2.294,-2.167,-2.057,-1.972,-1.874,-1.810,-1.735,-1.671,-1.619,-1.553,-1.513,-1.455,-1.411,-1.369,-1.318,-1.287,-1.236,-1.204,-1.165,-1.124,-1.098,-1.052,-1.030,-0.992,-0.964,-0.943,-0.908,-0.900,-0.871,-0.870,-0.869,-0.876,-0.930,-0.992,-1.187,-1.519,-2.280,-3.217,-2.813,-1.927,-1.449,-1.015,-0.748,-0.625,-0.523,-0.475,-0.422,-0.390,-0.362,-0.333,-0.318,-0.295,-0.285,-0.272,-0.266,-0.270,-0.281,-0.321,-0.374,-0.382,-0.319,-0.255,-0.218,-0.191,-0.177,-0.164,-0.157,-0.152,-0.147,-0.146,-0.143,-0.144,-0.145,-0.147,-0.151,-0.155,-0.162,-0.168,-0.177,-0.186,-0.197,-0.211,-0.224,-0.241,-0.259,-0.280,-0.304,-0.330,-0.360,-0.393,-0.432,-0.475,-0.523,-0.580,-0.644,-0.719,-0.804,-0.904,-1.021,-1.158,-1.319,-1.506,-1.726,-1.979,-2.265,-2.580,-2.907,-3.227,-3.503,-3.705,-3.808,-3.810,-3.732,-3.601,-3.453,-3.310,-3.192,-3.109,-3.071,-3.084,-3.153,-3.289,-3.502,-3.806,-4.208,-4.699,-5.211,-5.565,-5.532,-5.132,-4.633,-4.121,-3.576,-3.053,-2.604,-2.244,-1.966,-1.754,-1.596,-1.476,-1.389,-1.325,-1.281,-1.253,-1.236,-1.231,-1.233,-1.243,-1.256,-1.273,-1.293,-1.313,-1.334,-1.353,-1.372,-1.390,-1.405,-1.419,-1.430,-1.440,-1.447,-1.457,-1.477,-1.522,-1.623,-1.804,-2.068,-2.362,-2.632,-2.857,-3.041,-3.206,-3.360,-3.518,-3.684,-3.861,-4.058,-4.270,-4.507,-4.767,-5.056,-5.380,-5.736,-6.140,-6.589,-7.095,-7.668,-8.308,-9.037,-9.846,-10.742,-11.703,-12.655,-13.491,-13.988,-13.976
104,5.5300,0.4794,3.4733,1.8727,1.2328,5.6000,-1.894,-1.856,-1.789,-1.756,-1.724,-1.669,-1.650,-1.615,-1.570,-1.556,-1.515,-1.480,-1.465,-1.419,-1.393,-1.372,-1.325,-1.306,-1.277,-1.234,-1.220,-1.185,-1.150,-1.139,-1.101,-1.080,-1.073,-1.040,-1.044,-1.047,-1.042,-1.098,-1.155,-1.271,-1.546,-1.986,-2.990,-4.566,-4.621,-2.970,-1.820,-1.314,-1.024,-0.870,-0.800,-0.719,-0.626,-0.552,-0.508,-0.480,-0.467,-0.468,-0.488,-0.551,-0.669,-0.922,-1.326,-1.465,-1.116,-0.731,-0.532,-0.409,-0.334,-0.296,-0.259,-0.239,-0.226,-0.210,-0.206,-0.201,-0.195,-0.199,-0.197,-0.201,-0.208,-0.212,-0.223,-0.235,-0.245,-0.263,-0.280,-0.299,-0.325,-0.349,-0.379,-0.414,-0.449,-0.493,-0.541,-0.593,-0.655,-0.722,-0.799,-0.888,-0.986,-1.100,-1.233,-1.381,-1.556,-1.758,-1.992,-2.270,-2.593,-2.973,-3.425,-3.948,-4.562,-5.266,-6.039,-6.857,-7.627,-8.221,-8.521,-8.445,-8.078,-7.543,-6.957,-6.420,-5.951,-5.573,-5.296,-5.092,-4.970,-4.911,-4.874,-4.856,-4.782,-4.604,-4.308,-3.863,-3.361,-2.885,-2.491,-2.317,-2.442,-3.108,-4.871,-6.939,-5.827,-3.677,-2.468,-1.818,-1.426,-1.222,-1.084,-1.001,-0.973,-0.953,-0.963,-0.996,-1.025,-1.081,-1.141,-1.201,-1.284,-1.364,-1.452,-1.560,-1.663,-1.784,-1.919,-2.053,-2.213,-2.383,-2.560,-2.768,-2.983,-3.216,-3.482,-3.755,-4.056,-4.390,-4.730,-5.106,-5.507,-5.908,-6.340,-6.774,-7.185,-7.599,-7.974,-8.285,-8.571,-8.792,-8.947,-9.099,-9.217,-9.319,-9.476,-9.649,-9.869,-10.206,-10.610,-11.141,-11.875,-12.765,-13.953,-15.576,-17.678,-20.817,-25.540
108,5.1690,0.7116,3.0946,1.4017,0.8752,5.2000,-2.989,-2.800,-2.635,-2.483,-2.344,-2.227,-2.112,-2.016,-1.925,-1.840,-1.768,-1.692,-1.629,-1.565,-1.505,-1.451,-1.393,-1.346,-1.293,-1.246,-1.202,-1.154,-1.116,-1.070,-1.034,-0.995,-0.957,-0.926,-0.888,-0.863,-0.831,-0.806,-0.786,-0.762,-0.757,-0.745,-0.759,-0.785,-0.848,-0.998,-1.274,-1.840,-2.132,-1.588,-1.021,-0.763,-0.612,-0.544,-0.514,-0.512,-0.562,-0.660,-0.875,-1.096,-1.003,-0.698,-0.497,-0.395,-0.344,-0.335,-0.350,-0.412,-0.526,-0.696,-0.771,-0.625,-0.431,-0.302,-0.224,-0.178,-0.147,-0.128,-0.114,-0.105,-0.099,-0.094,-0.093,-0.091,-0.092,-0.094,-0.097,-0.101,-0.106,-0.113,-0.119,-0.128,-0.138,-0.148,-0.160,-0.173,-0.188,-0.204,-0.221,-0.241,-0.261,-0.284,-0.309,-0.337,-0.366,-0.399,-0.435,-0.474,-0.518,-0.565,-0.619,-0.678,-0.744,-0.819,-0.902,-0.998,-1.105,-1.229,-1.370,-1.531,-1.716,-1.925,-2.159,-2.411,-2.672,-2.921,-3.129,-3.273,-3.335,-3.327,-3.278,-3.228,-3.218,-3.276,-3.431,-3.701,-4.102,-4.595,-4.977,-4.793,-3.873,-2.877,-2.380,-2.461,-3.054,-4.209,-6.178,-9.578,-15.615,-16.097,-10.211,-6.992,-5.243,-4.265,-3.690,-3.288,-2.921,-2.546,-2.185,-1.872,-1.623,-1.436,-1.304,-1.215,-1.161,-1.135,-1.131,-1.147,-1.178,-1.225,-1.285,-1.357,-1.443,-1.541,-1.653,-1.777,-1.917,-2.073,-2.246,-2.439,-2.651,-2.888,-3.150,-3.441,-3.765,-4.122,-4.520,-4.961,-5.447,-5.984,-6.567,-7.197,-7.859,-8.533,-9.189,-9.767,-10.217,-10.484,-10.538,-10.407,-10.124,-9.759,-9.365,-8.974,-8.625,-8.324,-8.086
112,5.4808,0.7574,3.4337,0.4407,0.6187,8.8000,-1.756,-1.690,-1.753,-1.771,-1.647,-1.542,-1.575,-1.618,-1.521,-1.391,-1.394,-1.456,-1.392,-1.252,-1.229,-1.310,-1.290,-1.152,-1.112,-1.227,-1.280,-1.176,-1.156,-1.391,-1.682,-1.839,-2.272,-3.805,-7.526,-13.892,-9.426,-4.916,-2.918,-2.207,-2.180,-2.604,-3.295,-3.663,-3.078,-2.016,-1.266,-0.981,-0.888,-0.742,-0.582,-0.527,-0.535,-0.494,-0.419,-0.393,-0.412,-0.401,-0.357,-0.342,-0.363,-0.367,-0.344,-0.337,-0.361,-0.376,-0.369,-0.371,-0.401,-0.428,-0.437,-0.452,-0.492,-0.536,-0.565,-0.600,-0.658,-0.727,-0.788,-0.856,-0.950,-1.064,-1.183,-1.314,-1.483,-1.691,-1.927,-2.200,-2.542,-2.970,-3.489,-4.115,-4.896,-5.880,-7.077,-8.437,-9.759,-10.541,-10.238,-9.025,-7.525,-6.124,-4.954,-4.021,-3.283,-2.691,-2.215,-1.842,-1.551,-1.315,-1.119,-0.964,-0.849,-0.758,-0.683,-0.630,-0.604,-0.597,-0.605,-0.637,-0.708,-0.821,-0.984,-1.230,-1.612,-2.202,-3.118,-4.596,-7.065,-11.404,-19.195,-15.713,-10.077,-7.022,-5.115,-3.820,-2.923,-2.321,-1.938,-1.715,-1.610,-1.587,-1.613,-1.670,-1.754,-1.861,-1.973,-2.077,-2.169,-2.242,-2.272,-2.244,-2.168,-2.057,-1.916,-1.758,-1.612,-1.498,-1.417,-1.366,-1.361,-1.414,-1.524,-1.683,-1.902,-2.175,-2.452,-2.655,-2.750,-2.777,-2.792,-2.829,-2.912,-3.062,-3.283,-3.554,-3.862,-4.218,-4.626,-5.062,-5.488,-5.884,-6.248,-6.554,-6.747,-6.799,-6.739,-6.615,-6.443,-6.222,-5.987,-5.797,-5.685,-5.624,-5.586,-5.596,-5.691,-5.860,-6.069,-6.344,-6.772,-7.407,-8.254,-9.374,-10.998,-13.540,-17.734
116,5.5125,0.5067,4.1943,0.9967,0.7877,7.4000,-2.345,-2.351,-2.446,-2.575,-2.660,-2.814,-3.085,-3.384,-3.742,-4.273,-4.927,-5.524,-5.908,-5.965,-5.656,-5.066,-4.400,-3.863,-3.453,-3.065,-2.755,-2.590,-2.458,-2.334,-2.377,-2.576,-2.909,-3.815,-5.688,-7.058,-5.495,-3.483,-2.387,-1.844,-1.484,-1.253,-1.111,-0.988,-0.892,-0.826,-0.760,-0.705,-0.667,-0.624,-0.587,-0.566,-0.536,-0.510,-0.500,-0.483,-0.464,-0.466,-0.462,-0.450,-0.464,-0.478,-0.479,-0.508,-0.551,-0.578,-0.641,-0.748,-0.850,-1.026,-1.349,-1.796,-2.613,-4.190,-5.497,-4.243,-2.372,-1.448,-1.210,-1.124,-1.027,-0.964,-0.901,-0.856,-0.880,-0.939,-1.011,-1.144,-1.336,-1.571,-1.898,-2.335,-2.830,-3.324,-3.738,-4.020,-4.290,-4.734,-5.437,-6.458,-7.846,-9.374,-10.200,-9.562,-8.099,-6.689,-5.591,-4.819,-4.377,-4.206,-4.294,-4.874,-6.109,-6.933,-5.677,-3.768,-2.469,-1.737,-1.313,-1.073,-0.950,-0.885,-0.862,-0.881,-0.923,-0.985,-1.082,-1.203,-1.351,-1.540,-1.771,-2.042,-2.365,-2.730,-3.102,-3.437,-3.659,-3.681,-3.495,-3.156,-2.741,-2.333,-1.976,-1.677,-1.437,-1.257,-1.117,-1.012,-0.941,-0.893,-0.860,-0.848,-0.851,-0.862,-0.886,-0.924,-0.966,-1.018,-1.084,-1.155,-1.233,-1.327,-1.429,-1.538,-1.664,-1.805,-1.956,-2.132,-2.339,-2.576,-2.856,-3.188,-3.549,-3.923,-4.310,-4.694,-5.064,-5.434,-5.800,-6.138,-6.451,-6.741,-6.977,-7.150,-7.278,-7.347,-7.343,-7.296,-7.221,-7.103,-6.960,-6.825,-6.685,-6.534,-6.408,-6.303,-6.197,-6.115,-6.070,-6.032,-6.012,-6.038,-6.082,-6.136,-6.242,-6.381,-6.529
120,5.4921,0.6306,2.8648,0.9507,0.6547,8.4000,-1.690,-1.723,-1.697,-1.642,-1.658,-1.654,-1.588,-1.577,-1.586,-1.525,-1.486,-1.498,-1.452,-1.391,-1.395,-1.370,-1.298,-1.288,-1.284,-1.216,-1.190,-1.204,-1.156,-1.120,-1.154,-1.144,-1.117,-1.187,-1.260,-1.312,-1.525,-1.901,-2.453,-3.714,-6.099,-7.415,-5.232,-3.141,-2.066,-1.518,-1.195,-1.000,-0.862,-0.781,-0.738,-0.679,-0.658,-0.691,-0.686,-0.716,-0.883,-1.060,-1.413,-2.523,-4.100,-3.800,-2.098,-1.113,-0.834,-0.673,-0.525,-0.513,-0.512,-0.467,-0.482,-0.519,-0.516,-0.541,-0.600,-0.631,-0.673,-0.756,-0.828,-0.902,-1.023,-1.155,-1.295,-1.489,-1.730,-2.005,-2.366,-2.845,-3.444,-4.242,-5.363,-6.931,-9.215,-12.811,-18.065,-16.690,-11.402,-7.951,-5.724,-4.220,-3.165,-2.429,-1.923,-1.565,-1.322,-1.185,-1.131,-1.146,-1.256,-1.475,-1.820,-2.353,-3.174,-4.409,-6.298,-9.351,-14.913,-35.246,-16.971,-11.079,-8.101,-6.283,-5.061,-4.208,-3.604,-3.152,-2.807,-2.553,-2.357,-2.194,-2.068,-1.966,-1.860,-1.754,-1.640,-1.491,-1.312,-1.119,-0.916,-0.728,-0.587,-0.492,-0.435,-0.426,-0.450,-0.490,-0.552,-0.635,-0.721,-0.816,-0.928,-1.037,-1.142,-1.254,-1.355,-1.434,-1.511,-1.580,-1.643,-1.735,-1.876,-2.067,-2.340,-2.723,-3.216,-3.865,-4.774,-6.057,-7.908,-10.773,-15.786,-29.909,-19.942,-13.108,-9.750,-7.748,-6.441,-5.565,-5.013,-4.678,-4.478,-4.408,-4.457,-4.567,-4.732,-4.981,-5.272,-5.564,-5.895,-6.246,-6.535,-6.761,-6.938,-6.972,-6.834,-6.630,-6.397,-6.113,-5.847,-5.643,-5.423,-5.177,-4.988,-4.815,-4.600,-4.423,-4.297
124,5.0729,0.6122,3.1472,0.9760,1.1050,4.0000,-3.676,-3.336,-3.014,-2.750,-2.528,-2.336,-2.189,-2.052,-1.944,-1.849,-1.761,-1.693,-1.620,-1.565,-1.507,-1.454,-1.410,-1.358,-1.321,-1.275,-1.236,-1.200,-1.157,-1.128,-1.086,-1.056,-1.023,-0.988,-0.964,-0.927,-0.907,-0.877,-0.854,-0.838,-0.813,-0.813,-0.799,-0.817,-0.846,-0.909,-1.075,-1.363,-2.039,-2.531,-2.038,-1.428,-1.024,-0.728,-0.600,-0.510,-0.453,-0.417,-0.377,-0.359,-0.331,-0.315,-0.298,-0.282,-0.273,-0.258,-0.253,-0.245,-0.242,-0.244,-0.250,-0.272,-0.306,-0.344,-0.334,-0.285,-0.246,-0.220,-0.206,-0.197,-0.193,-0.191,-0.190,-0.193,-0.195,-0.200,-0.205,-0.211,-0.219,-0.227,-0.237,-0.247,-0.260,-0.273,-0.287,-0.304,-0.320,-0.340,-0.361,-0.384,-0.409,-0.436,-0.467,-0.499,-0.536,-0.576,-0.621,-0.671,-0.726,-0.790,-0.860,-0.941,-1.033,-1.139,-1.261,-1.400,-1.563,-1.749,-1.962,-2.202,-2.467,-2.753,-3.045,-3.329,-3.586,-3.800,-3.965,-4.086,-4.182,-4.273,-4.388,-4.552,-4.790,-5.129,-5.585,-6.152,-6.752,-7.151,-7.033,-6.423,-5.894,-5.834,-5.803,-5.206,-4.302,-3.482,-2.852,-2.395,-2.061,-1.820,-1.641,-1.510,-1.412,-1.338,-1.285,-1.245,-1.218,-1.199,-1.187,-1.183,-1.182,-1.188,-1.194,-1.205,-1.219,-1.233,-1.251,-1.267,-1.287,-1.306,-1.327,-1.350,-1.374,-1.405,-1.441,-1.491,-1.561,-1.667,-1.835,-2.097,-2.505,-3.072,-3.741,-4.350,-4.742,-4.914,-4.940,-4.919,-4.894,-4.891,-4.923,-4.981,-5.078,-5.201,-5.359,-5.549,-5.769,-6.032,-6.324,-6.668,-7.054,-7.495,-8.007,-8.579,-9.257,-10.025,-10.932
128,5.5792,0.4729,3.8166,1.9627,1.2193,4.4000,-1.707,-1.644,-1.595,-1.555,-1.511,-1.484,-1.447,-1.422,-1.395,-1.366,-1.347,-1.318,-1.300,-1.274,-1.252,-1.233,-1.206,-1.191,-1.164,-1.147,-1.126,-1.105,-1.092,-1.069,-1.063,-1.048,-1.047,-1.051,-1.067,-1.114,-1.190,-1.379,-1.745,-2.607,-3.357,-2.750,-2.225,-2.409,-3.248,-5.111,-5.402,-3.407,-2.116,-1.626,-1.507,-1.267,-0.929,-0.763,-0.653,-0.581,-0.536,-0.494,-0.475,-0.456,-0.459,-0.476,-0.530,-0.642,-0.835,-0.987,-0.873,-0.647,-0.492,-0.397,-0.343,-0.306,-0.284,-0.268,-0.257,-0.253,-0.249,-0.251,-0.254,-0.260,-0.269,-0.280,-0.296,-0.313,-0.335,-0.361,-0.391,-0.427,-0.467,-0.517,-0.572,-0.639,-0.717,-0.809,-0.919,-1.048,-1.202,-1.383,-1.597,-1.844,-2.117,-2.404,-2.668,-2.864,-2.939,-2.870,-2.679,-2.418,-2.144,-1.894,-1.690,-1.534,-1.426,-1.362,-1.337,-1.351,-1.400,-1.488,-1.619,-1.799,-2.043,-2.369,-2.810,-3.414,-4.266,-5.504,-7.368,-10.239,-13.901,-13.216,-9.092,-6.108,-4.249,-3.126,-2.481,-2.165,-2.101,-2.239,-2.523,-2.791,-2.973,-3.482,-5.122,-8.232,-9.026,-6.166,-4.047,-2.830,-2.119,-1.686,-1.407,-1.229,-1.109,-1.034,-0.987,-0.962,-0.956,-0.961,-0.980,-1.006,-1.043,-1.087,-1.138,-1.199,-1.264,-1.340,-1.422,-1.514,-1.616,-1.726,-1.850,-1.983,-2.133,-2.297,-2.478,-2.681,-2.903,-3.154,-3.431,-3.743,-4.094,-4.483,-4.925,-5.414,-5.962,-6.568,-7.231,-7.966,-8.759,-9.626,-10.545,-11.487,-12.414,-13.217,-13.823,-14.153,-14.184,-14.017,-13.718,-13.390,-13.102,-12.845,-12.647,-12.418,-12.058,-11.426,-10.412
132,5.4572,0.4219,4.0604,1.7374,1.0124,3.6000,-1.410,-1.357,-1.333,-1.321,-1.279,-1.275,-1.258,-1.227,-1.233,-1.207,-1.191,-1.195,-1.163,-1.162,-1.157,-1.127,-1.138,-1.121,-1.105,-1.122,-1.099,-1.109,-1.135,-1.128,-1.196,-1.266,-1.370,-1.671,-2.136,-3.299,-5.897,-7.046,-4.411,-2.679,-2.043,-1.702,-1.603,-1.757,-2.082,-3.073,-4.861,-4.983,-3.105,-2.094,-1.942,-1.639,-1.162,-0.888,-0.743,-0.644,-0.583,-0.529,-0.492,-0.463,-0.435,-0.420,-0.408,-0.406,-0.422,-0.454,-0.488,-0.468,-0.404,-0.357,-0.327,-0.307,-0.298,-0.289,-0.287,-0.288,-0.288,-0.295,-0.302,-0.311,-0.325,-0.340,-0.359,-0.382,-0.408,-0.440,-0.477,-0.520,-0.573,-0.634,-0.707,-0.796,-0.902,-1.034,-1.194,-1.389,-1.624,-1.886,-2.148,-2.338,-2.366,-2.200,-1.904,-1.589,-1.326,-1.135,-1.013,-0.945,-0.918,-0.925,-0.957,-1.013,-1.090,-1.188,-1.308,-1.454,-1.627,-1.837,-2.089,-2.395,-2.773,-3.240,-3.830,-4.576,-5.518,-6.678,-7.952,-8.928,-8.879,-7.707,-6.168,-4.819,-3.824,-3.163,-2.773,-2.587,-2.517,-2.456,-2.320,-2.155,-2.196,-2.736,-4.170,-7.078,-10.586,-8.829,-5.662,-3.757,-2.652,-1.989,-1.574,-1.302,-1.124,-1.006,-0.927,-0.882,-0.855,-0.847,-0.853,-0.868,-0.897,-0.932,-0.975,-1.028,-1.087,-1.156,-1.234,-1.319,-1.417,-1.525,-1.647,-1.786,-1.939,-2.116,-2.318,-2.547,-2.816,-3.127,-3.492,-3.929,-4.448,-5.079,-5.854,-6.810,-8.023,-9.583,-11.649,-14.560,-19.106,-28.563,-26.595,-18.932,-15.404,-13.629,-13.066,-13.500,-14.891,-17.456,-21.899,-30.810,-26.578,-19.900,-16.268,-13.882,-12.216,-10.983,-10.046
136,5.2188,0.4349,2.7470,1.6438,0.8505,5.0000,-2.338,-2.240,-2.159,-2.076,-2.015,-1.953,-1.898,-1.854,-1.803,-1.768,-1.725,-1.688,-1.655,-1.614,-1.586,-1.547,-1.515,-1.483,-1.446,-1.418,-1.379,-1.349,-1.315,-1.280,-1.252,-1.214,-1.189,-1.156,-1.128,-1.105,-1.076,-1.064,-1.044,-1.043,-1.049,-1.071,-1.139,-1.242,-1.488,-1.945,-2.926,-4.181,-3.667,-2.290,-1.624,-1.242,-0.925,-0.752,-0.637,-0.567,-0.511,-0.467,-0.435,-0.403,-0.383,-0.361,-0.348,-0.336,-0.322,-0.315,-0.314,-0.327,-0.354,-0.403,-0.465,-0.483,-0.421,-0.329,-0.264,-0.222,-0.196,-0.180,-0.169,-0.163,-0.159,-0.157,-0.158,-0.159,-0.163,-0.167,-0.173,-0.180,-0.189,-0.199,-0.210,-0.223,-0.237,-0.254,-0.272,-0.291,-0.313,-0.336,-0.363,-0.391,-0.422,-0.456,-0.493,-0.534,-0.578,-0.627,-0.681,-0.741,-0.807,-0.880,-0.962,-1.053,-1.155,-1.271,-1.402,-1.552,-1.722,-1.917,-2.142,-2.399,-2.695,-3.030,-3.406,-3.811,-4.229,-4.620,-4.932,-5.110,-5.120,-4.976,-4.732,-4.460,-4.221,-4.059,-3.998,-4.044,-4.181,-4.329,-4.316,-3.928,-3.212,-2.537,-2.219,-2.378,-3.090,-4.570,-7.363,-12.610,-15.299,-9.316,-5.801,-3.871,-2.742,-2.049,-1.607,-1.318,-1.126,-1.000,-0.919,-0.871,-0.849,-0.845,-0.857,-0.882,-0.919,-0.968,-1.025,-1.093,-1.169,-1.256,-1.352,-1.456,-1.572,-1.696,-1.833,-1.982,-2.144,-2.323,-2.517,-2.732,-2.967,-3.227,-3.514,-3.828,-4.176,-4.557,-4.979,-5.441,-5.947,-6.500,-7.093,-7.728,-8.384,-9.039,-9.657,-10.172,-10.534,-10.689,-10.624,-10.380,-10.002,-9.565,-9.121,-8.699,-8.334,-8.027,-7.790
140,5.5609,0.6800,2.9949,0.7877,0.6335,3.6000,-1.786,-1.683,-1.581,-1.518,-1.448,-1.396,-1.353,-1.303,-1.276,-1.232,-1.206,-1.176,-1.143,-1.125,-1.090,-1.073,-1.044,-1.020,-1.002,-0.971,-0.958,-0.928,-0.911,-0.891,-0.865,-0.854,-0.825,-0.816,-0.794,-0.778,-0.771,-0.750,-0.758,-0.745,-0.765,-0.794,-0.852,-1.014,-1.301,-2.048,-2.571,-1.850,-1.122,-0.836,-0.660,-0.581,-0.521,-0.478,-0.454,-0.422,-0.410,-0.396,-0.414,-0.447,-0.451,-0.440,-0.425,-0.420,-0.417,-0.420,-0.432,-0.449,-0.479,-0.511,-0.526,-0.495,-0.435,-0.391,-0.365,-0.356,-0.355,-0.359,-0.368,-0.378,-0.392,-0.406,-0.424,-0.443,-0.464,-0.489,-0.514,-0.543,-0.573,-0.607,-0.643,-0.682,-0.726,-0.771,-0.822,-0.877,-0.935,-1.000,-1.069,-1.144,-1.226,-1.314,-1.410,-1.513,-1.627,-1.748,-1.881,-2.023,-2.177,-2.342,-2.519,-2.707,-2.904,-3.110,-3.322,-3.537,-3.750,-3.956,-4.152,-4.333,-4.498,-4.647,-4.781,-4.910,-5.037,-5.172,-5.319,-5.478,-5.642,-5.788,-5.878,-5.849,-5.641,-5.216,-4.597,-3.870,-3.137,-2.494,-1.999,-1.689,-1.599,-1.780,-2.365,-3.626,-6.148,-10.409,-10.597,-6.535,-4.053,-2.704,-1.941,-1.495,-1.224,-1.063,-0.970,-0.924,-0.910,-0.917,-0.942,-0.976,-1.019,-1.067,-1.119,-1.178,-1.241,-1.312,-1.389,-1.476,-1.572,-1.678,-1.796,-1.925,-2.068,-2.225,-2.398,-2.590,-2.800,-3.034,-3.293,-3.581,-3.904,-4.265,-4.674,-5.133,-5.657,-6.256,-6.943,-7.741,-8.668,-9.766,-11.077,-12.671,-14.669,-17.246,-20.742,-25.194,-26.028,-21.896,-18.427,-15.925,-14.080,-12.654,-11.539,-10.656,-9.948,-9.394,-8.956
144,5.3323,0.8205,3.3917,1.3380,0.8392,4.2000,-2.562,-2.338,-2.165,-2.011,-1.894,-1.787,-1.697,-1.623,-1.548,-1.492,-1.431,-1.381,-1.335,-1.285,-1.248,-1.203,-1.168,-1.131,-1.093,-1.063,-1.025,-0.998,-0.964,-0.934,-0.908,-0.875,-0.854,-0.823,-0.801,-0.778,-0.753,-0.738,-0.714,-0.705,-0.690,-0.685,-0.693,-0.704,-0.766,-0.865,-1.132,-1.409,-1.241,-0.958,-0.853,-0.766,-0.760,-0.874,-1.088,-1.470,-1.689,-1.374,-0.903,-0.621,-0.464,-0.375,-0.325,-0.289,-0.272,-0.261,-0.261,-0.271,-0.296,-0.346,-0.420,-0.486,-0.458,-0.355,-0.268,-0.214,-0.183,-0.165,-0.154,-0.149,-0.146,-0.147,-0.149,-0.153,-0.158,-0.164,-0.173,-0.182,-0.193,-0.204,-0.218,-0.232,-0.249,-0.267,-0.286,-0.308,-0.331,-0.356,-0.384,-0.414,-0.447,-0.483,-0.521,-0.564,-0.610,-0.660,-0.714,-0.774,-0.839,-0.909,-0.985,-1.067,-1.154,-1.246,-1.342,-1.440,-1.536,-1.626,-1.707,-1.773,-1.821,-1.850,-1.862,-1.862,-1.855,-1.849,-1.852,-1.869,-1.906,-1.968,-2.058,-2.183,-2.348,-2.559,-2.820,-3.129,-3.458,-3.708,-3.679,-3.191,-2.435,-1.881,-1.781,-2.131,-2.904,-4.150,-5.901,-7.680,-8.330,-7.984,-7.466,-6.752,-5.755,-4.660,-3.683,-2.906,-2.323,-1.898,-1.592,-1.376,-1.224,-1.120,-1.053,-1.014,-0.997,-0.997,-1.013,-1.041,-1.080,-1.129,-1.187,-1.255,-1.332,-1.418,-1.515,-1.621,-1.739,-1.869,-2.013,-2.172,-2.349,-2.545,-2.763,-3.008,-3.282,-3.591,-3.942,-4.340,-4.799,-5.326,-5.942,-6.665,-7.522,-8.554,-9.810,-11.379,-13.388,-16.069,-19.866,-25.000,-24.972,-20.106,-16.613,-14.219,-12.501,-11.223,-10.273
148,5.5568,0.5530,3.7255,1.4132,1.0778,4.2000,-1.681,-1.622,-1.557,-1.514,-1.467,-1.427,-1.396,-1.356,-1.332,-1.298,-1.271,-1.247,-1.215,-1.196,-1.165,-1.144,-1.120,-1.092,-1.074,-1.045,-1.027,-1.004,-0.981,-0.966,-0.941,-0.931,-0.914,-0.906,-0.909,-0.912,-0.954,-1.026,-1.211,-1.601,-1.798,-1.517,-1.357,-1.537,-1.988,-3.131,-4.059,-3.029,-1.802,-1.304,-1.093,-0.885,-0.691,-0.583,-0.519,-0.468,-0.440,-0.413,-0.399,-0.391,-0.394,-0.413,-0.453,-0.538,-0.686,-0.869,-0.883,-0.690,-0.509,-0.398,-0.331,-0.294,-0.269,-0.255,-0.246,-0.241,-0.241,-0.242,-0.248,-0.255,-0.265,-0.278,-0.293,-0.311,-0.332,-0.358,-0.386,-0.419,-0.458,-0.501,-0.552,-0.610,-0.678,-0.756,-0.847,-0.953,-1.076,-1.220,-1.385,-1.573,-1.782,-2.005,-2.226,-2.418,-2.550,-2.593,-2.537,-2.401,-2.217,-2.022,-1.844,-1.696,-1.586,-1.512,-1.475,-1.471,-1.500,-1.562,-1.656,-1.788,-1.961,-2.185,-2.472,-2.840,-3.318,-3.943,-4.777,-5.898,-7.402,-9.274,-10.841,-10.405,-8.180,-5.946,-4.285,-3.196,-2.569,-2.314,-2.355,-2.511,-2.697,-3.285,-5.025,-8.623,-10.606,-7.124,-4.526,-3.091,-2.265,-1.769,-1.448,-1.242,-1.103,-1.011,-0.955,-0.919,-0.905,-0.903,-0.915,-0.937,-0.966,-1.006,-1.051,-1.106,-1.167,-1.236,-1.315,-1.399,-1.496,-1.600,-1.717,-1.846,-1.987,-2.148,-2.323,-2.523,-2.745,-2.996,-3.282,-3.605,-3.979,-4.408,-4.908,-5.497,-6.192,-7.035,-8.058,-9.340,-10.983,-13.147,-16.140,-20.429,-26.683,-28.937,-24.296,-21.060,-18.896,-17.271,-16.072,-15.214,-14.650,-14.407,-14.440,-14.812,-15.557,-16.742,-18.583
152,4.6241,0.4932,3.3276,1.4003,0.9136,3.8000,-2.914,-2.616,-2.374,-2.212,-2.046,-1.942,-1.841,-1.753,-1.700,-1.623,-1.586,-1.532,-1.488,-1.460,-1.410,-1.392,-1.348,-1.322,-1.297,-1.258,-1.245,-1.204,-1.187,-1.160,-1.129,-1.117,-1.080,-1.072,-1.044,-1.027,-1.019,-0.993,-1.002,-0.984,-0.998,-1.014,-1.032,-1.105,-1.165,-1.341,-1.596,-2.121,-3.004,-3.471,-3.707,-3.826,-3.657,-4.511,-7.118,-9.254,-6.758,-4.065,-2.608,-1.789,-1.308,-1.015,-0.805,-0.672,-0.564,-0.487,-0.428,-0.375,-0.340,-0.303,-0.279,-0.255,-0.235,-0.221,-0.204,-0.195,-0.184,-0.177,-0.172,-0.168,-0.169,-0.168,-0.167,-0.163,-0.161,-0.163,-0.164,-0.169,-0.172,-0.179,-0.185,-0.193,-0.202,-0.211,-0.223,-0.234,-0.247,-0.262,-0.276,-0.293,-0.310,-0.329,-0.349,-0.370,-0.393,-0.417,-0.444,-0.471,-0.501,-0.533,-0.566,-0.602,-0.639,-0.680,-0.722,-0.766,-0.811,-0.857,-0.903,-0.946,-0.988,-1.025,-1.058,-1.087,-1.114,-1.140,-1.169,-1.202,-1.241,-1.289,-1.347,-1.416,-1.498,-1.596,-1.714,-1.855,-2.028,-2.234,-2.484,-2.745,-2.916,-2.712,-2.052,-1.476,-1.273,-1.297,-1.455,-1.705,-2.006,-2.371,-2.800,-3.327,-3.985,-4.823,-5.916,-7.311,-8.966,-10.291,-10.068,-8.303,-6.306,-4.692,-3.514,-2.692,-2.121,-1.732,-1.465,-1.285,-1.167,-1.090,-1.048,-1.026,-1.024,-1.035,-1.056,-1.089,-1.126,-1.173,-1.225,-1.283,-1.348,-1.416,-1.494,-1.575,-1.665,-1.763,-1.867,-1.985,-2.110,-2.252,-2.405,-2.577,-2.772,-2.986,-3.236,-3.515,-3.842,-4.222,-4.666,-5.205,-5.844,-6.642,-7.626,-8.874,-10.470,-12.454,-14.683
156,4.8795,0.5655,2.9006,0.6675,0.7703,5.0000,-2.698,-2.519,-2.362,-2.233,-2.115,-2.016,-1.928,-1.846,-1.776,-1.707,-1.648,-1.590,-1.534,-1.485,-1.433,-1.387,-1.339,-1.294,-1.252,-1.207,-1.167,-1.125,-1.086,-1.048,-1.008,-0.974,-0.936,-0.903,-0.870,-0.837,-0.809,-0.778,-0.753,-0.728,-0.706,-0.692,-0.676,-0.676,-0.681,-0.713,-0.787,-0.937,-1.237,-1.364,-1.078,-0.792,-0.664,-0.602,-0.640,-0.743,-0.973,-1.247,-1.144,-0.768,-0.509,-0.378,-0.302,-0.262,-0.235,-0.219,-0.213,-0.212,-0.224,-0.250,-0.301,-0.376,-0.398,-0.317,-0.225,-0.176,-0.148,-0.135,-0.128,-0.125,-0.126,-0.127,-0.131,-0.135,-0.141,-0.148,-0.155,-0.165,-0.174,-0.186,-0.198,-0.211,-0.225,-0.241,-0.258,-0.275,-0.295,-0.316,-0.338,-0.362,-0.387,-0.415,-0.445,-0.476,-0.511,-0.547,-0.587,-0.629,-0.676,-0.726,-0.780,-0.839,-0.904,-0.975,-1.053,-1.140,-1.236,-1.344,-1.464,-1.600,-1.754,-1.929,-2.128,-2.354,-2.610,-2.897,-3.211,-3.544,-3.883,-4.208,-4.508,-4.786,-5.075,-5.421,-5.877,-6.455,-7.047,-7.265,-6.592,-5.163,-3.710,-2.698,-2.198,-2.136,-2.456,-3.173,-4.415,-6.499,-10.220,-18.786,-20.330,-10.879,-7.041,-4.952,-3.715,-2.956,-2.481,-2.176,-1.966,-1.800,-1.650,-1.508,-1.379,-1.272,-1.191,-1.137,-1.108,-1.101,-1.113,-1.141,-1.183,-1.238,-1.304,-1.383,-1.472,-1.573,-1.685,-1.810,-1.948,-2.100,-2.268,-2.453,-2.658,-2.883,-3.132,-3.407,-3.712,-4.050,-4.425,-4.841,-5.302,-5.813,-6.376,-6.992,-7.661,-8.371,-9.104,-9.824,-10.473,-10.981,-11.271,-11.304,-11.094,-10.696,-10.194,-9.656,-9.129
160,4.9915,0.5008,3.5086,1.2757,0.6779,5.8000,-2.109,-2.044,-1.976,-1.916,-1.868,-1.810,-1.771,-1.721,-1.680,-1.642,-1.594,-1.563,-1.516,-1.481,-1.443,-1.400,-1.369,-1.324,-1.294,-1.255,-1.219,-1.191,-1.152,-1.131,-1.098,-1.079,-1.063,-1.046,-1.053,-1.054,-1.093,-1.145,-1.249,-1.437,-1.758,-2.418,-3.758,-6.766,-9.780,-6.966,-5.194,-5.355,-6.644,-6.372,-4.534,-4.225,-3.959,-2.605,-1.723,-1.273,-0.979,-0.816,-0.677,-0.595,-0.522,-0.473,-0.443,-0.426,-0.451,-0.520,-0.656,-0.657,-0.489,-0.355,-0.276,-0.230,-0.198,-0.174,-0.159,-0.143,-0.135,-0.125,-0.119,-0.114,-0.109,-0.108,-0.105,-0.107,-0.107,-0.109,-0.114,-0.117,-0.125,-0.131,-0.140,-0.150,-0.162,-0.176,-0.191,-0.209,-0.229,-0.252,-0.278,-0.306,-0.341,-0.378,-0.423,-0.473,-0.531,-0.598,-0.672,-0.756,-0.845,-0.936,-1.020,-1.085,-1.128,-1.142,-1.138,-1.124,-1.114,-1.115,-1.130,-1.165,-1.217,-1.293,-1.390,-1.512,-1.667,-1.856,-2.095,-2.393,-2.775,-3.274,-3.937,-4.858,-6.175,-8.157,-11.231,-14.946,-13.089,-8.694,-5.793,-4.112,-3.266,-2.898,-2.759,-2.917,-3.566,-4.856,-7.148,-11.451,-21.280,-15.635,-9.219,-6.077,-4.263,-3.141,-2.415,-1.929,-1.600,-1.372,-1.217,-1.113,-1.045,-1.009,-0.993,-0.998,-1.018,-1.051,-1.098,-1.155,-1.226,-1.306,-1.398,-1.504,-1.619,-1.750,-1.892,-2.050,-2.226,-2.416,-2.629,-2.860,-3.115,-3.393,-3.695,-4.027,-4.380,-4.761,-5.161,-5.574,-5.994,-6.397,-6.776,-7.101,-7.351,-7.522,-7.589,-7.572,-7.475,-7.315,-7.130,-6.917,-6.714,-6.523,-6.344,-6.192,-6.028,-5.855,-5.641
164,5.5998,0.5784,3.5431,0.5482,0.6912,4.0000,-1.478,-1.438,-1.381,-1.354,-1.312,-1.281,-1.257,-1.220,-1.205,-1.171,-1.151,-1.128,-1.099,-1.085,-1.053,-1.038,-1.012,-0.989,-0.972,-0.942,-0.930,-0.901,-0.884,-0.864,-0.839,-0.827,-0.800,-0.789,-0.769,-0.754,-0.748,-0.730,-0.737,-0.731,-0.755,-0.791,-0.860,-1.027,-1.323,-1.973,-2.342,-1.702,-1.051,-0.767,-0.605,-0.528,-0.474,-0.438,-0.417,-0.396,-0.387,-0.377,-0.376,-0.378,-0.387,-0.409,-0.445,-0.513,-0.621,-0.772,-0.843,-0.725,-0.553,-0.440,-0.376,-0.343,-0.326,-0.318,-0.318,-0.321,-0.329,-0.340,-0.353,-0.370,-0.388,-0.410,-0.435,-0.463,-0.494,-0.529,-0.568,-0.611,-0.660,-0.713,-0.774,-0.841,-0.916,-1.001,-1.095,-1.201,-1.320,-1.453,-1.603,-1.769,-1.955,-2.159,-2.379,-2.612,-2.847,-3.078,-3.284,-3.454,-3.573,-3.634,-3.646,-3.617,-3.573,-3.527,-3.500,-3.505,-3.551,-3.651,-3.807,-4.034,-4.337,-4.734,-5.243,-5.879,-6.677,-7.634,-8.737,-9.820,-10.500,-10.289,-9.167,-7.664,-6.179,-4.924,-3.903,-3.124,-2.551,-2.157,-1.966,-1.975,-2.341,-3.262,-5.272,-9.359,-9.682,-5.543,-3.385,-2.309,-1.718,-1.385,-1.164,-1.039,-0.951,-0.902,-0.879,-0.866,-0.878,-0.891,-0.923,-0.959,-1.002,-1.058,-1.113,-1.185,-1.257,-1.341,-1.435,-1.532,-1.648,-1.766,-1.904,-2.052,-2.215,-2.403,-2.603,-2.837,-3.092,-3.385,-3.721,-4.097,-4.543,-5.047,-5.645,-6.347,-7.173,-8.177,-9.365,-10.822,-12.574,-14.607,-16.748,-18.101,-17.764,-16.347,-14.774,-13.474,-12.481,-11.690,-11.104,-10.635,-10.290,-10.083,-9.974,-10.028,-10.195,-10.501,-10.963
168,5.3811,0.4440,3.6892,0.5019,0.9382,5.2000,-1.592,-1.563,-1.511,-1.485,-1.450,-1.413,-1.394,-1.352,-1.335,-1.301,-1.272,-1.253,-1.213,-1.201,-1.164,-1.143,-1.122,-1.088,-1.083,-1.048,-1.048,-1.037,-1.036,-1.082,-1.121,-1.312,-1.636,-2.585,-4.177,-3.668,-2.143,-1.509,-1.198,-1.056,-1.025,-1.028,-1.189,-1.486,-2.189,-2.772,-2.183,-1.361,-0.945,-0.720,-0.597,-0.519,-0.463,-0.432,-0.403,-0.392,-0.385,-0.390,-0.414,-0.457,-0.556,-0.729,-1.056,-1.369,-1.222,-0.821,-0.559,-0.416,-0.335,-0.292,-0.261,-0.247,-0.235,-0.232,-0.231,-0.233,-0.240,-0.247,-0.258,-0.271,-0.287,-0.306,-0.326,-0.352,-0.379,-0.411,-0.447,-0.487,-0.535,-0.587,-0.647,-0.716,-0.796,-0.888,-0.995,-1.121,-1.268,-1.443,-1.650,-1.893,-2.176,-2.492,-2.824,-3.130,-3.347,-3.416,-3.321,-3.115,-2.871,-2.656,-2.505,-2.428,-2.430,-2.505,-2.656,-2.886,-3.203,-3.628,-4.184,-4.916,-5.889,-7.209,-9.078,-11.889,-16.789,-31.820,-19.974,-12.931,-9.248,-6.874,-5.235,-4.073,-3.234,-2.640,-2.226,-1.964,-1.843,-1.859,-2.046,-2.348,-2.758,-3.612,-5.759,-10.606,-11.608,-6.388,-3.781,-2.523,-1.848,-1.476,-1.244,-1.111,-1.030,-0.985,-0.972,-0.971,-0.994,-1.024,-1.067,-1.123,-1.183,-1.260,-1.339,-1.432,-1.534,-1.644,-1.771,-1.903,-2.054,-2.216,-2.393,-2.591,-2.802,-3.041,-3.296,-3.581,-3.894,-4.233,-4.615,-5.026,-5.486,-5.990,-6.539,-7.152,-7.810,-8.538,-9.323,-10.152,-11.044,-11.962,-12.960,-14.128,-15.550,-17.436,-19.918,-23.222,-27.173,-27.668,-24.242,-20.996,-18.625,-16.732,-15.244,-13.999,-12.923,-12.015,-11.181
172,5.2615,0.4253,3.8900,1.9383,1.2400,7.8000,-1.812,-1.851,-1.884,-1.893,-1.923,-1.970,-1.993,-2.015,-2.069,-2.120,-2.155,-2.219,-2.315,-2.410,-2.530,-2.722,-2.978,-3.299,-3.758,-4.410,-5.233,-6.128,-6.831,-6.953,-6.419,-5.560,-4.712,-4.051,-3.586,-3.232,-2.989,-2.943,-3.080,-3.418,-4.318,-6.328,-8.945,-8.177,-5.309,-3.479,-2.565,-2.022,-1.635,-1.399,-1.243,-1.093,-0.978,-0.906,-0.831,-0.757,-0.711,-0.670,-0.618,-0.583,-0.560,-0.526,-0.498,-0.485,-0.466,-0.444,-0.437,-0.433,-0.420,-0.417,-0.425,-0.425,-0.430,-0.451,-0.470,-0.489,-0.529,-0.579,-0.630,-0.708,-0.822,-0.955,-1.146,-1.443,-1.855,-2.461,-3.355,-4.089,-3.696,-2.497,-1.522,-1.044,-0.883,-0.868,-0.961,-1.135,-1.331,-1.530,-1.726,-1.886,-2.000,-2.098,-2.204,-2.350,-2.610,-3.085,-3.878,-5.038,-6.476,-7.971,-9.463,-11.300,-14.133,-18.502,-17.740,-11.921,-7.973,-5.467,-3.862,-2.834,-2.179,-1.760,-1.485,-1.310,-1.207,-1.151,-1.127,-1.139,-1.178,-1.232,-1.310,-1.415,-1.532,-1.677,-1.902,-2.273,-2.910,-3.943,-5.104,-5.318,-4.215,-2.905,-2.000,-1.471,-1.165,-0.999,-0.929,-0.915,-0.939,-1.002,-1.095,-1.213,-1.362,-1.546,-1.762,-2.017,-2.315,-2.650,-3.009,-3.369,-3.684,-3.891,-3.945,-3.837,-3.599,-3.294,-2.982,-2.700,-2.464,-2.284,-2.156,-2.074,-2.034,-2.033,-2.065,-2.128,-2.221,-2.344,-2.494,-2.674,-2.884,-3.126,-3.400,-3.708,-4.051,-4.425,-4.830,-5.258,-5.697,-6.128,-6.531,-6.880,-7.153,-7.339,-7.445,-7.491,-7.502,-7.502,-7.509,-7.532,-7.573,-7.630,-7.702,-7.788,-7.882,-7.981,-8.078
176,5.0020,0.5442,3.1745,0.5997,1.1190,7.4000,-1.806,-1.816,-1.802,-1.805,-1.809,-1.790,-1.782,-1.779,-1.753,-1.734,-1.722,-1.690,-1.662,-1.643,-1.606,-1.572,-1.548,-1.510,-1.474,-1.449,-1.414,-1.382,-1.362,-1.337,-1.318,-1.315,-1.313,-1.327,-1.365,-1.425,-1.528,-1.700,-1.973,-2.438,-3.244,-4.714,-7.456,-10.824,-8.851,-5.411,-3.460,-2.396,-1.755,-1.375,-1.125,-0.934,-0.813,-0.721,-0.635,-0.584,-0.541,-0.492,-0.470,-0.450,-0.419,-0.413,-0.408,-0.389,-0.398,-0.406,-0.400,-0.428,-0.455,-0.470,-0.534,-0.606,-0.679,-0.862,-1.119,-1.530,-2.449,-3.373,-2.793,-1.532,-0.870,-0.678,-0.574,-0.548,-0.602,-0.639,-0.702,-0.807,-0.892,-0.991,-1.109,-1.191,-1.260,-1.322,-1.343,-1.370,-1.436,-1.534,-1.719,-2.030,-2.462,-3.078,-3.945,-5.083,-6.596,-8.621,-11.172,-14.129,-15.987,-14.452,-11.848,-9.850,-9.264,-11.166,-18.776,-20.162,-11.181,-7.962,-6.357,-5.372,-4.740,-4.309,-3.976,-3.732,-3.552,-3.404,-3.296,-3.221,-3.161,-3.125,-3.109,-3.102,-3.109,-3.129,-3.151,-3.179,-3.209,-3.232,-3.247,-3.251,-3.232,-3.192,-3.127,-3.032,-2.912,-2.770,-2.611,-2.445,-2.283,-2.133,-2.008,-1.915,-1.854,-1.817,-1.788,-1.746,-1.686,-1.611,-1.528,-1.447,-1.374,-1.311,-1.259,-1.220,-1.192,-1.176,-1.171,-1.175,-1.189,-1.214,-1.246,-1.288,-1.339,-1.399,-1.467,-1.545,-1.632,-1.728,-1.838,-1.958,-2.092,-2.245,-2.416,-2.606,-2.821,-3.057,-3.312,-3.587,-3.874,-4.164,-4.454,-4.731,-4.979,-5.190,-5.355,-5.458,-5.500,-5.485,-5.411,-5.289,-5.137,-4.958,-4.764,-4.569,-4.375,-4.185,-4.009
180,5.1997,0.5738,3.5950,1.6363,0.9118,4.2000,-2.060,-1.936,-1.853,-1.752,-1.698,-1.628,-1.574,-1.536,-1.477,-1.454,-1.404,-1.375,-1.345,-1.303,-1.288,-1.243,-1.225,-1.193,-1.161,-1.145,-1.104,-1.092,-1.057,-1.035,-1.016,-0.982,-0.975,-0.942,-0.933,-0.916,-0.898,-0.905,-0.888,-0.914,-0.928,-0.979,-1.086,-1.247,-1.647,-2.047,-2.164,-2.363,-3.319,-4.259,-3.587,-3.535,-4.233,-3.227,-1.956,-1.328,-0.951,-0.759,-0.619,-0.527,-0.467,-0.408,-0.379,-0.341,-0.322,-0.305,-0.292,-0.297,-0.306,-0.346,-0.390,-0.386,-0.323,-0.260,-0.226,-0.199,-0.188,-0.177,-0.172,-0.170,-0.167,-0.171,-0.171,-0.176,-0.182,-0.188,-0.198,-0.207,-0.220,-0.233,-0.248,-0.266,-0.285,-0.308,-0.331,-0.359,-0.390,-0.423,-0.462,-0.502,-0.550,-0.602,-0.661,-0.726,-0.798,-0.880,-0.967,-1.065,-1.169,-1.276,-1.384,-1.482,-1.566,-1.621,-1.645,-1.635,-1.597,-1.543,-1.480,-1.425,-1.380,-1.353,-1.346,-1.357,-1.392,-1.446,-1.525,-1.628,-1.759,-1.926,-2.130,-2.389,-2.709,-3.115,-3.620,-4.219,-4.828,-5.123,-4.671,-3.588,-2.645,-2.175,-2.023,-2.189,-2.821,-3.965,-5.760,-8.514,-12.220,-13.207,-9.727,-6.729,-4.760,-3.480,-2.635,-2.063,-1.674,-1.404,-1.216,-1.088,-1.001,-0.946,-0.915,-0.902,-0.905,-0.920,-0.946,-0.980,-1.024,-1.076,-1.135,-1.203,-1.277,-1.361,-1.453,-1.554,-1.666,-1.789,-1.925,-2.074,-2.240,-2.425,-2.629,-2.860,-3.117,-3.409,-3.740,-4.118,-4.555,-5.060,-5.654,-6.356,-7.202,-8.239,-9.531,-11.199,-13.421,-16.570,-21.414,-26.876,-22.044,-17.400,-14.509,-12.602,-11.306,-10.410,-9.818
184,4.4139,0.6714,2.6433,1.1557,0.6471,8.4000,-0.790,-1.380,-2.035,-1.722,-0.969,-0.612,-0.483,-0.381,-0.354,-0.334,-0.309,-0.314,-0.305,-0.300,-0.309,-0.303,-0.306,-0.315,-0.310,-0.319,-0.325,-0.323,-0.334,-0.337,-0.339,-0.350,-0.352,-0.357,-0.369,-0.370,-0.377,-0.388,-0.389,-0.399,-0.409,-0.411,-0.424,-0.432,-0.436,-0.451,-0.459,-0.465,-0.482,-0.489,-0.500,-0.518,-0.526,-0.543,-0.565,-0.577,-0.604,-0.635,-0.662,-0.712,-0.768,-0.824,-0.882,-0.882,-0.836,-0.802,-0.768,-0.756,-0.775,-0.779,-0.809,-0.862,-0.898,-0.996,-1.147,-1.358,-1.892,-2.499,-2.264,-1.530,-1.146,-1.041,-0.962,-0.948,-0.964,-0.959,-0.985,-1.014,-1.029,-1.066,-1.099,-1.126,-1.171,-1.209,-1.247,-1.300,-1.347,-1.399,-1.464,-1.525,-1.597,-1.681,-1.766,-1.869,-1.987,-2.116,-2.273,-2.455,-2.659,-2.896,-3.130,-3.294,-3.265,-2.959,-2.557,-2.327,-2.341,-2.547,-2.897,-3.356,-3.921,-4.604,-5.400,-6.319,-7.357,-8.467,-9.595,-10.636,-11.435,-11.896,-11.951,-11.631,-11.038,-10.229,-9.285,-8.279,-7.252,-6.279,-5.401,-4.636,-4.009,-3.509,-3.119,-2.830,-2.620,-2.468,-2.369,-2.308,-2.274,-2.268,-2.283,-2.311,-2.361,-2.424,-2.499,-2.594,-2.701,-2.819,-2.954,-3.094,-3.236,-3.379,-3.505,-3.618,-3.732,-3.863,-4.066,-4.421,-5.023,-6.033,-7.709,-10.467,-15.190,-21.909,-16.816,-12.003,-9.234,-7.506,-6.379,-5.617,-5.120,-4.837,-4.715,-4.742,-4.907,-5.154,-5.432,-5.682,-5.819,-5.842,-5.791,-5.689,-5.596,-5.553,-5.545,-5.595,-5.715,-5.864,-6.054,-6.285,-6.507,-6.728,-6.952,-7.121,-7.253,-7.362,-7.389
188,5.3733,0.9870,2.8020,1.9706,0.6637,8.0000,-1.975,-2.037,-1.987,-1.928,-1.969,-1.956,-1.869,-1.865,-1.877,-1.795,-1.745,-1.760,-1.703,-1.624,-1.623,-1.596,-1.510,-1.484,-1.480,-1.409,-1.361,-1.369,-1.326,-1.270,-1.281,-1.276,-1.232,-1.250,-1.296,-1.300,-1.357,-1.499,-1.647,-1.884,-2.363,-3.124,-4.448,-7.153,-12.045,-11.808,-7.018,-4.315,-2.897,-2.110,-1.632,-1.306,-1.087,-0.948,-0.830,-0.729,-0.674,-0.626,-0.565,-0.535,-0.523,-0.484,-0.462,-0.472,-0.453,-0.434,-0.459,-0.465,-0.451,-0.489,-0.532,-0.536,-0.597,-0.705,-0.771,-0.915,-1.221,-1.588,-2.288,-3.912,-5.667,-4.552,-2.446,-1.366,-1.041,-0.928,-0.895,-1.011,-1.232,-1.535,-2.031,-2.849,-3.893,-4.300,-3.336,-2.042,-1.269,-0.964,-0.846,-0.839,-0.962,-1.145,-1.369,-1.699,-2.129,-2.640,-3.302,-4.163,-5.200,-6.463,-8.005,-9.687,-11.259,-12.369,-12.563,-12.057,-11.389,-10.729,-10.132,-9.490,-8.436,-6.835,-5.023,-3.427,-2.276,-1.567,-1.155,-0.908,-0.771,-0.702,-0.659,-0.636,-0.641,-0.651,-0.663,-0.695,-0.735,-0.774,-0.828,-0.898,-0.969,-1.050,-1.156,-1.274,-1.424,-1.672,-2.092,-2.792,-3.966,-5.804,-7.702,-7.259,-4.987,-3.158,-2.097,-1.505,-1.153,-0.967,-0.886,-0.842,-0.838,-0.881,-0.932,-0.991,-1.086,-1.191,-1.293,-1.426,-1.578,-1.723,-1.889,-2.084,-2.269,-2.459,-2.678,-2.882,-3.066,-3.265,-3.444,-3.574,-3.703,-3.818,-3.879,-3.937,-4.013,-4.059,-4.109,-4.214,-4.328,-4.445,-4.634,-4.872,-5.101,-5.375,-5.710,-6.014,-6.264,-6.516,-6.704,-6.737,-6.678,-6.590,-6.401,-6.114,-5.854,-5.614,-5.309
192,5.4107,0.7499,3.5271,1.1774,0.9639,8.4000,-1.846,-1.872,-1.857,-1.799,-1.762,-1.773,-1.772,-1.719,-1.657,-1.643,-1.650,-1.612,-1.540,-1.503,-1.510,-1.496,-1.433,-1.382,-1.390,-1.409,-1.376,-1.334,-1.362,-1.442,-1.494,-1.531,-1.677,-1.989,-2.424,-3.055,-4.317,-7.095,-13.697,-18.845,-9.108,-5.726,-4.750,-4.831,-4.668,-3.654,-2.491,-1.752,-1.408,-1.202,-0.997,-0.835,-0.756,-0.708,-0.636,-0.562,-0.526,-0.511,-0.480,-0.438,-0.416,-0.414,-0.403,-0.380,-0.367,-0.371,-0.374,-0.366,-0.362,-0.373,-0.387,-0.393,-0.401,-0.421,-0.449,-0.473,-0.498,-0.534,-0.583,-0.633,-0.687,-0.755,-0.843,-0.943,-1.056,-1.196,-1.372,-1.588,-1.852,-2.186,-2.622,-3.200,-3.973,-5.045,-6.598,-8.987,-13.044,-21.548,-18.593,-11.294,-7.523,-5.229,-3.745,-2.754,-2.083,-1.634,-1.351,-1.196,-1.143,-1.190,-1.349,-1.639,-2.089,-2.746,-3.685,-4.999,-6.801,-9.253,-12.654,-17.551,-22.036,-17.796,-13.126,-9.663,-7.023,-5.075,-3.741,-2.916,-2.459,-2.230,-2.124,-2.085,-2.077,-2.058,-1.982,-1.833,-1.618,-1.360,-1.093,-0.856,-0.675,-0.547,-0.461,-0.409,-0.391,-0.399,-0.423,-0.458,-0.509,-0.578,-0.657,-0.742,-0.839,-0.951,-1.069,-1.183,-1.290,-1.390,-1.478,-1.554,-1.641,-1.774,-1.978,-2.269,-2.674,-3.243,-4.039,-5.148,-6.724,-9.074,-12.866,-19.584,-19.846,-13.304,-9.691,-7.537,-6.206,-5.408,-4.978,-4.813,-4.860,-5.109,-5.565,-6.228,-7.093,-8.156,-9.388,-10.617,-11.451,-11.570,-11.132,-10.516,-9.969,-9.599,-9.443,-9.469,-9.579,-9.644,-9.574,-9.359,-9.045,-8.682,-8.308,-7.973,-7.759,-7.736,-7.923
196,5.5326,0.8768,3.1123,1.8036,0.6812,7.8000,-1.923,-1.923,-1.882,-1.871,-1.856,-1.811,-1.799,-1.769,-1.725,-1.711,-1.670,-1.631,-1.613,-1.566,-1.536,-1.514,-1.469,-1.451,-1.429,-1.395,-1.392,-1.378,-1.370,-1.393,-1.410,-1.459,-1.550,-1.668,-1.883,-2.224,-2.784,-3.804,-5.732,-9.743,-16.407,-10.369,-5.918,-3.785,-2.633,-1.986,-1.580,-1.299,-1.128,-0.988,-0.885,-0.828,-0.760,-0.727,-0.713,-0.684,-0.704,-0.725,-0.754,-0.859,-0.975,-1.203,-1.661,-2.449,-4.320,-7.277,-6.049,-3.126,-1.749,-1.169,-0.836,-0.688,-0.609,-0.550,-0.548,-0.552,-0.570,-0.625,-0.686,-0.778,-0.922,-1.107,-1.394,-1.853,-2.563,-3.744,-4.979,-4.418,-2.707,-1.587,-1.111,-0.918,-0.894,-0.982,-1.121,-1.339,-1.628,-1.984,-2.451,-3.027,-3.739,-4.633,-5.706,-6.992,-8.484,-10.082,-11.658,-12.938,-13.784,-14.385,-15.001,-15.484,-14.030,-10.173,-6.521,-4.103,-2.764,-2.070,-1.692,-1.486,-1.360,-1.275,-1.227,-1.190,-1.168,-1.165,-1.161,-1.176,-1.200,-1.227,-1.277,-1.330,-1.403,-1.517,-1.686,-2.027,-2.671,-3.802,-5.361,-5.650,-4.019,-2.576,-1.843,-1.508,-1.378,-1.359,-1.391,-1.463,-1.552,-1.650,-1.753,-1.845,-1.925,-1.982,-2.007,-2.005,-1.968,-1.906,-1.829,-1.738,-1.651,-1.571,-1.501,-1.452,-1.416,-1.401,-1.409,-1.429,-1.474,-1.536,-1.612,-1.713,-1.826,-1.956,-2.108,-2.266,-2.442,-2.630,-2.818,-3.019,-3.218,-3.415,-3.625,-3.832,-4.052,-4.298,-4.551,-4.829,-5.127,-5.409,-5.684,-5.925,-6.091,-6.201,-6.233,-6.172,-6.065,-5.905,-5.696,-5.490,-5.267,-5.037,-4.837,-4.634,-4.445,-4.293,-4.134
200,5.3335,0.6761,3.0673,1.0002,0.8451,5.2000,-2.431,-2.292,-2.163,-2.059,-1.960,-1.874,-1.799,-1.724,-1.663,-1.599,-1.543,-1.491,-1.436,-1.391,-1.340,-1.297,-1.253,-1.209,-1.171,-1.127,-1.092,-1.052,-1.015,-0.982,-0.944,-0.916,-0.881,-0.853,-0.826,-0.797,-0.780,-0.754,-0.745,-0.735,-0.735,-0.760,-0.797,-0.915,-1.122,-1.596,-2.111,-1.795,-1.137,-0.812,-0.648,-0.574,-0.563,-0.612,-0.688,-0.610,-0.466,-0.384,-0.337,-0.318,-0.308,-0.315,-0.336,-0.379,-0.468,-0.618,-0.851,-0.976,-0.803,-0.543,-0.376,-0.278,-0.221,-0.187,-0.164,-0.150,-0.140,-0.135,-0.131,-0.130,-0.131,-0.133,-0.137,-0.142,-0.149,-0.157,-0.166,-0.176,-0.188,-0.202,-0.217,-0.233,-0.252,-0.272,-0.295,-0.319,-0.346,-0.376,-0.408,-0.444,-0.483,-0.526,-0.573,-0.625,-0.683,-0.747,-0.819,-0.899,-0.989,-1.090,-1.204,-1.334,-1.482,-1.651,-1.845,-2.067,-2.321,-2.609,-2.933,-3.288,-3.663,-4.036,-4.375,-4.640,-4.801,-4.849,-4.807,-4.720,-4.637,-4.603,-4.653,-4.815,-5.113,-5.558,-6.126,-6.690,-6.920,-6.429,-5.300,-4.075,-3.184,-2.789,-2.962,-3.862,-5.922,-10.296,-18.208,-11.759,-7.076,-4.853,-3.718,-3.100,-2.681,-2.309,-1.962,-1.667,-1.441,-1.278,-1.167,-1.097,-1.057,-1.043,-1.048,-1.070,-1.106,-1.155,-1.217,-1.289,-1.374,-1.470,-1.579,-1.700,-1.834,-1.984,-2.150,-2.334,-2.536,-2.761,-3.010,-3.284,-3.589,-3.924,-4.297,-4.708,-5.159,-5.656,-6.196,-6.778,-7.396,-8.033,-8.671,-9.270,-9.792,-10.193,-10.440,-10.533,-10.488,-10.344,-10.148,-9.929,-9.726,-9.553,-9.426,-9.359,-9.350,-9.415,-9.554
204,5.2737,0.5137,3.7596,0.6751,0.7599,7.2000,-1.989,-1.978,-1.966,-1.974,-1.978,-1.968,-1.980,-2.006,-2.023,-2.056,-2.129,-2.220,-2.341,-2.545,-2.854,-3.294,-3.969,-5.022,-6.540,-8.285,-9.062,-7.975,-6.320,-4.982,-4.033,-3.466,-3.236,-3.232,-3.598,-4.770,-6.661,-7.012,-4.983,-3.222,-2.303,-1.798,-1.438,-1.212,-1.071,-0.940,-0.839,-0.776,-0.711,-0.655,-0.625,-0.596,-0.587,-0.622,-0.625,-0.542,-0.451,-0.417,-0.406,-0.388,-0.383,-0.391,-0.396,-0.410,-0.446,-0.498,-0.571,-0.709,-0.916,-1.065,-0.996,-0.767,-0.580,-0.505,-0.476,-0.463,-0.485,-0.526,-0.568,-0.635,-0.732,-0.844,-0.993,-1.205,-1.479,-1.837,-2.312,-2.875,-3.433,-3.864,-4.052,-4.013,-3.898,-3.811,-3.791,-3.877,-4.097,-4.446,-4.954,-5.686,-6.693,-8.041,-9.829,-11.923,-13.187,-12.033,-9.614,-7.407,-5.695,-4.404,-3.454,-2.763,-2.245,-1.852,-1.571,-1.364,-1.203,-1.094,-1.030,-0.985,-0.968,-0.993,-1.034,-1.093,-1.193,-1.311,-1.417,-1.520,-1.573,-1.516,-1.394,-1.249,-1.082,-0.950,-0.894,-0.857,-0.848,-0.929,-1.046,-1.183,-1.482,-1.979,-2.714,-4.345,-8.245,-13.281,-8.529,-5.298,-4.266,-4.081,-4.008,-4.013,-3.981,-3.698,-3.338,-3.033,-2.713,-2.438,-2.283,-2.163,-2.057,-2.034,-2.050,-2.054,-2.106,-2.206,-2.288,-2.390,-2.546,-2.694,-2.835,-3.030,-3.245,-3.454,-3.734,-4.107,-4.510,-4.956,-5.464,-5.937,-6.318,-6.663,-6.945,-7.074,-7.099,-7.087,-6.979,-6.769,-6.564,-6.368,-6.115,-5.873,-5.697,-5.514,-5.322,-5.206,-5.125,-5.022,-4.975,-4.999,-5.005,-5.039,-5.170,-5.309,-5.450,-5.706,-6.022
208,5.0803,0.7128,3.2868,1.7836,1.0461,7.8000,-1.823,-1.850,-1.824,-1.836,-1.871,-1.850,-1.832,-1.858,-1.847,-1.808,-1.811,-1.809,-1.761,-1.739,-1.739,-1.695,-1.652,-1.647,-1.615,-1.563,-1.548,-1.533,-1.485,-1.465,-1.468,-1.443,-1.428,-1.457,-1.477,-1.498,-1.580,-1.697,-1.836,-2.080,-2.479,-3.061,-4.016,-5.736,-8.968,-16.438,-21.439,-10.305,-6.389,-4.416,-3.214,-2.462,-2.050,-1.753,-1.512,-1.465,-1.528,-1.628,-2.214,-3.577,-4.311,-3.007,-1.625,-1.043,-0.831,-0.636,-0.525,-0.498,-0.438,-0.388,-0.386,-0.366,-0.337,-0.344,-0.344,-0.330,-0.344,-0.359,-0.362,-0.387,-0.422,-0.447,-0.499,-0.573,-0.649,-0.777,-0.969,-1.223,-1.650,-2.143,-2.116,-1.468,-0.874,-0.640,-0.601,-0.612,-0.692,-0.816,-0.942,-1.102,-1.303,-1.507,-1.737,-2.007,-2.276,-2.551,-2.854,-3.147,-3.430,-3.754,-4.119,-4.566,-5.253,-6.377,-8.357,-12.451,-22.884,-14.634,-8.715,-5.930,-4.430,-3.549,-2.996,-2.627,-2.374,-2.201,-2.073,-1.977,-1.919,-1.878,-1.841,-1.832,-1.844,-1.864,-1.969,-2.243,-2.765,-3.782,-5.488,-6.687,-5.401,-3.496,-2.386,-1.914,-1.705,-1.626,-1.659,-1.727,-1.800,-1.909,-2.026,-2.119,-2.215,-2.300,-2.341,-2.356,-2.348,-2.291,-2.203,-2.107,-1.986,-1.853,-1.737,-1.624,-1.513,-1.427,-1.359,-1.295,-1.255,-1.237,-1.222,-1.224,-1.250,-1.282,-1.322,-1.387,-1.462,-1.539,-1.640,-1.756,-1.869,-2.002,-2.153,-2.299,-2.455,-2.634,-2.810,-2.987,-3.194,-3.412,-3.630,-3.884,-4.170,-4.458,-4.767,-5.108,-5.430,-5.705,-5.951,-6.127,-6.176,-6.126,-6.013,-5.811,-5.532,-5.252,-4.976
212,4.7707,0.6911,2.8467,1.6184,0.9053,9.0000,-1.493,-1.560,-1.596,-1.583,-1.624,-1.683,-1.679,-1.684,-1.739,-1.752,-1.731,-1.757,-1.782,-1.751,-1.738,-1.758,-1.732,-1.687,-1.684,-1.667,-1.608,-1.575,-1.560,-1.503,-1.446,-1.425,-1.381,-1.312,-1.277,-1.246,-1.181,-1.132,-1.110,-1.059,-1.003,-0.982,-0.952,-0.898,-0.875,-0.865,-0.826,-0.802,-0.813,-0.805,-0.795,-0.833,-0.885,-0.934,-1.055,-1.273,-1.574,-2.094,-3.034,-4.256,-4.857,-4.082,-2.813,-1.922,-1.442,-1.116,-0.875,-0.772,-0.708,-0.613,-0.591,-0.635,-0.621,-0.652,-0.841,-1.042,-1.396,-2.510,-4.266,-4.221,-2.355,-1.133,-0.739,-0.573,-0.403,-0.352,-0.359,-0.313,-0.296,-0.327,-0.324,-0.317,-0.351,-0.374,-0.378,-0.413,-0.454,-0.473,-0.512,-0.569,-0.610,-0.659,-0.734,-0.804,-0.875,-0.977,-1.089,-1.203,-1.352,-1.532,-1.727,-1.967,-2.272,-2.630,-3.070,-3.645,-4.370,-5.298,-6.549,-8.242,-10.502,-13.368,-15.259,-13.340,-10.262,-7.761,-5.903,-4.557,-3.567,-2.822,-2.269,-1.866,-1.561,-1.338,-1.196,-1.115,-1.092,-1.150,-1.306,-1.589,-2.078,-2.897,-4.217,-6.272,-9.131,-11.368,-10.392,-8.203,-6.461,-5.247,-4.423,-3.843,-3.411,-3.094,-2.856,-2.651,-2.479,-2.335,-2.188,-2.037,-1.897,-1.746,-1.583,-1.430,-1.283,-1.132,-1.000,-0.893,-0.792,-0.710,-0.661,-0.622,-0.595,-0.600,-0.620,-0.643,-0.693,-0.763,-0.833,-0.918,-1.030,-1.136,-1.244,-1.373,-1.498,-1.607,-1.736,-1.876,-2.005,-2.164,-2.371,-2.597,-2.868,-3.233,-3.670,-4.175,-4.819,-5.613,-6.507,-7.532,-8.712,-9.884,-10.780,-11.226,-11.144,-10.548,-9.641
216,4.5232,0.4644,2.6600,1.9739,0.6937,7.8000,-2.421,-2.584,-1.702,-0.909,-0.614,-0.524,-0.416,-0.355,-0.362,-0.344,-0.312,-0.321,-0.330,-0.312,-0.312,-0.330,-0.324,-0.318,-0.335,-0.340,-0.332,-0.344,-0.357,-0.352,-0.357,-0.374,-0.375,-0.375,-0.393,-0.401,-0.399,-0.413,-0.429,-0.429,-0.439,-0.460,-0.466,-0.475,-0.500,-0.516,-0.527,-0.558,-0.593,-0.621,-0.674,-0.754,-0.844,-0.978,-1.144,-1.215,-1.131,-0.982,-0.852,-0.762,-0.719,-0.702,-0.684,-0.681,-0.697,-0.702,-0.706,-0.736,-0.759,-0.767,-0.808,-0.859,-0.885,-0.953,-1.082,-1.206,-1.462,-2.040,-2.568,-2.334,-1.634,-1.194,-1.078,-1.021,-0.968,-0.980,-1.002,-0.999,-1.020,-1.058,-1.073,-1.093,-1.132,-1.154,-1.175,-1.234,-1.303,-1.356,-1.418,-1.488,-1.550,-1.619,-1.706,-1.788,-1.872,-1.972,-2.073,-2.169,-2.279,-2.400,-2.520,-2.660,-2.835,-3.041,-3.306,-3.677,-4.197,-4.943,-6.080,-7.813,-10.223,-12.359,-11.659,-9.328,-7.473,-6.256,-5.453,-4.944,-4.644,-4.454,-4.345,-4.332,-4.364,-4.414,-4.551,-4.836,-5.416,-6.813,-10.026,-15.852,-12.907,-8.070,-5.743,-4.632,-4.030,-3.688,-3.530,-3.456,-3.418,-3.434,-3.485,-3.542,-3.620,-3.729,-3.843,-3.968,-4.122,-4.291,-4.468,-4.672,-4.903,-5.144,-5.408,-5.705,-6.016,-6.339,-6.691,-7.051,-7.400,-7.746,-8.072,-8.339,-8.544,-8.682,-8.715,-8.645,-8.498,-8.265,-7.957,-7.614,-7.246,-6.850,-6.457,-6.082,-5.714,-5.364,-5.053,-4.772,-4.518,-4.310,-4.153,-4.031,-3.952,-3.927,-3.939,-3.971,-4.033,-4.116,-4.191,-4.258,-4.327,-4.380,-4.403,-4.421,-4.435,-4.422,-4.394
220,5.4840,0.5118,2.6420,0.4135,0.8463,4.4000,-1.855,-1.754,-1.673,-1.607,-1.541,-1.495,-1.442,-1.400,-1.361,-1.319,-1.289,-1.248,-1.220,-1.186,-1.153,-1.127,-1.090,-1.067,-1.033,-1.006,-0.979,-0.947,-0.926,-0.893,-0.872,-0.845,-0.819,-0.802,-0.774,-0.763,-0.742,-0.732,-0.730,-0.725,-0.757,-0.788,-0.901,-1.102,-1.565,-2.295,-2.196,-1.392,-0.926,-0.718,-0.589,-0.513,-0.450,-0.422,-0.395,-0.380,-0.372,-0.366,-0.374,-0.387,-0.422,-0.480,-0.591,-0.784,-1.077,-1.254,-1.064,-0.759,-0.561,-0.442,-0.379,-0.339,-0.316,-0.305,-0.298,-0.299,-0.301,-0.309,-0.319,-0.331,-0.348,-0.365,-0.387,-0.411,-0.438,-0.469,-0.503,-0.543,-0.585,-0.633,-0.686,-0.745,-0.812,-0.884,-0.968,-1.059,-1.163,-1.280,-1.412,-1.563,-1.732,-1.928,-2.151,-2.410,-2.711,-3.059,-3.471,-3.953,-4.525,-5.204,-6.010,-6.968,-8.085,-9.358,-10.691,-11.837,-12.372,-12.019,-11.014,-9.781,-8.604,-7.574,-6.719,-6.021,-5.460,-5.020,-4.672,-4.406,-4.198,-4.029,-3.875,-3.703,-3.491,-3.208,-2.868,-2.497,-2.150,-1.895,-1.777,-1.901,-2.408,-3.627,-5.555,-5.926,-4.257,-2.918,-2.149,-1.704,-1.448,-1.284,-1.191,-1.131,-1.100,-1.091,-1.091,-1.109,-1.130,-1.164,-1.204,-1.248,-1.303,-1.359,-1.426,-1.497,-1.575,-1.662,-1.754,-1.860,-1.971,-2.096,-2.234,-2.384,-2.556,-2.741,-2.956,-3.193,-3.462,-3.771,-4.115,-4.513,-4.959,-5.470,-6.056,-6.720,-7.498,-8.389,-9.426,-10.618,-11.928,-13.298,-14.494,-15.211,-15.296,-14.841,-14.187,-13.575,-13.075,-12.770,-12.636,-12.661,-12.873,-13.208,-13.706,-14.334,-15.046,-15.858,-16.589
224,4.9674,0.4164,3.1294,1.3586,0.8031,5.2000,-2.318,-2.215,-2.127,-2.063,-1.985,-1.938,-1.880,-1.831,-1.795,-1.742,-1.715,-1.669,-1.635,-1.603,-1.559,-1.535,-1.491,-1.461,-1.426,-1.386,-1.360,-1.315,-1.288,-1.249,-1.213,-1.185,-1.142,-1.119,-1.079,-1.052,-1.026,-0.991,-0.978,-0.947,-0.940,-0.928,-0.927,-0.954,-0.982,-1.092,-1.257,-1.626,-2.000,-1.833,-1.553,-1.426,-1.426,-1.758,-2.566,-3.764,-3.931,-2.705,-1.713,-1.163,-0.845,-0.667,-0.541,-0.467,-0.413,-0.380,-0.372,-0.386,-0.452,-0.542,-0.537,-0.414,-0.307,-0.246,-0.203,-0.180,-0.159,-0.147,-0.138,-0.129,-0.126,-0.120,-0.120,-0.118,-0.119,-0.121,-0.123,-0.128,-0.132,-0.139,-0.146,-0.154,-0.165,-0.175,-0.189,-0.202,-0.218,-0.235,-0.253,-0.275,-0.296,-0.322,-0.349,-0.378,-0.412,-0.447,-0.487,-0.530,-0.579,-0.633,-0.692,-0.760,-0.834,-0.919,-1.014,-1.122,-1.244,-1.381,-1.536,-1.707,-1.893,-2.089,-2.286,-2.469,-2.622,-2.732,-2.793,-2.815,-2.814,-2.812,-2.836,-2.900,-3.027,-3.231,-3.536,-3.971,-4.562,-5.319,-6.093,-6.368,-5.530,-4.078,-2.969,-2.519,-2.674,-3.374,-4.686,-6.677,-9.100,-11.727,-14.952,-15.596,-11.481,-7.985,-5.674,-4.160,-3.146,-2.457,-1.981,-1.648,-1.416,-1.251,-1.140,-1.065,-1.019,-0.998,-0.993,-1.005,-1.030,-1.067,-1.115,-1.172,-1.241,-1.319,-1.407,-1.506,-1.614,-1.737,-1.870,-2.018,-2.181,-2.359,-2.558,-2.774,-3.016,-3.280,-3.574,-3.900,-4.259,-4.661,-5.104,-5.596,-6.141,-6.736,-7.387,-8.078,-8.800,-9.519,-10.178,-10.728,-11.086,-11.219,-11.133,-10.858,-10.485,-10.063,-9.644
228,4.9131,0.6468,2.8171,1.8479,0.9513,6.8000,-1.991,-2.004,-2.012,-2.043,-2.046,-2.055,-2.076,-2.069,-2.076,-2.083,-2.067,-2.070,-2.064,-2.043,-2.044,-2.028,-2.011,-2.013,-1.998,-1.995,-2.009,-2.013,-2.045,-2.096,-2.157,-2.273,-2.432,-2.654,-3.005,-3.509,-4.274,-5.506,-7.490,-10.946,-17.393,-16.961,-10.615,-7.142,-5.141,-3.872,-3.017,-2.458,-2.040,-1.731,-1.543,-1.385,-1.382,-1.613,-1.649,-1.313,-1.027,-0.912,-0.833,-0.796,-0.867,-0.958,-0.877,-0.685,-0.584,-0.542,-0.500,-0.489,-0.479,-0.473,-0.488,-0.497,-0.528,-0.574,-0.630,-0.738,-0.881,-1.121,-1.541,-2.245,-3.525,-4.637,-3.654,-2.057,-1.187,-0.786,-0.578,-0.508,-0.490,-0.519,-0.603,-0.717,-0.891,-1.124,-1.411,-1.766,-2.146,-2.509,-2.809,-2.980,-3.036,-2.994,-2.887,-2.765,-2.633,-2.512,-2.414,-2.325,-2.261,-2.213,-2.177,-2.164,-2.159,-2.169,-2.199,-2.234,-2.290,-2.361,-2.443,-2.552,-2.674,-2.817,-2.990,-3.178,-3.397,-3.640,-3.889,-4.149,-4.370,-4.519,-4.553,-4.403,-4.086,-3.621,-3.076,-2.547,-2.057,-1.655,-1.353,-1.122,-0.993,-0.942,-0.967,-1.151,-1.521,-2.369,-4.041,-5.284,-4.510,-3.528,-3.107,-2.922,-2.887,-2.924,-2.936,-2.955,-2.928,-2.857,-2.775,-2.654,-2.532,-2.415,-2.291,-2.193,-2.102,-2.023,-1.972,-1.925,-1.898,-1.892,-1.889,-1.911,-1.944,-1.986,-2.054,-2.129,-2.221,-2.338,-2.463,-2.616,-2.794,-2.987,-3.220,-3.479,-3.769,-4.112,-4.487,-4.914,-5.406,-5.938,-6.543,-7.211,-7.912,-8.669,-9.422,-10.095,-10.662,-10.994,-11.020,-10.798,-10.339,-9.722,-9.080,-8.420,-7.780,-7.217,-6.690
232,5.1314,0.6300,3.1618,1.8459,0.9861,5.2000,-2.757,-2.652,-2.529,-2.410,-2.329,-2.214,-2.146,-2.062,-1.983,-1.931,-1.848,-1.805,-1.739,-1.683,-1.641,-1.573,-1.541,-1.480,-1.439,-1.397,-1.340,-1.314,-1.255,-1.226,-1.182,-1.139,-1.116,-1.063,-1.048,-1.006,-0.983,-0.966,-0.932,-0.942,-0.916,-0.941,-0.962,-1.007,-1.132,-1.284,-1.687,-2.352,-3.659,-4.889,-4.205,-3.925,-3.665,-2.335,-1.493,-1.086,-0.812,-0.686,-0.559,-0.496,-0.435,-0.386,-0.360,-0.321,-0.312,-0.292,-0.295,-0.315,-0.363,-0.438,-0.414,-0.323,-0.245,-0.199,-0.171,-0.148,-0.137,-0.123,-0.116,-0.109,-0.103,-0.101,-0.095,-0.096,-0.094,-0.095,-0.096,-0.097,-0.102,-0.104,-0.111,-0.116,-0.123,-0.132,-0.140,-0.152,-0.162,-0.176,-0.191,-0.206,-0.226,-0.244,-0.267,-0.290,-0.317,-0.347,-0.379,-0.417,-0.456,-0.503,-0.554,-0.612,-0.679,-0.754,-0.844,-0.944,-1.064,-1.204,-1.368,-1.564,-1.792,-2.063,-2.369,-2.706,-3.050,-3.358,-3.578,-3.660,-3.606,-3.447,-3.246,-3.055,-2.911,-2.836,-2.838,-2.935,-3.131,-3.442,-3.838,-4.170,-4.067,-3.442,-2.991,-3.255,-4.370,-6.577,-10.421,-13.794,-10.024,-6.437,-4.350,-3.130,-2.400,-1.951,-1.677,-1.512,-1.422,-1.385,-1.383,-1.409,-1.448,-1.493,-1.534,-1.563,-1.581,-1.584,-1.583,-1.579,-1.581,-1.592,-1.611,-1.646,-1.691,-1.751,-1.825,-1.911,-2.014,-2.129,-2.263,-2.412,-2.580,-2.771,-2.980,-3.221,-3.485,-3.786,-4.122,-4.498,-4.928,-5.403,-5.944,-6.546,-7.208,-7.936,-8.688,-9.449,-10.137,-10.660,-10.976,-11.028,-10.892,-10.672,-10.434,-10.298,-10.282,-10.424,-10.770
236,4.9756,0.4021,2.7091,1.2213,0.6846,6.4000,-1.818,-1.815,-1.859,-1.867,-1.867,-1.910,-1.920,-1.920,-1.960,-1.972,-1.974,-2.013,-2.029,-2.037,-2.084,-2.115,-2.143,-2.217,-2.292,-2.378,-2.534,-2.732,-2.993,-3.409,-4.012,-4.892,-6.296,-8.511,-11.711,-13.883,-11.244,-8.066,-5.882,-4.440,-3.507,-2.861,-2.374,-2.037,-1.785,-1.563,-1.406,-1.288,-1.163,-1.084,-1.039,-0.993,-1.019,-1.122,-1.168,-1.077,-0.903,-0.805,-0.834,-0.857,-0.907,-1.127,-1.438,-2.079,-3.683,-5.279,-3.950,-2.066,-1.223,-0.891,-0.661,-0.569,-0.540,-0.495,-0.508,-0.544,-0.573,-0.652,-0.761,-0.891,-1.094,-1.363,-1.695,-2.129,-2.609,-3.054,-3.395,-3.530,-3.476,-3.325,-3.118,-2.916,-2.754,-2.613,-2.509,-2.444,-2.395,-2.373,-2.380,-2.393,-2.430,-2.487,-2.548,-2.631,-2.732,-2.837,-2.966,-3.112,-3.263,-3.441,-3.634,-3.834,-4.060,-4.294,-4.529,-4.777,-5.008,-5.209,-5.381,-5.478,-5.492,-5.421,-5.236,-4.967,-4.633,-4.237,-3.829,-3.423,-3.021,-2.657,-2.326,-2.021,-1.766,-1.544,-1.346,-1.194,-1.069,-0.963,-0.907,-0.875,-0.872,-0.955,-1.114,-1.456,-2.239,-3.245,-3.619,-3.378,-3.248,-3.305,-3.363,-3.408,-3.391,-3.277,-3.131,-2.962,-2.777,-2.621,-2.481,-2.354,-2.262,-2.186,-2.124,-2.090,-2.068,-2.056,-2.067,-2.088,-2.120,-2.175,-2.241,-2.322,-2.427,-2.544,-2.676,-2.830,-2.995,-3.175,-3.380,-3.599,-3.838,-4.107,-4.396,-4.708,-5.053,-5.417,-5.800,-6.207,-6.615,-7.012,-7.393,-7.723,-7.972,-8.137,-8.193,-8.125,-7.963,-7.721,-7.409,-7.065,-6.715,-6.355,-6.011,-5.697,-5.398,-5.127,-4.895
240,5.5032,0.4068,3.5238,0.9908,0.8215,8.4000,-1.644,-1.558,-1.571,-1.662,-1.682,-1.598,-1.553,-1.618,-1.679,-1.626,-1.541,-1.558,-1.641,-1.643,-1.553,-1.522,-1.614,-1.699,-1.667,-1.631,-1.765,-2.047,-2.307,-2.577,-3.279,-5.073,-9.125,-21.479,-14.022,-7.076,-4.311,-3.385,-3.653,-4.609,-5.287,-4.674,-3.295,-2.154,-1.539,-1.290,-1.148,-0.981,-0.832,-0.759,-0.727,-0.677,-0.608,-0.563,-0.549,-0.532,-0.498,-0.468,-0.460,-0.457,-0.444,-0.427,-0.424,-0.431,-0.433,-0.430,-0.436,-0.452,-0.469,-0.482,-0.500,-0.530,-0.565,-0.600,-0.641,-0.694,-0.758,-0.830,-0.911,-1.012,-1.135,-1.279,-1.450,-1.661,-1.925,-2.252,-2.663,-3.191,-3.885,-4.813,-6.081,-7.876,-10.545,-14.748,-19.683,-15.655,-10.861,-7.794,-5.750,-4.335,-3.330,-2.604,-2.080,-1.709,-1.454,-1.292,-1.217,-1.234,-1.351,-1.574,-1.922,-2.429,-3.124,-4.049,-5.319,-7.231,-10.337,-14.897,-14.450,-9.841,-6.821,-5.020,-3.919,-3.206,-2.720,-2.394,-2.184,-2.044,-1.943,-1.876,-1.843,-1.825,-1.796,-1.746,-1.670,-1.554,-1.389,-1.190,-0.993,-0.824,-0.690,-0.591,-0.533,-0.514,-0.521,-0.544,-0.584,-0.644,-0.720,-0.804,-0.896,-1.004,-1.125,-1.250,-1.371,-1.488,-1.599,-1.697,-1.785,-1.888,-2.034,-2.238,-2.507,-2.858,-3.320,-3.922,-4.697,-5.708,-7.067,-8.968,-11.761,-16.276,-25.420,-22.570,-15.656,-12.302,-10.456,-9.483,-9.105,-9.197,-9.732,-10.744,-12.260,-14.134,-15.620,-15.433,-13.870,-12.241,-11.088,-10.456,-10.242,-10.306,-10.533,-10.881,-11.388,-12.146,-13.287,-15.005,-17.619,-21.337,-22.544,-18.347,-14.685,-12.200,-10.454,-9.133,-8.089
244,5.2896,0.5579,2.8921,0.4441,0.7873,6.0000,-2.022,-1.956,-1.873,-1.824,-1.759,-1.701,-1.660,-1.597,-1.559,-1.510,-1.460,-1.427,-1.372,-1.337,-1.295,-1.247,-1.217,-1.167,-1.134,-1.097,-1.052,-1.027,-0.982,-0.953,-0.923,-0.883,-0.867,-0.829,-0.811,-0.794,-0.767,-0.773,-0.758,-0.778,-0.814,-0.870,-1.033,-1.281,-1.813,-2.263,-2.002,-1.866,-1.900,-1.386,-0.879,-0.669,-0.522,-0.451,-0.404,-0.361,-0.351,-0.331,-0.333,-0.348,-0.372,-0.448,-0.571,-0.820,-1.158,-1.177,-0.827,-0.526,-0.375,-0.281,-0.234,-0.203,-0.181,-0.172,-0.161,-0.158,-0.157,-0.155,-0.160,-0.162,-0.169,-0.176,-0.183,-0.195,-0.205,-0.220,-0.235,-0.251,-0.271,-0.290,-0.314,-0.339,-0.366,-0.398,-0.430,-0.469,-0.509,-0.554,-0.606,-0.660,-0.723,-0.791,-0.867,-0.955,-1.051,-1.162,-1.287,-1.430,-1.596,-1.787,-2.012,-2.276,-2.590,-2.969,-3.426,-3.993,-4.697,-5.591,-6.751,-8.288,-10.423,-13.586,-19.027,-31.406,-20.040,-14.163,-10.902,-8.787,-7.326,-6.307,-5.585,-5.069,-4.680,-4.319,-3.921,-3.444,-2.938,-2.492,-2.164,-2.017,-2.071,-2.417,-3.271,-5.145,-9.685,-16.970,-8.525,-4.551,-2.811,-1.926,-1.451,-1.178,-1.012,-0.926,-0.876,-0.862,-0.867,-0.881,-0.908,-0.935,-0.974,-1.019,-1.072,-1.141,-1.214,-1.303,-1.403,-1.513,-1.641,-1.778,-1.935,-2.108,-2.298,-2.515,-2.750,-3.017,-3.314,-3.641,-4.011,-4.413,-4.854,-5.330,-5.823,-6.336,-6.837,-7.313,-7.750,-8.110,-8.400,-8.599,-8.702,-8.738,-8.698,-8.613,-8.506,-8.374,-8.256,-8.147,-8.057,-8.008,-7.979,-8.002,-8.063,-8.163,-8.325,-8.519,-8.775
248,5.3185,0.5938,3.0247,0.8411,0.7447,8.4000,-1.772,-1.732,-1.684,-1.728,-1.725,-1.654,-1.659,-1.683,-1.617,-1.578,-1.604,-1.563,-1.492,-1.498,-1.486,-1.406,-1.382,-1.390,-1.324,-1.270,-1.283,-1.247,-1.178,-1.184,-1.186,-1.124,-1.121,-1.165,-1.143,-1.150,-1.260,-1.349,-1.464,-1.796,-2.329,-3.209,-5.110,-8.077,-7.871,-5.043,-3.404,-2.679,-2.540,-3.460,-5.437,-5.522,-3.234,-1.748,-1.233,-0.977,-0.731,-0.629,-0.593,-0.505,-0.452,-0.453,-0.419,-0.383,-0.390,-0.386,-0.362,-0.370,-0.383,-0.374,-0.382,-0.407,-0.415,-0.429,-0.463,-0.491,-0.516,-0.562,-0.613,-0.659,-0.725,-0.808,-0.891,-0.994,-1.128,-1.278,-1.456,-1.689,-1.973,-2.322,-2.781,-3.388,-4.189,-5.303,-6.925,-9.404,-13.677,-24.494,-19.425,-11.558,-7.735,-5.405,-3.892,-2.883,-2.195,-1.732,-1.439,-1.271,-1.202,-1.236,-1.376,-1.631,-2.038,-2.659,-3.572,-4.909,-6.912,-10.030,-15.453,-29.700,-18.073,-12.128,-9.065,-7.148,-5.844,-4.923,-4.245,-3.725,-3.324,-3.006,-2.739,-2.507,-2.301,-2.099,-1.890,-1.674,-1.445,-1.204,-0.971,-0.765,-0.601,-0.499,-0.469,-0.495,-0.553,-0.619,-0.660,-0.669,-0.665,-0.662,-0.665,-0.686,-0.731,-0.791,-0.869,-0.969,-1.080,-1.192,-1.309,-1.427,-1.551,-1.712,-1.939,-2.248,-2.670,-3.253,-4.049,-5.147,-6.727,-9.105,-12.943,-20.086,-20.188,-13.070,-9.338,-7.103,-5.671,-4.749,-4.163,-3.795,-3.591,-3.526,-3.559,-3.668,-3.862,-4.132,-4.454,-4.835,-5.289,-5.778,-6.277,-6.789,-7.255,-7.583,-7.750,-7.763,-7.612,-7.357,-7.094,-6.837,-6.552,-6.269,-6.019,-5.763,-5.491,-5.254,-5.050
252,4.8323,0.4430,3.0527,1.4279,0.7044,8.8000,-1.475,-1.483,-1.544,-1.552,-1.531,-1.571,-1.614,-1.592,-1.591,-1.640,-1.642,-1.609,-1.629,-1.654,-1.617,-1.594,-1.618,-1.601,-1.546,-1.542,-1.545,-1.489,-1.446,-1.452,-1.421,-1.354,-1.340,-1.338,-1.279,-1.237,-1.253,-1.233,-1.181,-1.199,-1.240,-1.224,-1.251,-1.380,-1.497,-1.629,-1.976,-2.559,-3.389,-5.055,-9.027,-21.589,-14.811,-8.802,-6.519,-4.821,-3.274,-2.276,-1.771,-1.416,-1.113,-0.939,-0.835,-0.712,-0.615,-0.573,-0.522,-0.459,-0.431,-0.414,-0.377,-0.352,-0.349,-0.333,-0.313,-0.313,-0.314,-0.302,-0.302,-0.313,-0.313,-0.315,-0.332,-0.345,-0.353,-0.374,-0.400,-0.419,-0.445,-0.484,-0.520,-0.557,-0.609,-0.668,-0.726,-0.799,-0.888,-0.983,-1.094,-1.232,-1.390,-1.573,-1.801,-2.080,-2.414,-2.834,-3.374,-4.065,-4.969,-6.200,-7.922,-10.422,-14.322,-19.804,-17.189,-11.963,-8.601,-6.358,-4.806,-3.704,-2.901,-2.314,-1.890,-1.583,-1.364,-1.227,-1.162,-1.164,-1.245,-1.431,-1.752,-2.267,-3.087,-4.382,-6.418,-9.669,-14.826,-17.514,-12.675,-9.166,-6.964,-5.490,-4.446,-3.657,-3.034,-2.548,-2.191,-1.964,-1.865,-1.856,-1.855,-1.804,-1.698,-1.548,-1.371,-1.197,-1.044,-0.910,-0.799,-0.721,-0.665,-0.626,-0.609,-0.614,-0.627,-0.652,-0.697,-0.751,-0.809,-0.884,-0.972,-1.061,-1.161,-1.279,-1.399,-1.522,-1.665,-1.822,-1.987,-2.184,-2.428,-2.713,-3.057,-3.492,-4.019,-4.636,-5.378,-6.270,-7.290,-8.420,-9.641,-10.814,-11.635,-11.835,-11.424,-10.633,-9.681,-8.739,-7.933,-7.275,-6.716,-6.264,-5.956,-5.757,-5.625,-5.604,-5.723
256,4.4159,0.4305,2.6960,0.9383,0.9187,6.6000,-0.716,-0.489,-0.416,-0.352,-0.316,-0.313,-0.300,-0.289,-0.295,-0.294,-0.288,-0.296,-0.301,-0.298,-0.304,-0.313,-0.313,-0.317,-0.328,-0.332,-0.335,-0.347,-0.356,-0.359,-0.370,-0.386,-0.393,-0.406,-0.430,-0.449,-0.474,-0.521,-0.580,-0.663,-0.805,-0.953,-0.968,-0.830,-0.672,-0.580,-0.534,-0.505,-0.495,-0.495,-0.492,-0.497,-0.512,-0.524,-0.539,-0.564,-0.584,-0.587,-0.581,-0.577,-0.580,-0.596,-0.616,-0.627,-0.644,-0.682,-0.713,-0.750,-0.862,-1.033,-1.100,-0.984,-0.838,-0.795,-0.811,-0.814,-0.821,-0.852,-0.878,-0.894,-0.926,-0.964,-0.992,-1.026,-1.074,-1.120,-1.165,-1.228,-1.299,-1.373,-1.466,-1.581,-1.705,-1.840,-1.986,-2.117,-2.210,-2.276,-2.317,-2.334,-2.348,-2.373,-2.401,-2.433,-2.484,-2.545,-2.607,-2.683,-2.776,-2.870,-2.971,-3.092,-3.223,-3.356,-3.508,-3.679,-3.852,-4.037,-4.247,-4.461,-4.671,-4.895,-5.118,-5.303,-5.462,-5.590,-5.635,-5.598,-5.505,-5.331,-5.072,-4.793,-4.502,-4.178,-3.871,-3.615,-3.369,-3.137,-2.981,-2.877,-2.780,-2.763,-2.888,-3.103,-3.523,-4.611,-6.935,-10.574,-12.464,-10.896,-9.739,-9.154,-8.527,-7.955,-7.539,-7.113,-6.689,-6.390,-6.155,-5.910,-5.722,-5.613,-5.507,-5.404,-5.361,-5.351,-5.324,-5.322,-5.368,-5.415,-5.453,-5.527,-5.631,-5.718,-5.807,-5.934,-6.064,-6.166,-6.278,-6.414,-6.523,-6.598,-6.686,-6.774,-6.813,-6.825,-6.854,-6.864,-6.821,-6.775,-6.751,-6.692,-6.598,-6.531,-6.473,-6.374,-6.271,-6.207,-6.129,-6.017,-5.934,-5.878,-5.784,-5.684,-5.630,-5.569,-5.470
260,5.4892,0.4797,3.7780,0.8292,1.1328,4.2000,-1.496,-1.468,-1.414,-1.392,-1.357,-1.324,-1.310,-1.270,-1.261,-1.229,-1.209,-1.196,-1.160,-1.159,-1.125,-1.116,-1.103,-1.077,-1.091,-1.066,-1.098,-1.124,-1.193,-1.409,-1.792,-3.015,-4.237,-3.089,-1.856,-1.422,-1.150,-1.038,-0.976,-0.922,-0.952,-0.965,-1.098,-1.344,-1.895,-2.936,-3.053,-1.957,-1.217,-0.901,-0.714,-0.616,-0.534,-0.485,-0.452,-0.421,-0.407,-0.392,-0.388,-0.393,-0.408,-0.450,-0.525,-0.668,-0.877,-0.970,-0.802,-0.580,-0.449,-0.368,-0.326,-0.300,-0.284,-0.278,-0.273,-0.277,-0.281,-0.289,-0.301,-0.313,-0.332,-0.351,-0.376,-0.404,-0.437,-0.476,-0.519,-0.572,-0.632,-0.705,-0.791,-0.892,-1.017,-1.165,-1.350,-1.573,-1.841,-2.153,-2.475,-2.748,-2.863,-2.760,-2.474,-2.124,-1.812,-1.575,-1.423,-1.341,-1.317,-1.343,-1.409,-1.518,-1.665,-1.859,-2.105,-2.415,-2.811,-3.313,-3.969,-4.834,-6.009,-7.656,-10.049,-13.692,-18.114,-15.922,-11.283,-8.155,-6.076,-4.679,-3.738,-3.116,-2.742,-2.552,-2.523,-2.604,-2.712,-2.736,-2.631,-2.626,-3.064,-4.497,-7.072,-7.277,-4.826,-3.156,-2.233,-1.704,-1.391,-1.186,-1.062,-0.976,-0.925,-0.896,-0.880,-0.882,-0.889,-0.909,-0.934,-0.966,-1.007,-1.050,-1.104,-1.160,-1.226,-1.297,-1.376,-1.465,-1.560,-1.669,-1.789,-1.923,-2.075,-2.245,-2.443,-2.668,-2.934,-3.248,-3.625,-4.091,-4.670,-5.417,-6.395,-7.713,-9.547,-12.159,-15.867,-19.218,-17.402,-14.405,-12.590,-11.732,-11.522,-11.783,-12.367,-13.160,-14.015,-14.679,-14.915,-14.605,-13.867,-12.961,-12.050,-11.231,-10.548,-9.992,-9.573
264,5.3282,0.5381,3.1731,1.0438,0.9697,6.8000,-1.895,-1.881,-1.896,-1.871,-1.862,-1.870,-1.841,-1.837,-1.838,-1.809,-1.813,-1.812,-1.792,-1.809,-1.817,-1.821,-1.870,-1.914,-1.982,-2.115,-2.275,-2.527,-2.939,-3.543,-4.550,-6.314,-9.529,-16.350,-17.331,-9.880,-6.347,-4.402,-3.294,-2.599,-2.110,-1.829,-1.632,-1.487,-1.517,-1.620,-2.024,-3.199,-3.949,-2.749,-1.573,-1.181,-1.022,-0.872,-0.757,-0.639,-0.591,-0.575,-0.546,-0.580,-0.631,-0.756,-1.044,-1.122,-0.823,-0.567,-0.484,-0.443,-0.433,-0.447,-0.462,-0.496,-0.539,-0.591,-0.665,-0.754,-0.867,-1.017,-1.201,-1.442,-1.753,-2.146,-2.649,-3.266,-3.988,-4.779,-5.523,-6.087,-6.366,-6.346,-6.132,-5.830,-5.519,-5.254,-5.039,-4.886,-4.796,-4.756,-4.772,-4.839,-4.949,-5.111,-5.318,-5.569,-5.871,-6.211,-6.588,-6.990,-7.382,-7.734,-7.985,-8.067,-7.944,-7.593,-7.057,-6.405,-5.696,-4.996,-4.337,-3.735,-3.206,-2.744,-2.346,-2.011,-1.726,-1.487,-1.292,-1.126,-0.991,-0.884,-0.795,-0.729,-0.681,-0.645,-0.632,-0.632,-0.650,-0.699,-0.773,-0.903,-1.131,-1.511,-2.212,-3.168,-3.651,-3.368,-3.017,-2.931,-3.034,-3.293,-3.642,-3.948,-4.129,-4.119,-3.933,-3.658,-3.351,-3.067,-2.835,-2.649,-2.517,-2.433,-2.382,-2.371,-2.391,-2.435,-2.509,-2.606,-2.725,-2.872,-3.040,-3.232,-3.452,-3.694,-3.962,-4.257,-4.571,-4.906,-5.259,-5.612,-5.965,-6.301,-6.596,-6.842,-7.020,-7.113,-7.125,-7.058,-6.915,-6.725,-6.498,-6.245,-5.991,-5.741,-5.497,-5.277,-5.074,-4.891,-4.737,-4.603,-4.490,-4.406,-4.341,-4.298,-4.283,-4.285,-4.314
268,5.5691,0.8273,3.5300,1.3365,0.6103,6.0000,-2.120,-2.039,-1.923,-1.866,-1.777,-1.709,-1.657,-1.577,-1.543,-1.472,-1.428,-1.384,-1.323,-1.298,-1.235,-1.207,-1.163,-1.117,-1.095,-1.040,-1.023,-0.978,-0.949,-0.928,-0.883,-0.878,-0.837,-0.828,-0.811,-0.789,-0.804,-0.784,-0.825,-0.852,-0.930,-1.097,-1.351,-1.924,-2.331,-2.121,-1.903,-2.470,-3.495,-3.147,-2.384,-2.057,-1.452,-0.975,-0.766,-0.605,-0.538,-0.480,-0.452,-0.452,-0.463,-0.527,-0.646,-0.888,-1.313,-1.652,-1.418,-0.937,-0.636,-0.453,-0.351,-0.288,-0.241,-0.217,-0.190,-0.179,-0.166,-0.158,-0.155,-0.149,-0.151,-0.149,-0.153,-0.157,-0.162,-0.171,-0.177,-0.191,-0.202,-0.217,-0.234,-0.251,-0.275,-0.298,-0.327,-0.357,-0.392,-0.433,-0.476,-0.529,-0.586,-0.652,-0.729,-0.815,-0.919,-1.035,-1.175,-1.337,-1.528,-1.756,-2.021,-2.334,-2.690,-3.085,-3.498,-3.890,-4.216,-4.428,-4.521,-4.516,-4.475,-4.453,-4.496,-4.648,-4.934,-5.402,-6.102,-7.123,-8.604,-10.742,-13.718,-16.107,-13.990,-10.358,-7.590,-5.644,-4.304,-3.409,-2.852,-2.596,-2.643,-3.103,-4.251,-6.792,-12.981,-17.937,-8.758,-5.146,-3.382,-2.408,-1.830,-1.464,-1.226,-1.068,-0.963,-0.896,-0.857,-0.840,-0.841,-0.857,-0.886,-0.927,-0.980,-1.044,-1.119,-1.206,-1.305,-1.417,-1.543,-1.683,-1.841,-2.016,-2.211,-2.429,-2.671,-2.942,-3.243,-3.579,-3.955,-4.370,-4.830,-5.329,-5.860,-6.412,-6.959,-7.480,-7.940,-8.312,-8.578,-8.719,-8.749,-8.675,-8.520,-8.316,-8.074,-7.826,-7.579,-7.344,-7.137,-6.950,-6.800,-6.679,-6.592,-6.545,-6.527,-6.553,-6.608
272,5.2232,0.6459,3.2902,0.7256,1.0553,8.6000,-1.849,-1.764,-1.744,-1.798,-1.791,-1.697,-1.654,-1.697,-1.694,-1.595,-1.531,-1.566,-1.571,-1.471,-1.394,-1.429,-1.452,-1.357,-1.274,-1.329,-1.397,-1.330,-1.272,-1.425,-1.678,-1.822,-2.138,-3.373,-6.429,-11.355,-8.882,-4.611,-2.581,-1.874,-1.697,-1.536,-1.382,-1.532,-2.159,-3.071,-3.572,-3.073,-2.078,-1.322,-0.976,-0.843,-0.713,-0.577,-0.512,-0.500,-0.464,-0.406,-0.381,-0.386,-0.372,-0.339,-0.330,-0.341,-0.338,-0.321,-0.321,-0.338,-0.343,-0.339,-0.349,-0.374,-0.389,-0.397,-0.420,-0.455,-0.483,-0.509,-0.549,-0.603,-0.653,-0.705,-0.775,-0.862,-0.952,-1.053,-1.180,-1.335,-1.510,-1.715,-1.971,-2.291,-2.676,-3.153,-3.768,-4.572,-5.623,-7.030,-8.990,-11.797,-15.582,-17.251,-13.616,-10.017,-7.469,-5.670,-4.366,-3.403,-2.689,-2.162,-1.767,-1.467,-1.246,-1.096,-1.001,-0.953,-0.958,-1.027,-1.171,-1.408,-1.785,-2.376,-3.295,-4.733,-7.040,-10.945,-18.453,-19.412,-12.236,-8.685,-6.609,-5.272,-4.368,-3.733,-3.262,-2.901,-2.622,-2.401,-2.212,-2.043,-1.894,-1.761,-1.629,-1.497,-1.377,-1.269,-1.166,-1.060,-0.951,-0.843,-0.745,-0.676,-0.642,-0.630,-0.624,-0.632,-0.661,-0.705,-0.754,-0.814,-0.898,-0.996,-1.098,-1.209,-1.336,-1.466,-1.582,-1.693,-1.820,-1.971,-2.150,-2.382,-2.694,-3.088,-3.561,-4.137,-4.858,-5.746,-6.810,-8.083,-9.620,-11.408,-13.214,-14.426,-14.384,-13.325,-11.999,-10.792,-9.784,-8.998,-8.453,-8.117,-7.918,-7.832,-7.916,-8.236,-8.810,-9.652,-10.821,-12.384,-14.295,-16.295,-17.937,-18.842,-19.059,-18.809,-17.840
276,5.2694,0.6420,2.9921,0.5261,0.9303,7.6000,-1.821,-1.795,-1.776,-1.766,-1.739,-1.707,-1.690,-1.664,-1.624,-1.596,-1.571,-1.529,-1.490,-1.466,-1.429,-1.384,-1.357,-1.330,-1.286,-1.259,-1.245,-1.214,-1.190,-1.196,-1.196,-1.195,-1.242,-1.318,-1.406,-1.594,-1.945,-2.488,-3.538,-5.690,-8.666,-8.025,-4.929,-3.006,-2.068,-1.532,-1.173,-0.972,-0.843,-0.721,-0.641,-0.597,-0.543,-0.497,-0.480,-0.457,-0.427,-0.419,-0.416,-0.399,-0.396,-0.407,-0.404,-0.405,-0.428,-0.443,-0.454,-0.489,-0.529,-0.558,-0.614,-0.694,-0.767,-0.872,-1.037,-1.229,-1.491,-1.938,-2.611,-3.702,-5.822,-8.996,-8.206,-4.652,-2.539,-1.608,-1.213,-1.014,-0.967,-1.029,-1.116,-1.246,-1.445,-1.671,-1.921,-2.237,-2.594,-2.967,-3.386,-3.841,-4.285,-4.734,-5.213,-5.714,-6.301,-7.119,-8.281,-9.752,-10.897,-10.511,-8.937,-7.333,-6.072,-5.158,-4.506,-4.007,-3.622,-3.347,-3.136,-2.955,-2.834,-2.762,-2.701,-2.711,-2.883,-3.294,-4.210,-6.009,-7.827,-6.618,-4.162,-2.622,-1.896,-1.549,-1.364,-1.304,-1.308,-1.329,-1.382,-1.467,-1.553,-1.654,-1.780,-1.910,-2.046,-2.200,-2.356,-2.505,-2.654,-2.791,-2.894,-2.967,-3.004,-2.988,-2.928,-2.836,-2.709,-2.563,-2.417,-2.272,-2.136,-2.023,-1.932,-1.857,-1.805,-1.773,-1.750,-1.741,-1.751,-1.774,-1.812,-1.872,-1.950,-2.043,-2.160,-2.301,-2.459,-2.643,-2.856,-3.092,-3.354,-3.647,-3.968,-4.305,-4.664,-5.035,-5.395,-5.731,-6.033,-6.273,-6.431,-6.509,-6.507,-6.420,-6.266,-6.071,-5.839,-5.581,-5.323,-5.068,-4.815,-4.577,-4.361,-4.157,-3.969,-3.807,-3.661
280,4.9867,0.5185,2.9372,0.6992,0.6557,6.6000,-1.979,-1.999,-1.975,-1.963,-1.974,-1.938,-1.937,-1.930,-1.893,-1.898,-1.874,-1.848,-1.853,-1.821,-1.816,-1.822,-1.803,-1.830,-1.854,-1.881,-1.970,-2.060,-2.212,-2.464,-2.793,-3.340,-4.210,-5.586,-8.051,-12.724,-19.663,-12.785,-8.024,-5.503,-3.968,-3.050,-2.458,-2.010,-1.757,-1.564,-1.419,-1.441,-1.489,-1.816,-2.657,-3.002,-2.408,-1.843,-1.411,-1.022,-0.871,-0.900,-0.967,-1.316,-2.090,-2.320,-1.512,-0.859,-0.647,-0.506,-0.434,-0.420,-0.382,-0.386,-0.392,-0.391,-0.424,-0.443,-0.479,-0.535,-0.586,-0.671,-0.771,-0.893,-1.065,-1.270,-1.540,-1.886,-2.298,-2.799,-3.337,-3.848,-4.262,-4.482,-4.525,-4.430,-4.259,-4.088,-3.926,-3.805,-3.729,-3.685,-3.692,-3.732,-3.808,-3.927,-4.075,-4.266,-4.496,-4.760,-5.075,-5.427,-5.824,-6.267,-6.733,-7.225,-7.699,-8.109,-8.407,-8.506,-8.387,-8.036,-7.501,-6.862,-6.169,-5.486,-4.839,-4.243,-3.714,-3.242,-2.831,-2.475,-2.165,-1.903,-1.676,-1.484,-1.324,-1.188,-1.078,-0.990,-0.924,-0.881,-0.860,-0.874,-0.923,-1.043,-1.279,-1.742,-2.645,-3.743,-4.189,-4.116,-4.160,-4.276,-4.327,-4.231,-3.957,-3.632,-3.300,-3.015,-2.811,-2.658,-2.572,-2.521,-2.472,-2.436,-2.385,-2.343,-2.321,-2.301,-2.311,-2.335,-2.371,-2.437,-2.506,-2.598,-2.712,-2.829,-2.979,-3.140,-3.315,-3.526,-3.741,-3.985,-4.260,-4.535,-4.851,-5.177,-5.503,-5.861,-6.193,-6.507,-6.812,-7.033,-7.204,-7.308,-7.288,-7.216,-7.065,-6.826,-6.583,-6.293,-5.981,-5.706,-5.404,-5.130,-4.896,-4.644,-4.447,-4.267,-4.083
284,4.4485,0.4463,3.1546,1.4589,0.9015,9.0000,-2.343,-1.701,-0.916,-0.582,-0.470,-0.387,-0.347,-0.329,-0.314,-0.311,-0.305,-0.299,-0.309,-0.307,-0.301,-0.315,-0.319,-0.311,-0.325,-0.335,-0.326,-0.338,-0.354,-0.345,-0.353,-0.374,-0.369,-0.370,-0.397,-0.397,-0.393,-0.422,-0.432,-0.422,-0.453,-0.477,-0.467,-0.501,-0.550,-0.549,-0.604,-0.729,-0.814,-1.078,-1.781,-2.358,-1.955,-1.190,-0.832,-0.762,-0.687,-0.639,-0.662,-0.668,-0.667,-0.711,-0.759,-0.787,-0.808,-0.787,-0.735,-0.712,-0.715,-0.709,-0.713,-0.734,-0.743,-0.753,-0.777,-0.794,-0.806,-0.831,-0.854,-0.869,-0.894,-0.922,-0.941,-0.967,-0.999,-1.024,-1.052,-1.088,-1.120,-1.151,-1.192,-1.232,-1.269,-1.315,-1.365,-1.411,-1.465,-1.527,-1.587,-1.654,-1.732,-1.812,-1.900,-2.004,-2.117,-2.241,-2.387,-2.556,-2.745,-2.972,-3.244,-3.562,-3.951,-4.434,-5.026,-5.764,-6.702,-7.871,-9.282,-10.855,-12.137,-12.324,-11.288,-9.740,-8.261,-7.052,-6.099,-5.352,-4.786,-4.357,-4.021,-3.771,-3.596,-3.468,-3.389,-3.378,-3.422,-3.540,-3.803,-4.293,-5.171,-6.891,-10.461,-19.604,-20.112,-11.372,-8.169,-6.626,-5.807,-5.369,-5.135,-4.983,-4.873,-4.794,-4.712,-4.615,-4.511,-4.391,-4.246,-4.089,-3.922,-3.743,-3.561,-3.384,-3.209,-3.040,-2.885,-2.742,-2.609,-2.492,-2.391,-2.303,-2.231,-2.179,-2.145,-2.129,-2.136,-2.166,-2.218,-2.293,-2.393,-2.512,-2.647,-2.795,-2.947,-3.094,-3.231,-3.353,-3.456,-3.544,-3.623,-3.698,-3.775,-3.861,-3.958,-4.063,-4.176,-4.291,-4.405,-4.514,-4.615,-4.706,-4.787,-4.856,-4.915,-4.967,-5.012
288,5.1510,0.7204,3.4221,1.1844,1.0382,9.0000,-1.813,-1.757,-1.816,-1.896,-1.860,-1.755,-1.728,-1.801,-1.828,-1.731,-1.628,-1.643,-1.707,-1.666,-1.533,-1.472,-1.532,-1.565,-1.462,-1.343,-1.367,-1.475,-1.471,-1.356,-1.358,-1.587,-1.862,-2.024,-2.385,-3.633,-6.753,-14.416,-14.947,-7.061,-3.876,-2.511,-1.965,-1.692,-1.468,-1.305,-1.264,-1.414,-1.835,-2.499,-3.043,-2.899,-2.123,-1.350,-0.935,-0.801,-0.719,-0.584,-0.473,-0.448,-0.453,-0.413,-0.351,-0.330,-0.346,-0.341,-0.306,-0.285,-0.298,-0.311,-0.297,-0.280,-0.289,-0.312,-0.316,-0.308,-0.316,-0.344,-0.365,-0.371,-0.383,-0.417,-0.454,-0.479,-0.503,-0.547,-0.603,-0.654,-0.702,-0.766,-0.852,-0.945,-1.038,-1.148,-1.290,-1.458,-1.644,-1.860,-2.131,-2.470,-2.879,-3.375,-4.009,-4.839,-5.932,-7.385,-9.400,-12.359,-16.867,-20.154,-15.424,-11.175,-8.329,-6.350,-4.935,-3.896,-3.112,-2.508,-2.044,-1.693,-1.421,-1.201,-1.025,-0.892,-0.795,-0.720,-0.662,-0.626,-0.616,-0.631,-0.666,-0.727,-0.834,-1.006,-1.267,-1.655,-2.256,-3.230,-4.834,-7.468,-11.682,-15.492,-11.968,-8.296,-6.039,-4.596,-3.588,-2.844,-2.312,-1.959,-1.736,-1.600,-1.537,-1.545,-1.597,-1.651,-1.692,-1.731,-1.763,-1.758,-1.703,-1.621,-1.538,-1.446,-1.338,-1.235,-1.165,-1.125,-1.095,-1.074,-1.085,-1.135,-1.203,-1.271,-1.359,-1.486,-1.641,-1.795,-1.952,-2.144,-2.380,-2.637,-2.905,-3.221,-3.623,-4.101,-4.611,-5.145,-5.735,-6.383,-7.023,-7.570,-8.002,-8.339,-8.563,-8.600,-8.405,-8.046,-7.653,-7.295,-6.930,-6.516,-6.106,-5.793,-5.574,-5.358,-5.105
292,5.5443,0.7370,3.8202,1.1262,0.7200,4.8000,-1.641,-1.578,-1.516,-1.467,-1.417,-1.374,-1.334,-1.293,-1.260,-1.222,-1.191,-1.157,-1.125,-1.096,-1.064,-1.037,-1.007,-0.980,-0.953,-0.926,-0.902,-0.876,-0.854,-0.831,-0.812,-0.795,-0.780,-0.772,-0.768,-0.780,-0.805,-0.881,-1.030,-1.400,-1.853,-1.702,-1.347,-1.377,-1.679,-2.511,-3.267,-2.560,-1.548,-1.070,-0.851,-0.688,-0.554,-0.474,-0.425,-0.388,-0.367,-0.352,-0.348,-0.354,-0.376,-0.421,-0.511,-0.671,-0.932,-1.112,-0.945,-0.646,-0.453,-0.340,-0.278,-0.241,-0.216,-0.204,-0.193,-0.191,-0.189,-0.191,-0.196,-0.202,-0.212,-0.223,-0.237,-0.252,-0.271,-0.293,-0.316,-0.345,-0.376,-0.413,-0.454,-0.501,-0.556,-0.618,-0.690,-0.772,-0.868,-0.979,-1.107,-1.256,-1.423,-1.607,-1.797,-1.978,-2.121,-2.194,-2.183,-2.089,-1.944,-1.785,-1.639,-1.525,-1.448,-1.408,-1.403,-1.431,-1.490,-1.579,-1.700,-1.853,-2.046,-2.283,-2.574,-2.934,-3.379,-3.937,-4.641,-5.539,-6.676,-8.065,-9.536,-10.391,-9.743,-7.967,-6.100,-4.586,-3.510,-2.830,-2.509,-2.488,-2.645,-3.112,-4.377,-7.169,-13.021,-16.062,-9.194,-5.720,-3.871,-2.799,-2.139,-1.712,-1.432,-1.242,-1.118,-1.038,-0.990,-0.969,-0.966,-0.982,-1.011,-1.053,-1.106,-1.170,-1.246,-1.331,-1.429,-1.537,-1.657,-1.791,-1.938,-2.101,-2.280,-2.479,-2.698,-2.939,-3.207,-3.503,-3.831,-4.195,-4.598,-5.046,-5.541,-6.089,-6.691,-7.349,-8.060,-8.811,-9.585,-10.341,-11.028,-11.592,-11.982,-12.195,-12.260,-12.241,-12.213,-12.234,-12.365,-12.650,-13.122,-13.815,-14.729,-15.859,-17.150,-18.487,-19.692
296,5.4869,0.5627,3.2065,0.6821,0.9775,6.6000,-1.844,-1.856,-1.857,-1.809,-1.804,-1.819,-1.781,-1.763,-1.787,-1.771,-1.752,-1.787,-1.809,-1.814,-1.879,-1.974,-2.064,-2.236,-2.522,-2.905,-3.518,-4.584,-6.401,-9.731,-16.317,-15.116,-8.992,-5.892,-4.135,-3.082,-2.474,-2.056,-1.725,-1.567,-1.505,-1.435,-1.631,-2.279,-2.695,-2.131,-1.330,-0.958,-0.852,-0.747,-0.682,-0.681,-0.628,-0.546,-0.542,-0.572,-0.568,-0.648,-0.888,-1.063,-0.930,-0.660,-0.525,-0.518,-0.517,-0.519,-0.559,-0.607,-0.655,-0.731,-0.832,-0.946,-1.100,-1.307,-1.564,-1.902,-2.357,-2.947,-3.704,-4.660,-5.762,-6.854,-7.675,-7.953,-7.705,-7.202,-6.656,-6.178,-5.819,-5.573,-5.423,-5.372,-5.406,-5.511,-5.692,-5.948,-6.267,-6.655,-7.111,-7.614,-8.147,-8.678,-9.133,-9.431,-9.497,-9.276,-8.795,-8.135,-7.376,-6.597,-5.850,-5.156,-4.527,-3.971,-3.480,-3.050,-2.678,-2.356,-2.075,-1.834,-1.626,-1.446,-1.292,-1.160,-1.047,-0.950,-0.869,-0.801,-0.745,-0.701,-0.666,-0.642,-0.628,-0.624,-0.631,-0.652,-0.689,-0.748,-0.840,-0.985,-1.210,-1.520,-1.873,-2.238,-2.663,-3.229,-3.978,-4.868,-5.671,-5.991,-5.706,-5.112,-4.483,-3.933,-3.503,-3.183,-2.949,-2.788,-2.688,-2.629,-2.608,-2.623,-2.663,-2.726,-2.816,-2.926,-3.053,-3.205,-3.376,-3.563,-3.771,-3.999,-4.238,-4.492,-4.761,-5.033,-5.301,-5.568,-5.817,-6.034,-6.220,-6.363,-6.449,-6.481,-6.467,-6.399,-6.287,-6.150,-5.990,-5.811,-5.632,-5.460,-5.289,-5.132,-4.998,-4.879,-4.781,-4.718,-4.684,-4.681,-4.727,-4.827,-4.978,-5.203,-5.515,-5.910,-6.405
300,4.8899,0.4385,2.9804,1.0455,0.8848,6.2000,-2.127,-2.093,-2.059,-2.010,-1.988,-1.949,-1.910,-1.889,-1.843,-1.813,-1.784,-1.736,-1.711,-1.669,-1.625,-1.598,-1.546,-1.510,-1.473,-1.420,-1.390,-1.343,-1.297,-1.267,-1.215,-1.182,-1.147,-1.100,-1.079,-1.039,-1.010,-0.997,-0.964,-0.964,-0.963,-0.966,-1.021,-1.076,-1.215,-1.474,-1.900,-2.697,-3.263,-2.733,-1.903,-1.458,-1.358,-1.507,-2.191,-3.654,-4.239,-2.814,-1.646,-1.125,-0.804,-0.649,-0.561,-0.500,-0.522,-0.579,-0.767,-0.953,-0.819,-0.553,-0.387,-0.292,-0.238,-0.200,-0.174,-0.158,-0.141,-0.132,-0.123,-0.115,-0.113,-0.107,-0.106,-0.106,-0.104,-0.108,-0.108,-0.112,-0.117,-0.121,-0.129,-0.135,-0.143,-0.154,-0.163,-0.176,-0.190,-0.203,-0.221,-0.237,-0.257,-0.279,-0.301,-0.329,-0.357,-0.388,-0.424,-0.460,-0.504,-0.552,-0.604,-0.665,-0.731,-0.808,-0.897,-0.997,-1.116,-1.253,-1.416,-1.614,-1.851,-2.146,-2.517,-2.989,-3.610,-4.438,-5.578,-7.202,-9.616,-13.547,-21.645,-25.370,-15.278,-11.007,-8.372,-6.467,-4.998,-3.860,-3.024,-2.461,-2.136,-2.038,-2.179,-2.631,-3.598,-5.539,-9.803,-25.276,-12.734,-6.673,-4.069,-2.721,-1.960,-1.511,-1.236,-1.070,-0.969,-0.907,-0.871,-0.848,-0.840,-0.842,-0.854,-0.877,-0.906,-0.945,-0.992,-1.045,-1.108,-1.176,-1.252,-1.338,-1.430,-1.534,-1.648,-1.773,-1.916,-2.072,-2.251,-2.452,-2.675,-2.931,-3.214,-3.530,-3.884,-4.266,-4.687,-5.140,-5.609,-6.099,-6.579,-7.029,-7.433,-7.741,-7.944,-8.034,-7.990,-7.856,-7.648,-7.378,-7.101,-6.815,-6.534,-6.290,-6.059,-5.864,-5.711
304,5.1280,0.4860,2.7401,1.5351,0.9211,5.4000,-2.434,-2.349,-2.275,-2.203,-2.135,-2.077,-2.017,-1.966,-1.914,-1.864,-1.821,-1.772,-1.731,-1.686,-1.643,-1.602,-1.557,-1.519,-1.474,-1.434,-1.394,-1.351,-1.314,-1.270,-1.235,-1.195,-1.158,-1.125,-1.088,-1.061,-1.029,-1.006,-0.987,-0.972,-0.975,-0.981,-1.026,-1.102,-1.266,-1.592,-2.239,-3.297,-3.458,-2.357,-1.617,-1.258,-0.924,-0.721,-0.599,-0.519,-0.465,-0.419,-0.390,-0.360,-0.345,-0.333,-0.335,-0.360,-0.425,-0.534,-0.530,-0.404,-0.304,-0.248,-0.213,-0.190,-0.173,-0.161,-0.151,-0.143,-0.136,-0.131,-0.127,-0.124,-0.121,-0.120,-0.120,-0.122,-0.128,-0.136,-0.144,-0.151,-0.157,-0.165,-0.173,-0.183,-0.194,-0.205,-0.219,-0.233,-0.249,-0.266,-0.285,-0.306,-0.328,-0.352,-0.379,-0.408,-0.439,-0.473,-0.511,-0.551,-0.596,-0.645,-0.699,-0.759,-0.826,-0.900,-0.983,-1.078,-1.184,-1.306,-1.446,-1.608,-1.799,-2.023,-2.291,-2.614,-3.005,-3.483,-4.066,-4.770,-5.587,-6.457,-7.207,-7.571,-7.394,-6.832,-6.194,-5.693,-5.402,-5.260,-5.063,-4.528,-3.660,-2.865,-2.466,-2.546,-3.138,-4.401,-6.787,-11.629,-27.303,-13.610,-7.779,-5.013,-3.467,-2.537,-1.951,-1.570,-1.318,-1.150,-1.040,-0.972,-0.934,-0.919,-0.923,-0.943,-0.976,-1.021,-1.077,-1.144,-1.221,-1.308,-1.407,-1.517,-1.639,-1.773,-1.922,-2.087,-2.267,-2.468,-2.688,-2.931,-3.199,-3.495,-3.822,-4.180,-4.573,-5.000,-5.459,-5.944,-6.444,-6.951,-7.446,-7.913,-8.333,-8.677,-8.927,-9.061,-9.074,-8.974,-8.776,-8.514,-8.211,-7.893,-7.583,-7.290,-7.031,-6.810,-6.631
308,4.6036,0.6126,3.0776,1.1357,0.9218,6.0000,-2.689,-2.657,-2.609,-2.548,-2.494,-2.431,-2.361,-2.300,-2.231,-2.160,-2.098,-2.028,-1.958,-1.896,-1.826,-1.760,-1.698,-1.630,-1.568,-1.508,-1.443,-1.385,-1.328,-1.268,-1.217,-1.163,-1.110,-1.065,-1.017,-0.971,-0.934,-0.892,-0.857,-0.828,-0.796,-0.776,-0.759,-0.745,-0.749,-0.760,-0.794,-0.868,-0.994,-1.207,-1.380,-1.322,-1.153,-1.082,-1.174,-1.497,-2.131,-3.339,-5.704,-8.339,-6.686,-3.957,-2.426,-1.605,-1.123,-0.841,-0.650,-0.519,-0.432,-0.367,-0.327,-0.312,-0.328,-0.356,-0.316,-0.225,-0.165,-0.131,-0.103,-0.089,-0.075,-0.063,-0.058,-0.049,-0.044,-0.042,-0.037,-0.036,-0.035,-0.033,-0.036,-0.036,-0.037,-0.042,-0.044,-0.048,-0.054,-0.058,-0.065,-0.072,-0.078,-0.088,-0.097,-0.106,-0.118,-0.129,-0.142,-0.157,-0.170,-0.187,-0.205,-0.223,-0.245,-0.267,-0.291,-0.319,-0.347,-0.379,-0.416,-0.454,-0.500,-0.551,-0.607,-0.675,-0.751,-0.840,-0.949,-1.076,-1.229,-1.412,-1.618,-1.850,-2.094,-2.344,-2.634,-2.995,-3.504,-4.290,-5.479,-7.170,-8.150,-6.342,-4.028,-2.711,-2.206,-2.145,-2.380,-2.880,-3.658,-4.821,-6.468,-8.674,-11.793,-17.237,-28.700,-16.305,-10.627,-7.450,-5.427,-4.075,-3.148,-2.496,-2.033,-1.701,-1.459,-1.286,-1.161,-1.072,-1.014,-0.978,-0.959,-0.958,-0.968,-0.990,-1.024,-1.067,-1.119,-1.182,-1.252,-1.334,-1.426,-1.528,-1.645,-1.774,-1.918,-2.081,-2.263,-2.468,-2.700,-2.960,-3.254,-3.586,-3.958,-4.377,-4.846,-5.363,-5.931,-6.540,-7.172,-7.802,-8.383,-8.852,-9.155,-9.245,-9.118,-8.816,-8.397
312,4.4816,0.6161,2.6261,1.9151,0.6052,4.4000,-0.284,-0.307,-0.305,-0.346,-0.416,-0.469,-0.659,-1.068,-1.317,-1.065,-0.664,-0.477,-0.429,-0.375,-0.344,-0.349,-0.339,-0.328,-0.337,-0.339,-0.333,-0.341,-0.348,-0.345,-0.352,-0.361,-0.361,-0.366,-0.375,-0.378,-0.382,-0.392,-0.397,-0.401,-0.410,-0.417,-0.421,-0.431,-0.440,-0.445,-0.456,-0.468,-0.479,-0.497,-0.520,-0.530,-0.526,-0.519,-0.514,-0.517,-0.525,-0.532,-0.539,-0.549,-0.558,-0.566,-0.576,-0.586,-0.595,-0.605,-0.617,-0.626,-0.636,-0.649,-0.659,-0.670,-0.683,-0.695,-0.707,-0.722,-0.737,-0.751,-0.770,-0.791,-0.812,-0.839,-0.871,-0.888,-0.880,-0.857,-0.840,-0.841,-0.852,-0.866,-0.884,-0.907,-0.926,-0.942,-0.959,-0.973,-0.985,-1.000,-1.014,-1.027,-1.043,-1.059,-1.073,-1.090,-1.108,-1.123,-1.140,-1.160,-1.177,-1.194,-1.215,-1.234,-1.252,-1.275,-1.297,-1.316,-1.340,-1.365,-1.386,-1.412,-1.441,-1.466,-1.494,-1.529,-1.560,-1.593,-1.635,-1.675,-1.716,-1.769,-1.826,-1.880,-1.951,-2.030,-2.102,-2.186,-2.284,-2.373,-2.484,-2.646,-2.829,-3.081,-3.468,-3.722,-3.446,-2.912,-2.640,-2.687,-2.836,-3.002,-3.234,-3.505,-3.783,-4.117,-4.515,-4.951,-5.461,-6.084,-6.808,-7.667,-8.746,-10.091,-11.791,-14.102,-17.435,-22.351,-24.890,-19.300,-14.967,-12.016,-9.821,-8.127,-6.810,-5.757,-4.904,-4.232,-3.706,-3.288,-2.971,-2.749,-2.594,-2.497,-2.466,-2.482,-2.531,-2.624,-2.752,-2.895,-3.060,-3.249,-3.442,-3.639,-3.858,-4.084,-4.311,-4.561,-4.831,-5.101,-5.394,-5.718,-6.046,-6.388,-6.770,-7.162,-7.556,-7.992,-8.451
316,4.5443,0.4181,2.6393,1.1905,0.6591,8.6000,-1.178,-0.662,-0.524,-0.429,-0.345,-0.338,-0.330,-0.297,-0.301,-0.311,-0.293,-0.295,-0.311,-0.301,-0.301,-0.318,-0.314,-0.312,-0.329,-0.329,-0.326,-0.343,-0.346,-0.343,-0.359,-0.365,-0.362,-0.377,-0.386,-0.383,-0.397,-0.409,-0.407,-0.419,-0.434,-0.433,-0.445,-0.462,-0.463,-0.475,-0.496,-0.500,-0.512,-0.537,-0.547,-0.564,-0.599,-0.622,-0.656,-0.722,-0.793,-0.875,-0.937,-0.889,-0.792,-0.763,-0.755,-0.746,-0.813,-0.895,-0.996,-1.350,-1.842,-1.835,-1.337,-0.989,-0.913,-0.876,-0.842,-0.862,-0.878,-0.880,-0.910,-0.938,-0.954,-0.987,-1.023,-1.049,-1.087,-1.131,-1.168,-1.215,-1.269,-1.320,-1.380,-1.450,-1.521,-1.602,-1.698,-1.802,-1.919,-2.061,-2.221,-2.408,-2.637,-2.909,-3.238,-3.650,-4.164,-4.809,-5.635,-6.684,-7.970,-9.417,-10.632,-10.852,-9.875,-8.386,-6.965,-5.813,-4.935,-4.280,-3.810,-3.498,-3.321,-3.282,-3.426,-3.821,-4.625,-6.174,-9.121,-15.139,-32.344,-15.491,-10.780,-8.453,-7.083,-6.224,-5.650,-5.236,-4.939,-4.718,-4.534,-4.380,-4.248,-4.113,-3.975,-3.837,-3.685,-3.522,-3.358,-3.191,-3.023,-2.869,-2.728,-2.598,-2.490,-2.404,-2.332,-2.282,-2.254,-2.241,-2.248,-2.279,-2.326,-2.393,-2.485,-2.597,-2.725,-2.874,-3.036,-3.196,-3.351,-3.489,-3.591,-3.658,-3.698,-3.717,-3.735,-3.784,-3.879,-4.027,-4.239,-4.514,-4.828,-5.172,-5.543,-5.920,-6.286,-6.645,-6.994,-7.312,-7.608,-7.895,-8.158,-8.394,-8.625,-8.846,-9.032,-9.187,-9.315,-9.378,-9.345,-9.231,-9.045,-8.778,-8.457,-8.135,-7.821,-7.501,-7.199
320,4.9229,0.4917,2.7021,0.4764,0.8602,6.6000,-1.971,-1.970,-1.963,-1.960,-1.956,-1.946,-1.936,-1.927,-1.913,-1.897,-1.886,-1.870,-1.854,-1.843,-1.834,-1.826,-1.828,-1.840,-1.862,-1.903,-1.972,-2.076,-2.234,-2.477,-2.848,-3.430,-4.376,-5.984,-8.923,-15.026,-19.419,-10.820,-6.820,-4.692,-3.429,-2.641,-2.132,-1.772,-1.528,-1.393,-1.274,-1.092,-0.907,-0.789,-0.714,-0.652,-0.602,-0.558,-0.523,-0.506,-0.490,-0.495,-0.558,-0.616,-0.563,-0.445,-0.381,-0.367,-0.352,-0.343,-0.351,-0.355,-0.361,-0.380,-0.401,-0.423,-0.458,-0.501,-0.548,-0.613,-0.694,-0.789,-0.912,-1.069,-1.262,-1.507,-1.821,-2.207,-2.680,-3.238,-3.843,-4.431,-4.914,-5.195,-5.250,-5.135,-4.918,-4.670,-4.442,-4.249,-4.097,-3.996,-3.936,-3.913,-3.931,-3.984,-4.066,-4.183,-4.334,-4.510,-4.720,-4.964,-5.231,-5.528,-5.852,-6.184,-6.518,-6.840,-7.107,-7.293,-7.373,-7.303,-7.085,-6.743,-6.289,-5.770,-5.235,-4.695,-4.176,-3.704,-3.269,-2.876,-2.537,-2.237,-1.970,-1.748,-1.560,-1.390,-1.257,-1.154,-1.061,-1.001,-0.980,-0.970,-1.009,-1.139,-1.352,-1.802,-2.773,-4.096,-4.804,-4.640,-4.484,-4.561,-4.554,-4.386,-4.111,-3.730,-3.345,-3.030,-2.753,-2.523,-2.363,-2.234,-2.128,-2.068,-2.029,-1.997,-1.997,-2.015,-2.034,-2.077,-2.141,-2.204,-2.286,-2.392,-2.501,-2.625,-2.779,-2.940,-3.114,-3.323,-3.547,-3.782,-4.058,-4.360,-4.676,-5.033,-5.428,-5.831,-6.262,-6.725,-7.173,-7.597,-8.011,-8.359,-8.599,-8.757,-8.819,-8.746,-8.582,-8.377,-8.105,-7.787,-7.485,-7.181,-6.851,-6.546,-6.257,-5.939,-5.621
324,5.3762,0.5225,2.9337,1.6078,0.9636,5.4000,-2.300,-2.214,-2.121,-2.045,-1.983,-1.911,-1.858,-1.806,-1.748,-1.709,-1.660,-1.612,-1.578,-1.530,-1.490,-1.456,-1.409,-1.376,-1.339,-1.295,-1.267,-1.226,-1.189,-1.163,-1.121,-1.093,-1.066,-1.029,-1.013,-0.987,-0.964,-0.965,-0.950,-0.964,-1.005,-1.054,-1.211,-1.474,-2.019,-3.106,-3.696,-2.706,-1.636,-1.159,-0.910,-0.741,-0.642,-0.560,-0.530,-0.530,-0.501,-0.456,-0.409,-0.385,-0.385,-0.385,-0.419,-0.489,-0.613,-0.853,-1.047,-0.940,-0.666,-0.467,-0.358,-0.286,-0.244,-0.217,-0.195,-0.182,-0.172,-0.164,-0.160,-0.156,-0.155,-0.157,-0.158,-0.162,-0.167,-0.172,-0.181,-0.190,-0.200,-0.213,-0.226,-0.243,-0.261,-0.280,-0.303,-0.327,-0.354,-0.384,-0.417,-0.454,-0.495,-0.540,-0.591,-0.647,-0.710,-0.782,-0.861,-0.951,-1.054,-1.170,-1.306,-1.462,-1.643,-1.857,-2.107,-2.406,-2.764,-3.191,-3.707,-4.323,-5.048,-5.876,-6.749,-7.543,-8.041,-8.055,-7.604,-6.881,-6.114,-5.430,-4.881,-4.489,-4.245,-4.149,-4.198,-4.375,-4.653,-4.909,-4.898,-4.443,-3.718,-3.203,-3.282,-4.303,-7.012,-12.326,-11.441,-6.614,-4.104,-2.779,-2.019,-1.569,-1.282,-1.096,-0.980,-0.902,-0.858,-0.837,-0.831,-0.842,-0.863,-0.894,-0.937,-0.984,-1.042,-1.109,-1.181,-1.264,-1.354,-1.453,-1.564,-1.682,-1.813,-1.958,-2.112,-2.285,-2.473,-2.678,-2.905,-3.152,-3.423,-3.722,-4.044,-4.398,-4.782,-5.191,-5.633,-6.093,-6.566,-7.047,-7.507,-7.931,-8.298,-8.576,-8.758,-8.840,-8.819,-8.726,-8.582,-8.403,-8.226,-8.063,-7.923,-7.831,-7.785,-7.794,-7.877
328,5.0076,0.7667,2.8732,1.7047,0.7170,8.8000,-1.666,-1.714,-1.729,-1.720,-1.753,-1.778,-1.759,-1.765,-1.790,-1.769,-1.747,-1.760,-1.743,-1.700,-1.692,-1.678,-1.624,-1.594,-1.580,-1.527,-1.476,-1.458,-1.413,-1.352,-1.325,-1.292,-1.228,-1.194,-1.171,-1.116,-1.074,-1.062,-1.022,-0.980,-0.976,-0.959,-0.927,-0.938,-0.957,-0.957,-1.008,-1.106,-1.212,-1.423,-1.815,-2.436,-3.574,-5.397,-6.414,-4.991,-3.261,-2.220,-1.614,-1.258,-1.077,-0.942,-0.859,-0.878,-0.902,-0.954,-1.191,-1.563,-2.200,-3.901,-7.323,-7.863,-4.211,-2.125,-1.333,-0.944,-0.658,-0.540,-0.485,-0.400,-0.365,-0.369,-0.340,-0.326,-0.348,-0.348,-0.345,-0.376,-0.397,-0.407,-0.446,-0.486,-0.514,-0.564,-0.628,-0.681,-0.753,-0.849,-0.944,-1.057,-1.207,-1.374,-1.569,-1.826,-2.137,-2.514,-3.010,-3.656,-4.490,-5.625,-7.205,-9.381,-12.291,-14.745,-13.136,-9.869,-7.258,-5.372,-4.043,-3.097,-2.405,-1.906,-1.554,-1.300,-1.126,-1.032,-1.004,-1.039,-1.168,-1.417,-1.828,-2.504,-3.613,-5.405,-8.290,-12.544,-14.314,-10.814,-7.886,-6.005,-4.786,-3.978,-3.409,-2.997,-2.705,-2.485,-2.308,-2.175,-2.067,-1.960,-1.861,-1.765,-1.646,-1.515,-1.379,-1.225,-1.065,-0.923,-0.791,-0.674,-0.593,-0.538,-0.499,-0.493,-0.514,-0.542,-0.593,-0.669,-0.750,-0.841,-0.956,-1.071,-1.180,-1.302,-1.415,-1.504,-1.602,-1.709,-1.815,-1.957,-2.156,-2.392,-2.693,-3.104,-3.611,-4.231,-5.037,-6.050,-7.264,-8.753,-10.555,-12.434,-13.747,-13.724,-12.520,-10.915,-9.375,-8.119,-7.147,-6.334,-5.669,-5.195,-4.834,-4.528,-4.343,-4.274,-4.238
332,4.9285,0.5254,3.1687,1.8623,1.0751,6.0000,-2.297,-2.268,-2.240,-2.176,-2.167,-2.107,-2.077,-2.049,-1.990,-1.979,-1.919,-1.891,-1.856,-1.799,-1.783,-1.719,-1.692,-1.648,-1.595,-1.572,-1.507,-1.483,-1.432,-1.387,-1.362,-1.301,-1.286,-1.236,-1.209,-1.189,-1.146,-1.155,-1.122,-1.141,-1.159,-1.186,-1.296,-1.399,-1.682,-2.119,-3.033,-4.990,-7.498,-8.510,-6.445,-5.277,-5.196,-3.696,-2.268,-1.632,-1.203,-0.976,-0.810,-0.679,-0.605,-0.517,-0.472,-0.418,-0.379,-0.351,-0.317,-0.307,-0.294,-0.292,-0.264,-0.225,-0.204,-0.178,-0.167,-0.151,-0.140,-0.132,-0.120,-0.116,-0.106,-0.102,-0.097,-0.092,-0.091,-0.086,-0.087,-0.085,-0.085,-0.087,-0.087,-0.091,-0.092,-0.098,-0.102,-0.108,-0.115,-0.121,-0.132,-0.140,-0.151,-0.163,-0.176,-0.192,-0.206,-0.225,-0.244,-0.266,-0.291,-0.317,-0.348,-0.380,-0.418,-0.460,-0.507,-0.563,-0.624,-0.697,-0.781,-0.880,-1.000,-1.142,-1.320,-1.537,-1.813,-2.162,-2.609,-3.175,-3.867,-4.650,-5.388,-5.881,-6.002,-5.858,-5.680,-5.642,-5.850,-6.333,-6.978,-7.237,-6.334,-4.778,-3.675,-3.410,-3.993,-5.609,-9.013,-17.211,-17.226,-9.013,-5.535,-3.694,-2.637,-1.996,-1.595,-1.346,-1.190,-1.102,-1.056,-1.043,-1.051,-1.067,-1.090,-1.109,-1.126,-1.139,-1.149,-1.165,-1.180,-1.206,-1.237,-1.277,-1.328,-1.386,-1.458,-1.537,-1.629,-1.733,-1.847,-1.979,-2.121,-2.285,-2.465,-2.666,-2.896,-3.148,-3.441,-3.764,-4.131,-4.544,-4.997,-5.508,-6.051,-6.633,-7.231,-7.801,-8.329,-8.732,-8.986,-9.075,-8.980,-8.781,-8.498,-8.188,-7.915,-7.667,-7.508
336,4.8775,0.7544,2.8538,0.5961,0.7225,7.0000,-2.195,-2.167,-2.165,-2.116,-2.087,-2.068,-2.008,-1.978,-1.944,-1.879,-1.849,-1.802,-1.740,-1.712,-1.657,-1.604,-1.579,-1.523,-1.486,-1.467,-1.420,-1.407,-1.400,-1.378,-1.402,-1.425,-1.460,-1.559,-1.673,-1.859,-2.176,-2.627,-3.391,-4.716,-7.034,-11.495,-15.611,-9.999,-6.168,-4.067,-2.908,-2.208,-1.734,-1.471,-1.288,-1.161,-1.191,-1.250,-1.309,-1.449,-1.815,-3.176,-5.696,-5.253,-2.721,-1.517,-1.073,-0.770,-0.659,-0.630,-0.608,-0.751,-0.937,-0.880,-0.625,-0.424,-0.355,-0.318,-0.289,-0.293,-0.290,-0.293,-0.314,-0.324,-0.346,-0.378,-0.404,-0.447,-0.496,-0.547,-0.619,-0.697,-0.790,-0.910,-1.045,-1.215,-1.425,-1.673,-1.986,-2.367,-2.825,-3.386,-4.040,-4.783,-5.589,-6.367,-7.024,-7.441,-7.553,-7.416,-7.103,-6.722,-6.347,-6.000,-5.716,-5.491,-5.319,-5.213,-5.156,-5.148,-5.193,-5.275,-5.399,-5.558,-5.729,-5.909,-6.061,-6.143,-6.128,-5.964,-5.645,-5.193,-4.640,-4.051,-3.472,-2.930,-2.457,-2.052,-1.714,-1.448,-1.237,-1.080,-0.979,-0.918,-0.910,-0.969,-1.091,-1.349,-1.832,-2.739,-4.644,-7.753,-8.745,-6.708,-5.348,-4.706,-4.322,-4.071,-3.794,-3.481,-3.184,-2.873,-2.603,-2.381,-2.181,-2.038,-1.928,-1.840,-1.802,-1.779,-1.779,-1.811,-1.834,-1.868,-1.908,-1.938,-1.993,-2.058,-2.130,-2.238,-2.352,-2.485,-2.657,-2.833,-3.042,-3.288,-3.542,-3.844,-4.180,-4.527,-4.933,-5.356,-5.783,-6.250,-6.684,-7.066,-7.417,-7.633,-7.713,-7.698,-7.516,-7.228,-6.909,-6.509,-6.100,-5.731,-5.338,-4.987,-4.689,-4.379,-4.130
340,5.3269,0.4700,4.0601,0.7979,0.6380,7.6000,-2.136,-2.142,-2.156,-2.203,-2.240,-2.275,-2.355,-2.456,-2.568,-2.743,-3.000,-3.323,-3.756,-4.348,-5.053,-5.731,-6.170,-6.169,-5.721,-5.030,-4.334,-3.765,-3.296,-2.895,-2.608,-2.416,-2.246,-2.158,-2.217,-2.372,-2.785,-3.846,-5.230,-5.101,-3.524,-2.319,-1.740,-1.393,-1.137,-0.999,-0.897,-0.790,-0.726,-0.680,-0.618,-0.578,-0.554,-0.515,-0.486,-0.474,-0.450,-0.429,-0.427,-0.416,-0.403,-0.409,-0.411,-0.407,-0.423,-0.440,-0.450,-0.479,-0.519,-0.551,-0.606,-0.687,-0.769,-0.886,-1.065,-1.285,-1.605,-2.130,-2.926,-4.253,-6.494,-8.128,-5.979,-3.404,-2.016,-1.460,-1.274,-1.230,-1.242,-1.234,-1.202,-1.196,-1.219,-1.267,-1.370,-1.538,-1.772,-2.107,-2.576,-3.189,-3.944,-4.800,-5.657,-6.459,-7.282,-8.248,-9.373,-10.339,-10.333,-9.031,-7.248,-5.662,-4.452,-3.579,-2.958,-2.525,-2.235,-2.049,-1.938,-1.895,-1.911,-1.968,-2.068,-2.233,-2.501,-3.004,-3.916,-4.980,-5.087,-3.936,-2.677,-1.854,-1.385,-1.118,-0.991,-0.958,-0.979,-1.053,-1.183,-1.359,-1.590,-1.896,-2.276,-2.730,-3.251,-3.762,-4.128,-4.223,-3.995,-3.539,-3.023,-2.547,-2.145,-1.834,-1.602,-1.427,-1.303,-1.222,-1.169,-1.139,-1.137,-1.149,-1.174,-1.219,-1.277,-1.343,-1.427,-1.526,-1.634,-1.760,-1.910,-2.076,-2.269,-2.505,-2.780,-3.101,-3.475,-3.875,-4.272,-4.662,-5.038,-5.388,-5.725,-6.054,-6.352,-6.611,-6.840,-7.016,-7.120,-7.171,-7.171,-7.104,-6.992,-6.862,-6.702,-6.518,-6.345,-6.175,-5.998,-5.841,-5.708,-5.575,-5.460,-5.378,-5.302,-5.237,-5.209
344,4.5965,0.4659,3.0692,1.7240,0.6494,7.6000,-0.902,-0.603,-0.499,-0.379,-0.349,-0.353,-0.308,-0.303,-0.323,-0.299,-0.296,-0.319,-0.306,-0.301,-0.325,-0.320,-0.313,-0.336,-0.338,-0.329,-0.350,-0.358,-0.350,-0.368,-0.382,-0.374,-0.390,-0.410,-0.405,-0.419,-0.445,-0.446,-0.459,-0.494,-0.506,-0.525,-0.579,-0.619,-0.669,-0.789,-0.942,-1.180,-1.667,-2.203,-2.201,-1.668,-1.178,-0.939,-0.812,-0.707,-0.646,-0.623,-0.607,-0.600,-0.606,-0.611,-0.613,-0.624,-0.636,-0.643,-0.656,-0.672,-0.682,-0.695,-0.714,-0.728,-0.742,-0.763,-0.781,-0.796,-0.818,-0.841,-0.858,-0.883,-0.911,-0.932,-0.960,-0.995,-1.022,-1.054,-1.096,-1.115,-1.111,-1.124,-1.164,-1.215,-1.276,-1.338,-1.398,-1.470,-1.547,-1.621,-1.702,-1.792,-1.874,-1.960,-2.060,-2.156,-2.261,-2.401,-2.566,-2.769,-3.066,-3.476,-4.042,-4.875,-6.037,-7.415,-8.653,-9.092,-8.563,-7.756,-7.046,-6.440,-6.023,-5.765,-5.504,-5.305,-5.255,-5.290,-5.790,-7.693,-11.520,-11.801,-8.232,-6.591,-6.346,-6.500,-6.782,-7.300,-7.791,-8.053,-8.173,-7.972,-7.415,-6.775,-6.104,-5.420,-4.860,-4.418,-4.024,-3.723,-3.521,-3.348,-3.214,-3.151,-3.110,-3.077,-3.096,-3.143,-3.186,-3.267,-3.388,-3.506,-3.651,-3.848,-4.055,-4.278,-4.560,-4.870,-5.184,-5.550,-5.957,-6.347,-6.756,-7.192,-7.571,-7.898,-8.209,-8.410,-8.487,-8.516,-8.440,-8.237,-8.013,-7.753,-7.412,-7.080,-6.776,-6.434,-6.101,-5.828,-5.553,-5.272,-5.054,-4.868,-4.665,-4.503,-4.400,-4.282,-4.169,-4.120,-4.075,-4.000,-3.969,-3.970,-3.923,-3.883,-3.896,-3.871,-3.812
348,5.3902,0.5037,2.8821,1.5786,0.7968,6.4000,-1.888,-1.882,-1.910,-1.900,-1.903,-1.929,-1.918,-1.929,-1.954,-1.948,-1.973,-2.004,-2.016,-2.069,-2.128,-2.188,-2.310,-2.460,-2.660,-2.990,-3.452,-4.151,-5.303,-7.153,-10.188,-14.158,-12.809,-8.766,-6.083,-4.464,-3.446,-2.747,-2.281,-1.954,-1.686,-1.501,-1.356,-1.218,-1.133,-1.052,-0.972,-0.940,-0.893,-0.868,-0.896,-0.891,-1.006,-1.228,-1.156,-0.931,-0.881,-0.893,-1.000,-1.263,-1.701,-2.832,-4.334,-3.673,-2.002,-1.196,-0.895,-0.702,-0.649,-0.640,-0.634,-0.695,-0.767,-0.865,-1.033,-1.237,-1.526,-1.937,-2.466,-3.172,-4.033,-4.910,-5.614,-5.866,-5.654,-5.208,-4.687,-4.229,-3.863,-3.566,-3.356,-3.206,-3.098,-3.044,-3.018,-3.020,-3.058,-3.111,-3.188,-3.291,-3.403,-3.540,-3.694,-3.854,-4.037,-4.225,-4.414,-4.613,-4.793,-4.958,-5.100,-5.187,-5.228,-5.204,-5.100,-4.939,-4.707,-4.424,-4.115,-3.776,-3.436,-3.106,-2.782,-2.487,-2.215,-1.962,-1.745,-1.548,-1.373,-1.229,-1.097,-0.988,-0.903,-0.824,-0.770,-0.735,-0.705,-0.710,-0.735,-0.784,-0.914,-1.123,-1.546,-2.352,-3.062,-3.017,-2.716,-2.670,-2.767,-2.898,-3.028,-3.068,-3.025,-2.930,-2.785,-2.640,-2.509,-2.389,-2.302,-2.238,-2.196,-2.186,-2.199,-2.236,-2.303,-2.385,-2.484,-2.598,-2.717,-2.848,-2.993,-3.148,-3.322,-3.515,-3.723,-3.956,-4.209,-4.479,-4.773,-5.084,-5.405,-5.739,-6.071,-6.388,-6.687,-6.944,-7.143,-7.279,-7.337,-7.313,-7.221,-7.066,-6.858,-6.624,-6.371,-6.109,-5.858,-5.617,-5.390,-5.190,-5.011,-4.853,-4.727,-4.623,-4.541,-4.494,-4.467
352,5.2326,0.4593,3.9966,0.4394,0.7075,8.2000,-2.261,-2.252,-2.308,-2.449,-2.608,-2.747,-2.933,-3.259,-3.769,-4.457,-5.307,-6.221,-6.867,-6.818,-6.134,-5.263,-4.463,-3.764,-3.175,-2.746,-2.478,-2.275,-2.044,-1.814,-1.674,-1.626,-1.561,-1.427,-1.319,-1.339,-1.429,-1.457,-1.486,-1.806,-2.656,-3.862,-4.472,-3.708,-2.435,-1.540,-1.131,-0.975,-0.844,-0.696,-0.600,-0.570,-0.547,-0.497,-0.448,-0.430,-0.428,-0.412,-0.386,-0.374,-0.377,-0.379,-0.372,-0.368,-0.377,-0.391,-0.400,-0.410,-0.429,-0.455,-0.483,-0.513,-0.550,-0.597,-0.652,-0.716,-0.792,-0.884,-0.995,-1.130,-1.298,-1.508,-1.769,-2.104,-2.541,-3.111,-3.839,-4.741,-5.794,-6.902,-7.973,-9.203,-11.315,-16.080,-28.460,-14.161,-8.459,-5.442,-3.702,-2.685,-2.075,-1.697,-1.474,-1.383,-1.401,-1.502,-1.683,-1.971,-2.407,-3.027,-3.885,-5.077,-6.760,-9.158,-12.495,-16.054,-15.587,-12.350,-9.728,-7.899,-6.610,-5.666,-4.940,-4.357,-3.868,-3.424,-2.987,-2.542,-2.107,-1.704,-1.352,-1.063,-0.850,-0.719,-0.661,-0.664,-0.722,-0.838,-1.012,-1.222,-1.421,-1.560,-1.608,-1.569,-1.474,-1.372,-1.296,-1.262,-1.261,-1.288,-1.347,-1.446,-1.582,-1.746,-1.936,-2.183,-2.543,-3.091,-3.928,-5.233,-7.359,-11.129,-19.822,-20.368,-11.176,-7.248,-5.074,-3.802,-3.037,-2.557,-2.253,-2.084,-2.024,-2.032,-2.076,-2.152,-2.277,-2.447,-2.639,-2.838,-3.058,-3.311,-3.587,-3.861,-4.127,-4.399,-4.683,-4.948,-5.158,-5.307,-5.417,-5.494,-5.514,-5.459,-5.348,-5.222,-5.094,-4.940,-4.752,-4.557,-4.391,-4.246,-4.090,-3.920,-3.771,-3.664,-3.568
356,5.5021,0.7110,2.6309,1.4140,0.6021,7.2000,-1.913,-1.892,-1.896,-1.868,-1.835,-1.832,-1.814,-1.774,-1.762,-1.753,-1.716,-1.695,-1.694,-1.669,-1.648,-1.658,-1.657,-1.652,-1.687,-1.735,-1.784,-1.891,-2.065,-2.293,-2.673,-3.325,-4.397,-6.368,-10.577,-23.950,-13.932,-7.569,-4.778,-3.326,-2.478,-1.939,-1.588,-1.346,-1.164,-1.025,-0.923,-0.840,-0.768,-0.715,-0.674,-0.637,-0.618,-0.608,-0.567,-0.509,-0.480,-0.469,-0.452,-0.447,-0.451,-0.447,-0.453,-0.475,-0.490,-0.518,-0.575,-0.639,-0.737,-0.880,-0.935,-0.856,-0.809,-0.876,-1.009,-1.254,-1.676,-2.321,-3.512,-5.606,-6.901,-4.924,-2.786,-1.717,-1.287,-1.085,-1.042,-1.143,-1.303,-1.540,-1.917,-2.423,-3.093,-4.054,-5.404,-7.281,-10.067,-14.486,-21.024,-18.440,-13.080,-9.879,-7.847,-6.425,-5.384,-4.633,-4.059,-3.598,-3.249,-2.981,-2.749,-2.571,-2.442,-2.325,-2.233,-2.181,-2.134,-2.096,-2.094,-2.097,-2.099,-2.133,-2.176,-2.207,-2.261,-2.324,-2.353,-2.381,-2.398,-2.343,-2.242,-2.110,-1.898,-1.653,-1.446,-1.240,-1.065,-1.005,-1.008,-1.054,-1.286,-1.723,-2.403,-3.986,-7.538,-10.172,-6.312,-3.724,-2.820,-2.571,-2.449,-2.501,-2.650,-2.708,-2.746,-2.793,-2.733,-2.628,-2.557,-2.448,-2.326,-2.269,-2.223,-2.172,-2.183,-2.231,-2.270,-2.358,-2.501,-2.640,-2.814,-3.058,-3.315,-3.594,-3.955,-4.356,-4.767,-5.252,-5.803,-6.343,-6.905,-7.517,-8.066,-8.505,-8.886,-9.129,-9.130,-8.966,-8.698,-8.262,-7.719,-7.204,-6.695,-6.167,-5.714,-5.348,-4.992,-4.681,-4.465,-4.273,-4.088,-3.983,-3.921,-3.845,-3.825,-3.872,-3.904
360,4.9021,0.5130,3.5367,1.4475,1.3768,8.8000,-1.540,-1.527,-1.515,-1.554,-1.601,-1.600,-1.578,-1.596,-1.637,-1.639,-1.607,-1.601,-1.627,-1.627,-1.585,-1.555,-1.562,-1.557,-1.508,-1.459,-1.447,-1.438,-1.387,-1.325,-1.299,-1.288,-1.241,-1.174,-1.140,-1.132,-1.095,-1.029,-0.994,-0.997,-0.976,-0.921,-0.895,-0.923,-0.940,-0.917,-0.938,-1.062,-1.226,-1.403,-1.806,-2.734,-4.151,-5.038,-4.229,-2.761,-1.741,-1.248,-1.003,-0.803,-0.644,-0.566,-0.528,-0.474,-0.418,-0.393,-0.386,-0.366,-0.339,-0.330,-0.333,-0.328,-0.316,-0.316,-0.327,-0.332,-0.331,-0.340,-0.358,-0.373,-0.384,-0.402,-0.430,-0.458,-0.483,-0.516,-0.559,-0.605,-0.651,-0.707,-0.776,-0.852,-0.934,-1.030,-1.147,-1.282,-1.434,-1.614,-1.833,-2.097,-2.410,-2.795,-3.278,-3.890,-4.669,-5.687,-7.064,-8.988,-11.809,-16.266,-21.660,-16.839,-11.851,-8.702,-6.570,-5.052,-3.945,-3.131,-2.528,-2.076,-1.738,-1.496,-1.335,-1.243,-1.217,-1.268,-1.413,-1.666,-2.016,-2.421,-2.819,-3.208,-3.728,-4.675,-6.466,-9.693,-14.944,-15.449,-10.530,-7.434,-5.591,-4.418,-3.616,-3.042,-2.625,-2.310,-2.058,-1.850,-1.681,-1.543,-1.424,-1.319,-1.231,-1.160,-1.093,-1.016,-0.925,-0.826,-0.733,-0.663,-0.623,-0.610,-0.613,-0.626,-0.651,-0.689,-0.736,-0.789,-0.851,-0.925,-1.009,-1.100,-1.199,-1.312,-1.438,-1.572,-1.717,-1.881,-2.070,-2.288,-2.548,-2.870,-3.272,-3.766,-4.363,-5.082,-5.937,-6.928,-8.027,-9.163,-10.192,-10.871,-10.973,-10.499,-9.677,-8.755,-7.881,-7.105,-6.437,-5.880,-5.435,-5.091,-4.828,-4.639,-4.529,-4.503,-4.552
364,4.5915,0.4703,3.3489,1.7273,1.2201,3.6000,-0.463,-0.755,-1.015,-0.983,-0.707,-0.453,-0.355,-0.347,-0.331,-0.301,-0.294,-0.305,-0.306,-0.298,-0.299,-0.309,-0.313,-0.311,-0.314,-0.323,-0.328,-0.329,-0.333,-0.341,-0.347,-0.350,-0.355,-0.362,-0.369,-0.373,-0.378,-0.386,-0.394,-0.399,-0.405,-0.413,-0.422,-0.430,-0.437,-0.447,-0.459,-0.471,-0.486,-0.510,-0.538,-0.551,-0.546,-0.551,-0.600,-0.678,-0.725,-0.700,-0.632,-0.583,-0.572,-0.577,-0.577,-0.577,-0.586,-0.598,-0.605,-0.610,-0.622,-0.634,-0.643,-0.651,-0.663,-0.676,-0.686,-0.696,-0.710,-0.724,-0.736,-0.748,-0.764,-0.783,-0.799,-0.812,-0.818,-0.816,-0.814,-0.822,-0.838,-0.855,-0.867,-0.881,-0.899,-0.916,-0.930,-0.945,-0.964,-0.983,-0.998,-1.015,-1.035,-1.055,-1.072,-1.091,-1.115,-1.137,-1.157,-1.179,-1.206,-1.232,-1.256,-1.282,-1.314,-1.347,-1.376,-1.410,-1.451,-1.493,-1.532,-1.577,-1.632,-1.688,-1.743,-1.805,-1.878,-1.954,-2.026,-2.106,-2.200,-2.294,-2.383,-2.483,-2.604,-2.731,-2.858,-3.016,-3.223,-3.456,-3.711,-4.036,-4.421,-4.633,-4.403,-3.886,-3.531,-3.626,-4.211,-5.229,-6.712,-8.959,-12.763,-20.617,-21.895,-13.682,-9.859,-7.637,-6.234,-5.323,-4.712,-4.275,-3.952,-3.723,-3.565,-3.441,-3.340,-3.269,-3.227,-3.195,-3.166,-3.151,-3.156,-3.166,-3.173,-3.188,-3.221,-3.258,-3.290,-3.329,-3.384,-3.446,-3.504,-3.567,-3.649,-3.741,-3.831,-3.929,-4.050,-4.189,-4.332,-4.490,-4.684,-4.916,-5.174,-5.472,-5.847,-6.321,-6.902,-7.626,-8.580,-9.871,-11.614,-14.006,-17.499,-23.041,-27.226,-21.604,-17.661
368,5.4969,0.5569,3.4354,1.3000,1.0923,4.6000,-1.926,-1.839,-1.765,-1.694,-1.643,-1.585,-1.542,-1.498,-1.455,-1.423,-1.381,-1.352,-1.316,-1.283,-1.255,-1.219,-1.194,-1.159,-1.132,-1.104,-1.072,-1.049,-1.015,-0.993,-0.965,-0.939,-0.919,-0.890,-0.877,-0.853,-0.842,-0.833,-0.824,-0.840,-0.851,-0.914,-1.007,-1.222,-1.577,-1.973,-2.734,-3.125,-2.221,-1.438,-1.179,-0.943,-0.719,-0.585,-0.507,-0.459,-0.422,-0.403,-0.388,-0.386,-0.397,-0.425,-0.491,-0.609,-0.821,-1.041,-1.000,-0.740,-0.528,-0.403,-0.327,-0.284,-0.254,-0.237,-0.225,-0.218,-0.216,-0.214,-0.217,-0.221,-0.228,-0.238,-0.248,-0.262,-0.277,-0.297,-0.317,-0.341,-0.369,-0.399,-0.435,-0.473,-0.517,-0.566,-0.622,-0.685,-0.754,-0.834,-0.924,-1.025,-1.141,-1.271,-1.420,-1.587,-1.778,-1.991,-2.229,-2.489,-2.768,-3.056,-3.338,-3.596,-3.802,-3.938,-3.989,-3.958,-3.861,-3.721,-3.567,-3.419,-3.295,-3.207,-3.163,-3.172,-3.237,-3.370,-3.578,-3.878,-4.287,-4.826,-5.510,-6.309,-7.093,-7.515,-7.186,-6.147,-4.876,-3.763,-2.959,-2.509,-2.440,-2.886,-4.168,-6.891,-10.850,-9.189,-5.591,-3.626,-2.564,-1.949,-1.577,-1.334,-1.181,-1.078,-1.015,-0.979,-0.962,-0.964,-0.975,-1.001,-1.034,-1.077,-1.130,-1.188,-1.259,-1.334,-1.420,-1.515,-1.619,-1.737,-1.863,-2.007,-2.162,-2.336,-2.529,-2.742,-2.983,-3.249,-3.553,-3.894,-4.281,-4.729,-5.239,-5.840,-6.544,-7.387,-8.415,-9.671,-11.233,-13.097,-15.144,-17.021,-18.380,-19.340,-20.004,-20.326,-20.095,-19.276,-18.208,-17.106,-16.107,-15.307,-14.661,-14.213,-13.939,-13.822,-13.905
372,4.9417,0.4232,3.3436,1.8940,0.7581,5.4000,-2.233,-2.148,-2.088,-2.015,-1.964,-1.918,-1.864,-1.832,-1.787,-1.749,-1.721,-1.677,-1.650,-1.616,-1.576,-1.552,-1.510,-1.480,-1.449,-1.406,-1.381,-1.341,-1.306,-1.279,-1.235,-1.210,-1.175,-1.139,-1.120,-1.081,-1.062,-1.041,-1.014,-1.014,-0.996,-1.002,-1.024,-1.039,-1.120,-1.205,-1.375,-1.686,-2.114,-3.079,-4.134,-3.962,-4.148,-6.357,-9.196,-7.309,-4.460,-2.840,-1.975,-1.445,-1.123,-0.907,-0.745,-0.639,-0.550,-0.486,-0.445,-0.415,-0.424,-0.446,-0.421,-0.351,-0.286,-0.248,-0.216,-0.193,-0.178,-0.161,-0.151,-0.140,-0.131,-0.127,-0.119,-0.117,-0.115,-0.112,-0.114,-0.113,-0.117,-0.120,-0.124,-0.131,-0.137,-0.146,-0.157,-0.167,-0.181,-0.195,-0.211,-0.230,-0.249,-0.273,-0.298,-0.326,-0.359,-0.393,-0.433,-0.477,-0.527,-0.584,-0.647,-0.720,-0.802,-0.896,-1.002,-1.119,-1.250,-1.389,-1.530,-1.664,-1.776,-1.856,-1.893,-1.891,-1.862,-1.819,-1.783,-1.764,-1.770,-1.811,-1.886,-2.008,-2.181,-2.420,-2.748,-3.189,-3.793,-4.595,-5.526,-6.108,-5.453,-3.980,-2.856,-2.419,-2.453,-2.737,-3.306,-4.316,-5.934,-8.522,-13.070,-23.145,-16.844,-10.379,-7.056,-5.046,-3.747,-2.875,-2.274,-1.855,-1.557,-1.346,-1.197,-1.094,-1.026,-0.984,-0.965,-0.963,-0.976,-1.003,-1.041,-1.091,-1.152,-1.222,-1.304,-1.396,-1.499,-1.616,-1.743,-1.886,-2.042,-2.215,-2.408,-2.618,-2.853,-3.111,-3.396,-3.715,-4.064,-4.455,-4.888,-5.364,-5.895,-6.471,-7.095,-7.762,-8.437,-9.103,-9.699,-10.154,-10.436,-10.489,-10.334,-10.038,-9.635,-9.205,-8.791
376,4.2549,0.4513,2.6542,1.0236,0.7316,5.4000,-0.247,-0.268,-0.278,-0.328,-0.465,-0.612,-0.622,-0.482,-0.337,-0.285,-0.287,-0.277,-0.258,-0.260,-0.272,-0.270,-0.263,-0.271,-0.281,-0.280,-0.278,-0.287,-0.295,-0.295,-0.296,-0.305,-0.312,-0.313,-0.315,-0.324,-0.331,-0.332,-0.337,-0.346,-0.352,-0.354,-0.360,-0.369,-0.375,-0.379,-0.386,-0.396,-0.403,-0.410,-0.420,-0.429,-0.430,-0.429,-0.434,-0.443,-0.448,-0.453,-0.462,-0.472,-0.478,-0.484,-0.494,-0.504,-0.511,-0.518,-0.529,-0.541,-0.550,-0.562,-0.581,-0.604,-0.620,-0.628,-0.631,-0.631,-0.632,-0.638,-0.647,-0.653,-0.657,-0.663,-0.673,-0.685,-0.697,-0.712,-0.727,-0.738,-0.749,-0.762,-0.777,-0.788,-0.800,-0.814,-0.829,-0.841,-0.853,-0.869,-0.884,-0.897,-0.910,-0.927,-0.944,-0.957,-0.972,-0.990,-1.008,-1.022,-1.038,-1.058,-1.077,-1.093,-1.110,-1.133,-1.153,-1.170,-1.191,-1.216,-1.240,-1.259,-1.283,-1.313,-1.341,-1.364,-1.395,-1.434,-1.469,-1.501,-1.545,-1.602,-1.656,-1.711,-1.791,-1.896,-2.009,-2.142,-2.333,-2.584,-2.873,-3.263,-3.886,-4.697,-5.197,-4.854,-4.029,-3.402,-3.204,-3.332,-3.647,-4.139,-4.914,-6.092,-7.827,-10.469,-14.975,-25.290,-20.693,-13.669,-10.216,-8.093,-6.674,-5.704,-5.018,-4.499,-4.095,-3.796,-3.577,-3.400,-3.251,-3.144,-3.078,-3.027,-2.986,-2.971,-2.985,-3.007,-3.028,-3.063,-3.118,-3.174,-3.226,-3.293,-3.392,-3.513,-3.651,-3.827,-4.063,-4.354,-4.686,-5.068,-5.516,-6.020,-6.537,-7.025,-7.469,-7.850,-8.120,-8.235,-8.210,-8.106,-7.955,-7.745,-7.483,-7.223,-7.002,-6.790,-6.558
380,4.6575,0.5122,3.3256,0.8202,1.2446,8.4000,-1.587,-1.623,-1.630,-1.630,-1.657,-1.693,-1.703,-1.693,-1.699,-1.722,-1.728,-1.706,-1.687,-1.689,-1.685,-1.652,-1.611,-1.590,-1.575,-1.535,-1.479,-1.439,-1.415,-1.374,-1.312,-1.261,-1.232,-1.196,-1.137,-1.081,-1.053,-1.028,-0.978,-0.925,-0.902,-0.893,-0.860,-0.818,-0.811,-0.832,-0.836,-0.829,-0.877,-1.000,-1.148,-1.349,-1.788,-2.628,-3.652,-4.028,-3.288,-2.208,-1.450,-1.061,-0.847,-0.676,-0.546,-0.480,-0.444,-0.398,-0.353,-0.334,-0.328,-0.313,-0.293,-0.288,-0.293,-0.293,-0.287,-0.291,-0.304,-0.314,-0.321,-0.334,-0.355,-0.377,-0.396,-0.422,-0.456,-0.493,-0.531,-0.575,-0.629,-0.692,-0.759,-0.836,-0.930,-1.040,-1.165,-1.311,-1.489,-1.707,-1.972,-2.299,-2.716,-3.261,-3.983,-4.951,-6.267,-7.992,-9.686,-9.680,-7.603,-5.311,-3.604,-2.499,-1.852,-1.512,-1.376,-1.393,-1.541,-1.804,-2.172,-2.654,-3.281,-4.080,-5.080,-6.335,-7.938,-10.036,-12.861,-16.857,-22.091,-20.942,-15.974,-12.511,-10.056,-8.181,-6.681,-5.457,-4.450,-3.600,-2.862,-2.211,-1.654,-1.216,-0.912,-0.733,-0.638,-0.586,-0.557,-0.553,-0.574,-0.607,-0.643,-0.688,-0.746,-0.805,-0.856,-0.904,-0.953,-0.996,-1.025,-1.049,-1.084,-1.127,-1.178,-1.251,-1.366,-1.533,-1.760,-2.088,-2.580,-3.313,-4.413,-6.166,-9.197,-14.975,-18.620,-11.196,-7.184,-4.973,-3.681,-2.892,-2.395,-2.086,-1.905,-1.804,-1.760,-1.767,-1.816,-1.892,-1.992,-2.124,-2.284,-2.460,-2.651,-2.866,-3.103,-3.346,-3.585,-3.833,-4.091,-4.340,-4.572,-4.804,-5.051,-5.299,-5.524,-5.723,-5.904
384,5.1796,0.4615,2.8907,0.6784,1.0486,7.2000,-1.786,-1.760,-1.749,-1.770,-1.760,-1.730,-1.734,-1.738,-1.706,-1.686,-1.692,-1.670,-1.633,-1.628,-1.622,-1.585,-1.566,-1.572,-1.555,-1.534,-1.552,-1.576,-1.585,-1.636,-1.743,-1.867,-2.061,-2.432,-3.024,-4.005,-5.933,-9.832,-14.660,-9.873,-5.772,-3.692,-2.612,-1.964,-1.538,-1.273,-1.095,-0.947,-0.836,-0.769,-0.712,-0.657,-0.646,-0.685,-0.699,-0.625,-0.510,-0.441,-0.422,-0.410,-0.393,-0.391,-0.400,-0.405,-0.421,-0.463,-0.515,-0.600,-0.758,-0.920,-0.919,-0.742,-0.563,-0.482,-0.459,-0.450,-0.463,-0.496,-0.531,-0.574,-0.636,-0.706,-0.784,-0.885,-1.007,-1.145,-1.317,-1.532,-1.787,-2.100,-2.498,-2.991,-3.605,-4.392,-5.400,-6.688,-8.371,-10.630,-13.698,-17.807,-20.736,-17.663,-14.077,-11.527,-9.677,-8.312,-7.286,-6.479,-5.835,-5.335,-4.932,-4.596,-4.331,-4.124,-3.945,-3.801,-3.699,-3.610,-3.529,-3.473,-3.423,-3.356,-3.289,-3.217,-3.103,-2.962,-2.808,-2.613,-2.385,-2.169,-1.952,-1.728,-1.548,-1.417,-1.298,-1.228,-1.244,-1.300,-1.408,-1.685,-2.159,-2.899,-4.451,-7.725,-10.890,-7.512,-4.524,-3.285,-2.929,-2.818,-2.831,-2.964,-3.027,-2.963,-2.874,-2.729,-2.508,-2.316,-2.171,-2.018,-1.894,-1.837,-1.790,-1.746,-1.752,-1.782,-1.795,-1.832,-1.899,-1.950,-1.998,-2.085,-2.180,-2.270,-2.403,-2.582,-2.765,-2.978,-3.256,-3.558,-3.865,-4.228,-4.632,-5.017,-5.395,-5.795,-6.146,-6.395,-6.585,-6.714,-6.707,-6.587,-6.432,-6.223,-5.929,-5.627,-5.360,-5.073,-4.775,-4.539,-4.339,-4.125,-3.949,-3.842,-3.738,-3.638,-3.610
388,5.5489,0.4129,3.2562,0.4479,0.9329,4.0000,-1.502,-1.448,-1.419,-1.378,-1.350,-1.326,-1.293,-1.278,-1.246,-1.230,-1.207,-1.182,-1.168,-1.138,-1.125,-1.099,-1.078,-1.061,-1.032,-1.019,-0.990,-0.974,-0.953,-0.929,-0.918,-0.891,-0.887,-0.876,-0.890,-0.905,-0.854,-0.829,-0.812,-0.828,-0.864,-0.932,-1.111,-1.428,-2.167,-2.701,-2.012,-1.229,-0.892,-0.708,-0.616,-0.543,-0.493,-0.469,-0.441,-0.433,-0.422,-0.422,-0.430,-0.448,-0.486,-0.552,-0.670,-0.860,-1.062,-1.048,-0.819,-0.618,-0.497,-0.428,-0.392,-0.370,-0.363,-0.360,-0.365,-0.373,-0.384,-0.401,-0.418,-0.442,-0.467,-0.497,-0.530,-0.568,-0.611,-0.658,-0.713,-0.773,-0.840,-0.917,-1.002,-1.099,-1.208,-1.331,-1.471,-1.629,-1.809,-2.013,-2.245,-2.508,-2.804,-3.136,-3.502,-3.902,-4.324,-4.755,-5.172,-5.546,-5.847,-6.051,-6.151,-6.154,-6.091,-5.990,-5.885,-5.803,-5.764,-5.785,-5.878,-6.055,-6.324,-6.694,-7.164,-7.715,-8.288,-8.745,-8.881,-8.515,-7.675,-6.574,-5.445,-4.424,-3.569,-2.888,-2.363,-1.980,-1.720,-1.583,-1.579,-1.765,-2.282,-3.463,-6.017,-9.221,-7.347,-4.423,-2.863,-2.067,-1.639,-1.390,-1.243,-1.158,-1.108,-1.089,-1.086,-1.102,-1.128,-1.165,-1.213,-1.266,-1.332,-1.403,-1.484,-1.574,-1.671,-1.782,-1.901,-2.035,-2.181,-2.342,-2.524,-2.721,-2.947,-3.196,-3.479,-3.800,-4.163,-4.584,-5.063,-5.626,-6.283,-7.057,-7.987,-9.097,-10.454,-12.104,-14.079,-16.283,-18.017,-18.190,-17.156,-16.221,-16.174,-17.408,-20.033,-23.003,-21.918,-18.828,-16.497,-14.968,-14.043,-13.510,-13.327,-13.410,-13.723,-14.283,-15.002
392,5.2673,0.4035,3.2298,1.0765,0.7493,5.4000,-1.914,-1.847,-1.797,-1.752,-1.703,-1.672,-1.628,-1.598,-1.563,-1.527,-1.502,-1.462,-1.437,-1.402,-1.369,-1.342,-1.302,-1.278,-1.239,-1.209,-1.179,-1.141,-1.117,-1.077,-1.052,-1.020,-0.989,-0.968,-0.933,-0.920,-0.894,-0.882,-0.877,-0.870,-0.901,-0.927,-1.028,-1.191,-1.533,-1.986,-2.132,-2.519,-2.858,-2.126,-1.479,-1.237,-0.923,-0.698,-0.579,-0.497,-0.460,-0.426,-0.419,-0.426,-0.455,-0.534,-0.677,-0.955,-1.258,-1.196,-0.838,-0.569,-0.418,-0.325,-0.277,-0.238,-0.218,-0.202,-0.191,-0.187,-0.181,-0.182,-0.181,-0.185,-0.190,-0.196,-0.206,-0.214,-0.228,-0.241,-0.257,-0.276,-0.294,-0.319,-0.342,-0.371,-0.402,-0.436,-0.475,-0.515,-0.563,-0.614,-0.672,-0.736,-0.807,-0.888,-0.976,-1.078,-1.192,-1.321,-1.469,-1.635,-1.829,-2.048,-2.301,-2.590,-2.917,-3.288,-3.693,-4.126,-4.563,-4.971,-5.308,-5.532,-5.632,-5.617,-5.534,-5.433,-5.364,-5.371,-5.480,-5.728,-6.135,-6.731,-7.517,-8.405,-9.095,-9.021,-7.965,-6.416,-4.941,-3.778,-2.956,-2.453,-2.231,-2.304,-2.749,-3.766,-5.867,-10.081,-18.425,-13.115,-7.415,-4.649,-3.189,-2.346,-1.839,-1.521,-1.315,-1.189,-1.107,-1.066,-1.050,-1.055,-1.081,-1.117,-1.170,-1.234,-1.310,-1.399,-1.497,-1.611,-1.734,-1.873,-2.026,-2.193,-2.380,-2.581,-2.806,-3.051,-3.319,-3.615,-3.933,-4.285,-4.663,-5.071,-5.513,-5.974,-6.465,-6.963,-7.461,-7.949,-8.389,-8.781,-9.094,-9.320,-9.476,-9.549,-9.582,-9.583,-9.563,-9.564,-9.565,-9.605,-9.680,-9.790,-9.969,-10.186,-10.487,-10.859,-11.311
396,5.4737,0.6521,2.8470,0.9654,0.8521,5.2000,-2.276,-2.140,-2.033,-1.929,-1.844,-1.766,-1.692,-1.632,-1.568,-1.515,-1.462,-1.410,-1.367,-1.317,-1.277,-1.233,-1.192,-1.155,-1.112,-1.080,-1.040,-1.007,-0.974,-0.938,-0.912,-0.877,-0.853,-0.825,-0.800,-0.784,-0.760,-0.756,-0.746,-0.757,-0.788,-0.845,-0.999,-1.276,-1.901,-2.440,-1.935,-1.193,-0.837,-0.637,-0.534,-0.470,-0.422,-0.399,-0.369,-0.353,-0.337,-0.330,-0.332,-0.337,-0.363,-0.402,-0.487,-0.633,-0.885,-1.141,-1.066,-0.752,-0.510,-0.371,-0.291,-0.244,-0.214,-0.196,-0.183,-0.176,-0.172,-0.170,-0.171,-0.174,-0.179,-0.185,-0.193,-0.203,-0.214,-0.228,-0.242,-0.260,-0.278,-0.300,-0.323,-0.349,-0.378,-0.410,-0.445,-0.484,-0.527,-0.574,-0.626,-0.685,-0.749,-0.821,-0.901,-0.991,-1.093,-1.207,-1.337,-1.485,-1.655,-1.850,-2.077,-2.342,-2.652,-3.019,-3.451,-3.966,-4.576,-5.294,-6.125,-7.045,-7.986,-8.783,-9.209,-9.098,-8.521,-7.711,-6.874,-6.134,-5.531,-5.082,-4.777,-4.610,-4.569,-4.625,-4.729,-4.761,-4.573,-4.086,-3.436,-2.888,-2.643,-2.896,-3.937,-6.546,-11.861,-10.854,-6.071,-3.712,-2.509,-1.848,-1.463,-1.223,-1.078,-0.985,-0.933,-0.909,-0.902,-0.916,-0.938,-0.975,-1.020,-1.075,-1.140,-1.212,-1.295,-1.385,-1.486,-1.597,-1.717,-1.852,-1.996,-2.157,-2.332,-2.523,-2.735,-2.963,-3.217,-3.492,-3.793,-4.122,-4.475,-4.859,-5.266,-5.699,-6.151,-6.609,-7.070,-7.507,-7.908,-8.249,-8.507,-8.680,-8.753,-8.743,-8.668,-8.542,-8.400,-8.253,-8.125,-8.033,-7.979,-7.989,-8.058,-8.204,-8.441,-8.771,-9.231
400,5.4264,0.4102,2.8442,0.8966,1.0695,7.0000,-1.698,-1.683,-1.716,-1.729,-1.693,-1.672,-1.698,-1.710,-1.675,-1.648,-1.670,-1.684,-1.652,-1.628,-1.655,-1.685,-1.671,-1.671,-1.739,-1.831,-1.899,-2.018,-2.291,-2.715,-3.310,-4.392,-6.674,-11.640,-19.293,-10.503,-5.966,-3.813,-2.742,-2.120,-1.680,-1.386,-1.212,-1.083,-0.956,-0.860,-0.810,-0.769,-0.713,-0.681,-0.715,-0.783,-0.795,-0.712,-0.586,-0.498,-0.476,-0.483,-0.478,-0.465,-0.478,-0.520,-0.558,-0.597,-0.706,-0.916,-1.120,-1.132,-0.932,-0.696,-0.574,-0.567,-0.594,-0.617,-0.661,-0.740,-0.835,-0.935,-1.060,-1.228,-1.434,-1.676,-1.978,-2.371,-2.867,-3.483,-4.268,-5.288,-6.603,-8.283,-10.451,-13.269,-16.535,-18.171,-16.376,-13.772,-11.631,-10.024,-8.828,-7.907,-7.170,-6.589,-6.139,-5.775,-5.467,-5.217,-5.026,-4.869,-4.726,-4.609,-4.525,-4.449,-4.367,-4.294,-4.233,-4.159,-4.058,-3.947,-3.830,-3.678,-3.486,-3.282,-3.071,-2.833,-2.573,-2.332,-2.113,-1.895,-1.685,-1.520,-1.400,-1.290,-1.195,-1.160,-1.183,-1.217,-1.280,-1.456,-1.770,-2.190,-2.863,-4.235,-6.751,-9.209,-7.626,-4.912,-3.369,-2.808,-2.734,-2.781,-2.893,-3.106,-3.291,-3.293,-3.163,-3.013,-2.834,-2.607,-2.412,-2.302,-2.234,-2.162,-2.125,-2.156,-2.212,-2.254,-2.312,-2.425,-2.559,-2.678,-2.817,-3.020,-3.264,-3.507,-3.772,-4.103,-4.480,-4.842,-5.192,-5.576,-5.982,-6.333,-6.604,-6.847,-7.073,-7.208,-7.212,-7.151,-7.075,-6.934,-6.690,-6.413,-6.174,-5.939,-5.658,-5.383,-5.183,-5.027,-4.851,-4.690,-4.614,-4.599,-4.575,-4.565,-4.652,-4.825,-5.002
404,5.2871,0.4903,3.8370,1.7640,0.6024,7.8000,-1.853,-1.844,-1.843,-1.883,-1.917,-1.909,-1.905,-1.941,-1.978,-1.974,-1.971,-2.012,-2.063,-2.081,-2.101,-2.177,-2.289,-2.392,-2.517,-2.740,-3.079,-3.502,-4.037,-4.769,-5.705,-6.627,-7.085,-6.784,-5.987,-5.168,-4.546,-4.082,-3.756,-3.807,-4.603,-6.244,-7.574,-6.468,-4.370,-2.957,-2.269,-1.904,-1.588,-1.330,-1.190,-1.100,-0.984,-0.872,-0.814,-0.774,-0.707,-0.642,-0.612,-0.591,-0.548,-0.506,-0.493,-0.483,-0.453,-0.428,-0.427,-0.427,-0.409,-0.398,-0.411,-0.423,-0.417,-0.424,-0.458,-0.489,-0.507,-0.547,-0.625,-0.706,-0.787,-0.929,-1.158,-1.445,-1.839,-2.523,-3.504,-4.115,-3.522,-2.309,-1.387,-0.963,-0.863,-0.882,-0.961,-1.132,-1.375,-1.624,-1.867,-2.135,-2.411,-2.642,-2.836,-3.051,-3.294,-3.542,-3.867,-4.452,-5.475,-6.990,-8.929,-11.286,-14.561,-20.001,-19.340,-12.625,-8.495,-5.875,-4.152,-3.010,-2.261,-1.774,-1.451,-1.233,-1.096,-1.024,-0.996,-0.993,-1.022,-1.089,-1.183,-1.290,-1.423,-1.606,-1.852,-2.226,-2.893,-3.997,-5.283,-5.674,-4.633,-3.234,-2.208,-1.596,-1.237,-1.010,-0.880,-0.826,-0.812,-0.817,-0.850,-0.914,-0.995,-1.087,-1.204,-1.351,-1.519,-1.709,-1.934,-2.199,-2.492,-2.805,-3.137,-3.463,-3.731,-3.901,-3.956,-3.891,-3.721,-3.499,-3.276,-3.077,-2.912,-2.794,-2.732,-2.718,-2.744,-2.813,-2.929,-3.088,-3.280,-3.510,-3.787,-4.104,-4.449,-4.820,-5.217,-5.622,-5.999,-6.317,-6.557,-6.694,-6.705,-6.595,-6.403,-6.180,-5.960,-5.768,-5.630,-5.576,-5.612,-5.722,-5.895,-6.135,-6.429,-6.740,-7.042
408,5.3600,0.5556,2.9684,0.5955,0.6256,6.8000,-1.830,-1.844,-1.828,-1.775,-1.797,-1.753,-1.725,-1.737,-1.681,-1.680,-1.672,-1.627,-1.648,-1.628,-1.618,-1.658,-1.654,-1.708,-1.793,-1.873,-2.069,-2.329,-2.725,-3.451,-4.629,-6.862,-11.815,-32.211,-12.400,-6.927,-4.504,-3.173,-2.362,-1.910,-1.565,-1.332,-1.209,-1.061,-1.008,-0.988,-0.945,-1.070,-1.217,-1.637,-2.712,-3.221,-2.558,-1.994,-1.473,-0.944,-0.736,-0.670,-0.602,-0.631,-0.705,-0.829,-1.188,-1.623,-1.500,-0.953,-0.641,-0.552,-0.490,-0.495,-0.519,-0.542,-0.604,-0.666,-0.748,-0.863,-0.990,-1.164,-1.382,-1.650,-2.008,-2.453,-3.024,-3.752,-4.636,-5.697,-6.866,-7.994,-8.880,-9.284,-9.228,-8.868,-8.398,-7.963,-7.591,-7.321,-7.146,-7.049,-7.043,-7.101,-7.224,-7.411,-7.637,-7.904,-8.186,-8.453,-8.681,-8.809,-8.804,-8.634,-8.284,-7.793,-7.192,-6.536,-5.870,-5.218,-4.610,-4.052,-3.548,-3.104,-2.712,-2.370,-2.077,-1.821,-1.604,-1.420,-1.261,-1.131,-1.020,-0.929,-0.859,-0.800,-0.760,-0.736,-0.722,-0.733,-0.758,-0.806,-0.898,-1.027,-1.256,-1.649,-2.355,-3.719,-5.233,-5.196,-4.404,-4.149,-4.275,-4.523,-4.703,-4.587,-4.260,-3.835,-3.419,-3.100,-2.850,-2.682,-2.584,-2.515,-2.491,-2.482,-2.486,-2.523,-2.569,-2.645,-2.750,-2.864,-3.015,-3.182,-3.364,-3.580,-3.800,-4.042,-4.306,-4.563,-4.838,-5.108,-5.353,-5.595,-5.791,-5.942,-6.059,-6.102,-6.097,-6.051,-5.940,-5.812,-5.660,-5.479,-5.315,-5.142,-4.973,-4.837,-4.699,-4.588,-4.509,-4.431,-4.399,-4.385,-4.388,-4.442,-4.505,-4.608,-4.760,-4.925,-5.159
412,4.8207,0.4211,3.2741,1.0651,1.0457,6.6000,-1.937,-1.967,-1.987,-1.988,-2.013,-2.037,-2.037,-2.052,-2.077,-2.078,-2.083,-2.107,-2.115,-2.116,-2.144,-2.168,-2.183,-2.228,-2.293,-2.356,-2.459,-2.618,-2.811,-3.075,-3.468,-3.992,-4.676,-5.586,-6.683,-7.687,-8.114,-7.695,-6.728,-5.636,-4.672,-3.948,-3.392,-2.852,-2.350,-1.993,-1.742,-1.530,-1.387,-1.284,-1.172,-1.169,-1.352,-1.476,-1.303,-1.013,-0.871,-0.916,-1.022,-1.003,-0.813,-0.620,-0.540,-0.503,-0.453,-0.424,-0.414,-0.391,-0.376,-0.376,-0.369,-0.366,-0.376,-0.386,-0.398,-0.425,-0.459,-0.500,-0.563,-0.646,-0.751,-0.896,-1.086,-1.318,-1.593,-1.880,-2.118,-2.264,-2.302,-2.250,-2.158,-2.060,-1.972,-1.905,-1.864,-1.844,-1.845,-1.868,-1.909,-1.968,-2.048,-2.145,-2.263,-2.405,-2.571,-2.765,-2.993,-3.258,-3.567,-3.931,-4.356,-4.853,-5.434,-6.105,-6.864,-7.683,-8.477,-9.085,-9.283,-8.928,-8.110,-7.057,-5.971,-4.974,-4.106,-3.372,-2.769,-2.278,-1.878,-1.561,-1.311,-1.114,-0.970,-0.874,-0.817,-0.809,-0.854,-0.922,-0.981,-1.002,-0.974,-0.966,-1.057,-1.250,-1.675,-2.633,-4.069,-5.009,-4.880,-4.590,-4.556,-4.541,-4.470,-4.357,-4.124,-3.832,-3.562,-3.288,-3.033,-2.842,-2.674,-2.527,-2.432,-2.358,-2.292,-2.266,-2.259,-2.251,-2.275,-2.319,-2.359,-2.425,-2.516,-2.603,-2.711,-2.851,-2.990,-3.146,-3.343,-3.544,-3.760,-4.022,-4.300,-4.585,-4.921,-5.282,-5.638,-6.033,-6.454,-6.840,-7.215,-7.588,-7.867,-8.039,-8.145,-8.118,-7.923,-7.644,-7.291,-6.820,-6.304,-5.800,-5.260,-4.708,-4.222,-3.770,-3.337
416,4.9757,0.4620,3.4498,1.2370,1.3136,7.8000,-1.578,-1.615,-1.617,-1.612,-1.644,-1.655,-1.642,-1.659,-1.674,-1.655,-1.655,-1.667,-1.645,-1.627,-1.630,-1.609,-1.576,-1.568,-1.547,-1.506,-1.487,-1.469,-1.426,-1.399,-1.385,-1.348,-1.319,-1.314,-1.294,-1.276,-1.292,-1.308,-1.329,-1.405,-1.520,-1.680,-1.989,-2.515,-3.402,-5.102,-7.904,-9.099,-6.368,-3.971,-2.652,-1.912,-1.452,-1.170,-0.980,-0.836,-0.737,-0.662,-0.596,-0.549,-0.513,-0.476,-0.452,-0.435,-0.414,-0.402,-0.397,-0.387,-0.384,-0.390,-0.391,-0.397,-0.416,-0.430,-0.447,-0.482,-0.516,-0.553,-0.614,-0.684,-0.761,-0.881,-1.036,-1.223,-1.515,-1.951,-2.573,-3.579,-4.832,-4.898,-3.369,-1.945,-1.219,-0.938,-0.829,-0.831,-0.920,-1.032,-1.170,-1.354,-1.553,-1.762,-2.007,-2.268,-2.531,-2.820,-3.130,-3.441,-3.782,-4.177,-4.630,-5.206,-6.029,-7.254,-9.204,-12.498,-16.615,-14.132,-9.884,-7.252,-5.677,-4.683,-4.010,-3.546,-3.217,-2.956,-2.746,-2.597,-2.487,-2.419,-2.437,-2.534,-2.683,-2.907,-3.181,-3.387,-3.435,-3.285,-3.141,-3.643,-5.496,-8.122,-7.287,-4.748,-3.372,-2.830,-2.550,-2.397,-2.361,-2.314,-2.242,-2.194,-2.118,-2.001,-1.900,-1.794,-1.664,-1.557,-1.467,-1.367,-1.290,-1.239,-1.183,-1.142,-1.131,-1.118,-1.111,-1.134,-1.158,-1.181,-1.232,-1.290,-1.342,-1.416,-1.504,-1.581,-1.674,-1.784,-1.879,-1.979,-2.097,-2.200,-2.298,-2.419,-2.538,-2.654,-2.806,-2.980,-3.157,-3.375,-3.633,-3.891,-4.166,-4.477,-4.770,-5.027,-5.284,-5.500,-5.626,-5.704,-5.746,-5.698,-5.587,-5.477,-5.331,-5.134,-4.961
420,4.6201,0.6016,2.7317,1.8272,0.7663,5.6000,-2.316,-2.397,-2.457,-2.502,-2.540,-2.552,-2.558,-2.549,-2.524,-2.499,-2.457,-2.414,-2.366,-2.309,-2.257,-2.194,-2.134,-2.073,-2.006,-1.947,-1.878,-1.817,-1.753,-1.687,-1.629,-1.564,-1.507,-1.448,-1.390,-1.340,-1.283,-1.238,-1.190,-1.147,-1.112,-1.074,-1.054,-1.032,-1.032,-1.052,-1.098,-1.223,-1.441,-1.897,-2.491,-2.595,-2.073,-1.417,-0.964,-0.740,-0.611,-0.526,-0.473,-0.428,-0.398,-0.374,-0.354,-0.344,-0.336,-0.337,-0.347,-0.367,-0.410,-0.476,-0.599,-0.811,-1.175,-1.665,-1.783,-1.340,-0.901,-0.677,-0.587,-0.606,-0.704,-0.867,-1.006,-0.980,-0.796,-0.582,-0.418,-0.302,-0.224,-0.171,-0.132,-0.105,-0.084,-0.070,-0.058,-0.050,-0.045,-0.040,-0.038,-0.037,-0.038,-0.039,-0.041,-0.044,-0.048,-0.053,-0.059,-0.065,-0.073,-0.080,-0.089,-0.099,-0.110,-0.121,-0.134,-0.147,-0.162,-0.177,-0.195,-0.213,-0.234,-0.256,-0.279,-0.307,-0.335,-0.368,-0.405,-0.446,-0.494,-0.547,-0.612,-0.686,-0.773,-0.871,-0.971,-1.069,-1.150,-1.236,-1.340,-1.499,-1.751,-2.119,-2.544,-2.400,-1.676,-1.226,-1.149,-1.208,-1.362,-1.556,-1.803,-2.111,-2.486,-2.974,-3.595,-4.433,-5.586,-7.243,-9.812,-14.265,-25.182,-18.298,-11.261,-7.643,-5.435,-3.984,-3.007,-2.339,-1.869,-1.546,-1.315,-1.157,-1.052,-0.981,-0.946,-0.929,-0.937,-0.960,-0.997,-1.053,-1.115,-1.195,-1.280,-1.377,-1.483,-1.592,-1.717,-1.842,-1.983,-2.135,-2.299,-2.486,-2.685,-2.916,-3.168,-3.452,-3.775,-4.128,-4.539,-4.986,-5.497,-6.070,-6.694,-7.403,-8.148,-8.951,-9.764
424,5.4050,0.7681,3.4375,0.5945,0.6324,4.4000,-1.799,-1.703,-1.622,-1.547,-1.489,-1.429,-1.382,-1.336,-1.291,-1.255,-1.214,-1.182,-1.146,-1.113,-1.083,-1.049,-1.023,-0.990,-0.963,-0.935,-0.906,-0.883,-0.852,-0.830,-0.803,-0.779,-0.758,-0.732,-0.716,-0.691,-0.676,-0.659,-0.642,-0.637,-0.625,-0.633,-0.647,-0.692,-0.811,-0.939,-0.967,-1.003,-1.299,-1.477,-1.218,-0.976,-0.772,-0.546,-0.442,-0.378,-0.338,-0.319,-0.296,-0.290,-0.279,-0.279,-0.280,-0.287,-0.305,-0.331,-0.384,-0.463,-0.564,-0.588,-0.483,-0.362,-0.287,-0.247,-0.227,-0.217,-0.214,-0.214,-0.219,-0.224,-0.232,-0.243,-0.253,-0.267,-0.281,-0.298,-0.316,-0.335,-0.357,-0.380,-0.407,-0.434,-0.465,-0.499,-0.534,-0.574,-0.616,-0.663,-0.713,-0.769,-0.829,-0.894,-0.966,-1.044,-1.130,-1.225,-1.328,-1.441,-1.565,-1.701,-1.847,-2.006,-2.174,-2.349,-2.529,-2.705,-2.873,-3.024,-3.151,-3.254,-3.333,-3.398,-3.459,-3.534,-3.634,-3.776,-3.975,-4.241,-4.593,-5.038,-5.588,-6.225,-6.884,-7.390,-7.452,-6.872,-5.787,-4.570,-3.508,-2.750,-2.357,-2.382,-2.971,-4.445,-7.515,-12.468,-11.748,-8.191,-6.141,-4.699,-3.556,-2.701,-2.097,-1.683,-1.397,-1.202,-1.070,-0.983,-0.930,-0.901,-0.893,-0.899,-0.920,-0.952,-0.994,-1.046,-1.106,-1.175,-1.253,-1.340,-1.436,-1.542,-1.659,-1.787,-1.929,-2.084,-2.256,-2.446,-2.656,-2.891,-3.151,-3.444,-3.771,-4.142,-4.561,-5.037,-5.582,-6.206,-6.925,-7.754,-8.714,-9.820,-11.086,-12.500,-13.981,-15.314,-16.100,-16.015,-15.215,-14.108,-13.000,-12.025,-11.211,-10.567,-10.075,-9.724,-9.509
428,5.4989,0.4506,3.8431,0.9093,0.9532,7.8000,-1.771,-1.832,-1.847,-1.801,-1.792,-1.855,-1.902,-1.877,-1.863,-1.941,-2.052,-2.107,-2.159,-2.345,-2.690,-3.119,-3.692,-4.725,-6.656,-9.762,-12.132,-9.753,-6.704,-4.770,-3.705,-3.149,-2.792,-2.517,-2.507,-3.069,-4.283,-5.446,-5.078,-3.537,-2.266,-1.638,-1.399,-1.218,-1.010,-0.874,-0.831,-0.787,-0.701,-0.632,-0.614,-0.600,-0.554,-0.511,-0.502,-0.502,-0.477,-0.450,-0.450,-0.460,-0.451,-0.438,-0.448,-0.471,-0.479,-0.483,-0.509,-0.551,-0.584,-0.616,-0.672,-0.754,-0.836,-0.927,-1.062,-1.249,-1.474,-1.758,-2.178,-2.802,-3.706,-5.111,-7.569,-12.007,-14.482,-8.971,-5.228,-3.191,-2.144,-1.657,-1.477,-1.489,-1.650,-1.904,-2.174,-2.414,-2.624,-2.813,-2.990,-3.200,-3.512,-3.992,-4.718,-5.819,-7.475,-9.837,-12.722,-14.736,-14.222,-12.488,-10.665,-8.832,-6.999,-5.311,-3.913,-2.860,-2.118,-1.614,-1.275,-1.052,-0.913,-0.832,-0.785,-0.767,-0.780,-0.816,-0.864,-0.929,-1.019,-1.131,-1.247,-1.368,-1.510,-1.680,-1.907,-2.288,-2.965,-3.936,-4.767,-4.715,-3.818,-2.815,-2.102,-1.686,-1.452,-1.322,-1.279,-1.313,-1.398,-1.519,-1.687,-1.919,-2.210,-2.554,-2.958,-3.416,-3.874,-4.228,-4.385,-4.309,-4.041,-3.679,-3.327,-3.047,-2.849,-2.722,-2.662,-2.668,-2.733,-2.840,-2.987,-3.182,-3.431,-3.727,-4.074,-4.494,-5.014,-5.657,-6.457,-7.477,-8.791,-10.411,-12.172,-13.603,-14.135,-13.758,-12.946,-12.065,-11.264,-10.572,-9.965,-9.413,-8.913,-8.475,-8.090,-7.735,-7.405,-7.116,-6.873,-6.655,-6.450,-6.273,-6.137,-6.024,-5.917,-5.829,-5.779
432,5.3239,0.8566,3.3165,0.6402,0.8573,4.2000,-1.988,-1.845,-1.733,-1.631,-1.553,-1.479,-1.417,-1.362,-1.308,-1.265,-1.218,-1.180,-1.142,-1.103,-1.072,-1.034,-1.005,-0.972,-0.942,-0.915,-0.883,-0.859,-0.828,-0.804,-0.779,-0.752,-0.732,-0.705,-0.686,-0.663,-0.644,-0.629,-0.608,-0.601,-0.586,-0.586,-0.590,-0.611,-0.675,-0.798,-1.102,-1.266,-1.008,-0.814,-0.760,-0.657,-0.649,-0.693,-0.604,-0.448,-0.353,-0.310,-0.281,-0.267,-0.256,-0.250,-0.247,-0.245,-0.249,-0.254,-0.267,-0.288,-0.323,-0.377,-0.443,-0.465,-0.399,-0.312,-0.259,-0.231,-0.219,-0.215,-0.216,-0.221,-0.227,-0.236,-0.245,-0.257,-0.270,-0.285,-0.301,-0.318,-0.337,-0.357,-0.380,-0.403,-0.429,-0.457,-0.487,-0.520,-0.554,-0.592,-0.633,-0.676,-0.723,-0.774,-0.829,-0.889,-0.954,-1.024,-1.100,-1.183,-1.273,-1.372,-1.480,-1.596,-1.723,-1.859,-2.005,-2.160,-2.321,-2.486,-2.651,-2.812,-2.964,-3.105,-3.237,-3.364,-3.495,-3.641,-3.819,-4.041,-4.325,-4.682,-5.125,-5.646,-6.204,-6.682,-6.850,-6.483,-5.585,-4.453,-3.405,-2.628,-2.207,-2.191,-2.702,-4.024,-6.827,-12.076,-12.321,-7.463,-4.854,-3.518,-2.776,-2.288,-1.905,-1.594,-1.350,-1.169,-1.039,-0.951,-0.894,-0.862,-0.849,-0.850,-0.864,-0.889,-0.922,-0.964,-1.013,-1.070,-1.134,-1.205,-1.284,-1.370,-1.465,-1.570,-1.685,-1.811,-1.950,-2.104,-2.274,-2.464,-2.676,-2.915,-3.184,-3.489,-3.839,-4.240,-4.706,-5.249,-5.890,-6.651,-7.566,-8.679,-10.054,-11.786,-14.015,-16.930,-20.428,-21.977,-19.317,-16.192,-13.803,-12.035,-10.713,-9.721,-8.982,-8.442,-8.068
436,4.3948,0.4544,3.0392,1.4792,0.6905,5.8000,-0.418,-0.599,-0.657,-0.544,-0.386,-0.299,-0.280,-0.271,-0.253,-0.248,-0.259,-0.263,-0.254,-0.251,-0.265,-0.274,-0.269,-0.265,-0.275,-0.288,-0.289,-0.283,-0.288,-0.303,-0.309,-0.304,-0.306,-0.319,-0.329,-0.328,-0.326,-0.336,-0.350,-0.354,-0.351,-0.356,-0.371,-0.380,-0.379,-0.381,-0.394,-0.409,-0.413,-0.414,-0.424,-0.438,-0.443,-0.441,-0.447,-0.468,-0.487,-0.497,-0.516,-0.567,-0.642,-0.697,-0.701,-0.664,-0.620,-0.591,-0.580,-0.579,-0.582,-0.586,-0.590,-0.595,-0.605,-0.615,-0.622,-0.625,-0.631,-0.642,-0.655,-0.666,-0.677,-0.691,-0.706,-0.717,-0.726,-0.739,-0.755,-0.768,-0.778,-0.790,-0.806,-0.823,-0.835,-0.845,-0.861,-0.880,-0.895,-0.907,-0.921,-0.941,-0.960,-0.973,-0.987,-1.007,-1.029,-1.047,-1.060,-1.079,-1.104,-1.126,-1.142,-1.159,-1.186,-1.215,-1.236,-1.254,-1.281,-1.317,-1.349,-1.372,-1.402,-1.447,-1.496,-1.536,-1.578,-1.642,-1.725,-1.808,-1.887,-1.988,-2.125,-2.273,-2.410,-2.562,-2.782,-3.084,-3.441,-3.898,-4.625,-5.823,-7.409,-8.438,-7.724,-6.187,-5.067,-4.686,-5.029,-6.068,-7.883,-10.757,-15.468,-25.144,-23.803,-16.152,-12.220,-9.562,-7.676,-6.389,-5.531,-4.918,-4.425,-4.031,-3.755,-3.573,-3.423,-3.275,-3.154,-3.087,-3.051,-3.008,-2.957,-2.932,-2.945,-2.968,-2.977,-2.990,-3.037,-3.119,-3.208,-3.294,-3.402,-3.561,-3.766,-3.989,-4.228,-4.507,-4.847,-5.230,-5.612,-5.957,-6.261,-6.528,-6.740,-6.850,-6.836,-6.732,-6.605,-6.484,-6.341,-6.151,-5.943,-5.777,-5.663,-5.546,-5.392,-5.243,-5.152
440,5.4786,0.8874,3.0673,0.5525,0.8309,5.2000,-2.297,-2.122,-1.967,-1.848,-1.732,-1.641,-1.556,-1.476,-1.413,-1.343,-1.290,-1.233,-1.181,-1.138,-1.086,-1.049,-1.003,-0.966,-0.930,-0.890,-0.861,-0.822,-0.794,-0.762,-0.732,-0.709,-0.677,-0.659,-0.632,-0.614,-0.597,-0.578,-0.576,-0.565,-0.580,-0.600,-0.659,-0.789,-1.042,-1.541,-1.728,-1.244,-0.800,-0.603,-0.482,-0.405,-0.351,-0.320,-0.300,-0.285,-0.279,-0.278,-0.285,-0.306,-0.342,-0.415,-0.548,-0.795,-1.157,-1.251,-0.916,-0.588,-0.408,-0.302,-0.247,-0.210,-0.188,-0.175,-0.165,-0.162,-0.158,-0.160,-0.162,-0.167,-0.174,-0.181,-0.192,-0.202,-0.216,-0.231,-0.248,-0.268,-0.289,-0.314,-0.340,-0.371,-0.405,-0.442,-0.485,-0.532,-0.586,-0.646,-0.714,-0.792,-0.881,-0.985,-1.104,-1.244,-1.408,-1.604,-1.839,-2.124,-2.475,-2.910,-3.459,-4.162,-5.073,-6.277,-7.897,-10.122,-13.187,-16.715,-16.840,-13.459,-10.502,-8.389,-6.888,-5.810,-5.035,-4.482,-4.100,-3.853,-3.719,-3.679,-3.716,-3.805,-3.893,-3.901,-3.734,-3.357,-2.852,-2.371,-2.061,-2.035,-2.350,-2.711,-2.616,-2.198,-1.812,-1.533,-1.348,-1.225,-1.146,-1.097,-1.068,-1.058,-1.058,-1.070,-1.089,-1.116,-1.150,-1.189,-1.235,-1.285,-1.342,-1.405,-1.472,-1.546,-1.623,-1.709,-1.799,-1.897,-2.001,-2.112,-2.234,-2.363,-2.505,-2.660,-2.830,-3.021,-3.231,-3.472,-3.745,-4.064,-4.444,-4.902,-5.474,-6.195,-7.126,-8.330,-9.859,-11.741,-13.870,-15.958,-17.464,-17.972,-17.682,-16.986,-16.186,-15.343,-14.498,-13.665,-12.830,-12.034,-11.259,-10.526,-9.843,-9.197,-8.610,-8.062,-7.564
444,5.3867,0.6873,3.3501,1.6452,1.1913,7.2000,-1.970,-1.940,-1.948,-1.930,-1.904,-1.908,-1.879,-1.858,-1.856,-1.820,-1.806,-1.797,-1.762,-1.758,-1.746,-1.722,-1.734,-1.730,-1.734,-1.776,-1.807,-1.875,-1.995,-2.137,-2.384,-2.762,-3.324,-4.290,-5.945,-9.014,-16.161,-20.634,-10.432,-6.454,-4.403,-3.240,-2.488,-2.004,-1.691,-1.433,-1.271,-1.160,-1.044,-1.022,-1.016,-1.057,-1.358,-1.672,-1.814,-1.993,-1.803,-1.174,-0.793,-0.679,-0.565,-0.516,-0.503,-0.466,-0.476,-0.487,-0.503,-0.575,-0.667,-0.844,-1.095,-1.135,-0.895,-0.642,-0.511,-0.453,-0.425,-0.424,-0.436,-0.456,-0.489,-0.530,-0.581,-0.647,-0.725,-0.822,-0.943,-1.090,-1.276,-1.510,-1.805,-2.185,-2.672,-3.305,-4.131,-5.202,-6.589,-8.330,-10.341,-12.122,-12.580,-11.496,-9.882,-8.405,-7.212,-6.274,-5.546,-4.978,-4.531,-4.185,-3.911,-3.698,-3.537,-3.413,-3.327,-3.269,-3.232,-3.221,-3.222,-3.235,-3.258,-3.273,-3.282,-3.268,-3.214,-3.122,-2.969,-2.763,-2.516,-2.228,-1.941,-1.661,-1.403,-1.198,-1.025,-0.902,-0.840,-0.808,-0.850,-0.963,-1.152,-1.558,-2.263,-3.737,-6.923,-8.666,-5.347,-3.289,-2.554,-2.241,-2.165,-2.212,-2.230,-2.278,-2.282,-2.227,-2.181,-2.086,-1.996,-1.930,-1.847,-1.806,-1.783,-1.761,-1.789,-1.818,-1.865,-1.952,-2.032,-2.145,-2.282,-2.414,-2.591,-2.782,-2.984,-3.245,-3.515,-3.823,-4.195,-4.574,-5.010,-5.501,-5.984,-6.523,-7.070,-7.557,-8.045,-8.435,-8.669,-8.824,-8.810,-8.632,-8.414,-8.082,-7.684,-7.320,-6.893,-6.469,-6.093,-5.667,-5.282,-4.929,-4.540,-4.220,-3.912,-3.598,-3.367
448,5.1216,0.4635,3.3100,1.3178,0.6859,7.0000,-1.873,-1.883,-1.874,-1.888,-1.905,-1.895,-1.896,-1.913,-1.906,-1.896,-1.909,-1.909,-1.893,-1.902,-1.914,-1.906,-1.917,-1.952,-1.973,-2.010,-2.094,-2.192,-2.316,-2.529,-2.833,-3.239,-3.865,-4.845,-6.291,-8.442,-11.350,-12.806,-10.564,-7.871,-6.074,-5.251,-4.985,-4.353,-3.181,-2.239,-1.785,-1.526,-1.285,-1.139,-1.050,-0.952,-0.960,-1.071,-1.050,-0.856,-0.704,-0.640,-0.580,-0.534,-0.519,-0.494,-0.478,-0.496,-0.515,-0.572,-0.716,-0.814,-0.716,-0.532,-0.422,-0.383,-0.361,-0.354,-0.362,-0.372,-0.390,-0.419,-0.452,-0.495,-0.553,-0.621,-0.708,-0.820,-0.958,-1.131,-1.354,-1.631,-1.974,-2.395,-2.889,-3.436,-3.999,-4.508,-4.887,-5.102,-5.154,-5.080,-4.946,-4.794,-4.649,-4.538,-4.469,-4.438,-4.455,-4.525,-4.642,-4.813,-5.051,-5.354,-5.731,-6.203,-6.768,-7.419,-8.144,-8.850,-9.348,-9.417,-8.897,-7.895,-6.704,-5.527,-4.472,-3.594,-2.881,-2.305,-1.856,-1.512,-1.238,-1.027,-0.875,-0.755,-0.663,-0.607,-0.571,-0.543,-0.543,-0.563,-0.584,-0.637,-0.735,-0.855,-1.039,-1.338,-1.751,-2.472,-3.948,-6.071,-6.767,-5.433,-4.329,-3.897,-3.719,-3.626,-3.618,-3.565,-3.419,-3.260,-3.071,-2.843,-2.651,-2.495,-2.344,-2.235,-2.176,-2.127,-2.102,-2.124,-2.159,-2.203,-2.290,-2.398,-2.509,-2.656,-2.837,-3.021,-3.234,-3.493,-3.763,-4.051,-4.389,-4.747,-5.101,-5.486,-5.885,-6.241,-6.559,-6.848,-7.042,-7.111,-7.100,-7.002,-6.785,-6.501,-6.206,-5.873,-5.509,-5.175,-4.863,-4.537,-4.238,-3.982,-3.722,-3.468,-3.257,-3.053,-2.838
452,5.4034,0.7443,2.8386,1.0927,0.8835,7.0000,-1.959,-1.937,-1.932,-1.897,-1.859,-1.849,-1.824,-1.779,-1.757,-1.741,-1.699,-1.667,-1.656,-1.628,-1.594,-1.588,-1.582,-1.562,-1.570,-1.603,-1.627,-1.682,-1.801,-1.957,-2.191,-2.616,-3.316,-4.508,-6.876,-12.047,-18.181,-9.815,-5.693,-3.708,-2.646,-1.997,-1.585,-1.320,-1.127,-0.978,-0.872,-0.790,-0.720,-0.665,-0.628,-0.602,-0.577,-0.536,-0.483,-0.447,-0.434,-0.422,-0.406,-0.403,-0.406,-0.403,-0.412,-0.441,-0.470,-0.526,-0.652,-0.770,-0.737,-0.584,-0.472,-0.452,-0.462,-0.474,-0.510,-0.558,-0.607,-0.670,-0.754,-0.847,-0.958,-1.101,-1.271,-1.476,-1.737,-2.062,-2.463,-2.976,-3.634,-4.466,-5.532,-6.910,-8.649,-10.760,-13.017,-14.326,-13.606,-11.816,-10.022,-8.550,-7.405,-6.501,-5.785,-5.228,-4.784,-4.421,-4.137,-3.915,-3.730,-3.587,-3.487,-3.407,-3.349,-3.324,-3.314,-3.312,-3.335,-3.369,-3.396,-3.431,-3.468,-3.473,-3.455,-3.414,-3.315,-3.161,-2.979,-2.749,-2.480,-2.223,-1.974,-1.727,-1.527,-1.380,-1.248,-1.167,-1.168,-1.201,-1.293,-1.553,-1.985,-2.706,-4.290,-7.207,-8.528,-5.782,-3.690,-2.876,-2.659,-2.608,-2.722,-2.938,-3.074,-3.137,-3.163,-3.063,-2.883,-2.724,-2.555,-2.375,-2.256,-2.177,-2.096,-2.058,-2.069,-2.078,-2.102,-2.173,-2.245,-2.307,-2.403,-2.510,-2.595,-2.705,-2.855,-3.005,-3.179,-3.420,-3.689,-3.966,-4.297,-4.669,-5.018,-5.360,-5.719,-6.029,-6.246,-6.421,-6.544,-6.546,-6.459,-6.348,-6.166,-5.896,-5.621,-5.353,-5.036,-4.720,-4.459,-4.198,-3.929,-3.723,-3.554,-3.369,-3.225,-3.143,-3.052
456,5.2359,0.5547,3.5457,1.5602,0.7558,6.0000,-2.068,-2.019,-1.939,-1.898,-1.842,-1.786,-1.755,-1.692,-1.665,-1.615,-1.571,-1.543,-1.486,-1.463,-1.413,-1.376,-1.346,-1.294,-1.274,-1.224,-1.196,-1.166,-1.121,-1.109,-1.063,-1.050,-1.027,-1.001,-1.008,-0.984,-1.011,-1.026,-1.068,-1.173,-1.284,-1.576,-2.017,-2.982,-4.881,-7.059,-9.350,-9.126,-5.675,-3.511,-2.842,-2.807,-2.258,-1.487,-1.122,-0.892,-0.735,-0.655,-0.567,-0.534,-0.504,-0.500,-0.550,-0.647,-0.896,-1.161,-1.079,-0.749,-0.520,-0.397,-0.311,-0.269,-0.230,-0.207,-0.190,-0.172,-0.165,-0.152,-0.149,-0.143,-0.139,-0.140,-0.137,-0.141,-0.142,-0.146,-0.153,-0.158,-0.169,-0.177,-0.190,-0.204,-0.218,-0.238,-0.256,-0.281,-0.307,-0.336,-0.371,-0.407,-0.453,-0.501,-0.559,-0.625,-0.700,-0.791,-0.893,-1.017,-1.160,-1.327,-1.520,-1.731,-1.956,-2.169,-2.348,-2.465,-2.511,-2.507,-2.476,-2.458,-2.473,-2.541,-2.678,-2.891,-3.206,-3.645,-4.255,-5.110,-6.323,-8.130,-10.977,-16.001,-21.779,-14.343,-9.400,-6.491,-4.668,-3.506,-2.802,-2.429,-2.340,-2.542,-3.047,-4.043,-6.139,-10.917,-28.405,-12.242,-6.808,-4.326,-2.985,-2.194,-1.706,-1.387,-1.177,-1.037,-0.943,-0.887,-0.854,-0.843,-0.849,-0.867,-0.900,-0.941,-0.995,-1.059,-1.132,-1.219,-1.314,-1.423,-1.544,-1.677,-1.829,-1.993,-2.180,-2.385,-2.613,-2.871,-3.151,-3.471,-3.822,-4.211,-4.645,-5.109,-5.615,-6.137,-6.664,-7.180,-7.633,-8.016,-8.283,-8.417,-8.439,-8.332,-8.149,-7.909,-7.626,-7.352,-7.067,-6.808,-6.574,-6.354,-6.181,-6.016,-5.885,-5.772,-5.656
460,5.1728,0.6815,2.9379,1.2793,0.7006,8.4000,-1.746,-1.829,-1.785,-1.722,-1.779,-1.806,-1.722,-1.701,-1.756,-1.715,-1.632,-1.649,-1.662,-1.575,-1.526,-1.554,-1.510,-1.417,-1.412,-1.416,-1.331,-1.274,-1.294,-1.255,-1.169,-1.167,-1.179,-1.110,-1.073,-1.117,-1.108,-1.064,-1.123,-1.216,-1.251,-1.386,-1.718,-2.156,-2.918,-4.597,-7.123,-7.441,-5.022,-3.131,-2.104,-1.555,-1.254,-1.061,-0.909,-0.848,-0.858,-0.832,-0.850,-1.041,-1.291,-1.659,-2.798,-5.304,-6.979,-4.470,-2.206,-1.273,-0.957,-0.705,-0.527,-0.495,-0.466,-0.396,-0.386,-0.411,-0.393,-0.385,-0.422,-0.444,-0.448,-0.488,-0.541,-0.573,-0.622,-0.703,-0.779,-0.859,-0.979,-1.123,-1.276,-1.478,-1.746,-2.068,-2.480,-3.050,-3.824,-4.888,-6.452,-8.835,-12.328,-14.852,-11.508,-7.695,-5.173,-3.568,-2.537,-1.880,-1.492,-1.288,-1.214,-1.263,-1.441,-1.745,-2.201,-2.873,-3.835,-5.182,-7.101,-9.930,-14.290,-20.660,-18.595,-13.381,-10.239,-8.229,-6.834,-5.820,-5.076,-4.509,-4.048,-3.671,-3.349,-3.039,-2.722,-2.396,-2.048,-1.680,-1.332,-1.030,-0.783,-0.601,-0.488,-0.427,-0.398,-0.402,-0.434,-0.474,-0.525,-0.594,-0.668,-0.741,-0.824,-0.915,-0.998,-1.079,-1.166,-1.244,-1.313,-1.397,-1.502,-1.634,-1.825,-2.108,-2.490,-2.995,-3.690,-4.673,-6.112,-8.357,-12.155,-19.535,-20.035,-12.572,-8.765,-6.533,-5.135,-4.212,-3.591,-3.198,-2.961,-2.820,-2.764,-2.796,-2.881,-3.002,-3.184,-3.423,-3.685,-3.979,-4.330,-4.708,-5.079,-5.467,-5.870,-6.217,-6.484,-6.702,-6.836,-6.828,-6.715,-6.569,-6.375,-6.114,-5.851,-5.632,-5.404
464,5.1052,0.5049,3.5322,1.4710,0.9254,8.0000,-1.772,-1.776,-1.813,-1.817,-1.795,-1.810,-1.833,-1.815,-1.795,-1.812,-1.815,-1.783,-1.772,-1.787,-1.774,-1.747,-1.756,-1.778,-1.775,-1.787,-1.850,-1.929,-2.015,-2.175,-2.449,-2.834,-3.403,-4.335,-5.847,-8.050,-10.187,-9.732,-7.475,-5.679,-4.561,-3.898,-3.786,-4.496,-5.807,-6.156,-4.701,-3.136,-2.233,-1.768,-1.438,-1.187,-1.036,-0.928,-0.818,-0.732,-0.678,-0.625,-0.569,-0.531,-0.504,-0.471,-0.441,-0.424,-0.408,-0.388,-0.376,-0.371,-0.364,-0.357,-0.358,-0.364,-0.367,-0.375,-0.391,-0.410,-0.429,-0.457,-0.495,-0.538,-0.587,-0.655,-0.740,-0.837,-0.963,-1.135,-1.351,-1.632,-2.036,-2.609,-3.412,-4.569,-5.984,-6.552,-5.258,-3.442,-2.153,-1.456,-1.141,-1.039,-1.081,-1.236,-1.468,-1.764,-2.126,-2.550,-3.026,-3.549,-4.122,-4.747,-5.426,-6.169,-7.022,-8.067,-9.396,-11.260,-14.475,-21.908,-27.307,-15.800,-11.338,-8.462,-6.255,-4.575,-3.361,-2.489,-1.853,-1.406,-1.109,-0.900,-0.751,-0.660,-0.612,-0.582,-0.574,-0.595,-0.631,-0.673,-0.738,-0.826,-0.920,-1.026,-1.159,-1.309,-1.487,-1.763,-2.213,-2.916,-4.017,-5.571,-6.887,-6.494,-4.876,-3.415,-2.450,-1.862,-1.505,-1.295,-1.181,-1.132,-1.130,-1.163,-1.227,-1.321,-1.440,-1.585,-1.761,-1.970,-2.207,-2.476,-2.778,-3.098,-3.415,-3.714,-3.960,-4.113,-4.164,-4.134,-4.037,-3.908,-3.794,-3.717,-3.677,-3.689,-3.766,-3.897,-4.070,-4.297,-4.578,-4.885,-5.203,-5.533,-5.848,-6.097,-6.254,-6.319,-6.279,-6.122,-5.883,-5.624,-5.369,-5.128,-4.941,-4.851,-4.856,-4.939,-5.126
468,5.1514,0.4910,2.9566,1.9681,0.6230,8.6000,-1.450,-1.523,-1.523,-1.487,-1.540,-1.576,-1.535,-1.551,-1.604,-1.578,-1.556,-1.602,-1.600,-1.554,-1.572,-1.590,-1.539,-1.522,-1.546,-1.507,-1.460,-1.473,-1.456,-1.394,-1.386,-1.390,-1.334,-1.303,-1.321,-1.291,-1.250,-1.277,-1.293,-1.272,-1.321,-1.423,-1.497,-1.658,-2.011,-2.517,-3.389,-5.249,-8.575,-10.425,-7.151,-4.337,-2.863,-2.142,-1.690,-1.371,-1.237,-1.193,-1.123,-1.161,-1.394,-1.695,-2.336,-4.161,-7.343,-6.985,-3.738,-1.972,-1.318,-0.979,-0.713,-0.603,-0.554,-0.470,-0.427,-0.430,-0.403,-0.380,-0.396,-0.399,-0.390,-0.412,-0.436,-0.444,-0.473,-0.516,-0.546,-0.588,-0.653,-0.714,-0.783,-0.881,-0.990,-1.110,-1.269,-1.464,-1.690,-1.980,-2.356,-2.825,-3.440,-4.280,-5.423,-7.026,-9.392,-12.892,-16.457,-14.147,-10.012,-7.109,-5.163,-3.821,-2.882,-2.230,-1.774,-1.454,-1.246,-1.135,-1.100,-1.149,-1.303,-1.585,-2.044,-2.779,-3.940,-5.770,-8.731,-13.726,-19.101,-13.912,-9.716,-7.249,-5.696,-4.660,-3.929,-3.402,-3.018,-2.724,-2.492,-2.313,-2.164,-2.029,-1.907,-1.787,-1.652,-1.506,-1.349,-1.174,-0.995,-0.832,-0.688,-0.572,-0.498,-0.459,-0.448,-0.469,-0.517,-0.579,-0.657,-0.752,-0.848,-0.940,-1.031,-1.106,-1.157,-1.202,-1.245,-1.290,-1.357,-1.454,-1.574,-1.726,-1.926,-2.171,-2.477,-2.882,-3.404,-4.064,-4.923,-6.052,-7.525,-9.505,-12.302,-16.366,-20.665,-17.916,-13.577,-10.621,-8.573,-7.094,-6.030,-5.269,-4.710,-4.316,-4.077,-3.951,-3.907,-3.966,-4.120,-4.333,-4.616,-4.993,-5.427,-5.889,-6.406,-6.952,-7.435
472,4.8643,0.6257,2.9354,0.6230,0.9860,4.6000,-3.635,-3.387,-3.134,-2.892,-2.689,-2.500,-2.342,-2.207,-2.081,-1.980,-1.880,-1.797,-1.720,-1.645,-1.584,-1.517,-1.461,-1.406,-1.351,-1.305,-1.251,-1.209,-1.162,-1.118,-1.079,-1.034,-1.000,-0.959,-0.925,-0.891,-0.855,-0.830,-0.795,-0.774,-0.749,-0.729,-0.721,-0.709,-0.725,-0.746,-0.818,-0.963,-1.257,-1.791,-1.945,-1.467,-1.008,-0.717,-0.544,-0.461,-0.394,-0.356,-0.323,-0.297,-0.278,-0.257,-0.245,-0.229,-0.219,-0.209,-0.200,-0.195,-0.189,-0.190,-0.191,-0.202,-0.224,-0.263,-0.303,-0.283,-0.228,-0.190,-0.169,-0.158,-0.153,-0.151,-0.151,-0.152,-0.156,-0.159,-0.165,-0.170,-0.177,-0.185,-0.193,-0.203,-0.213,-0.225,-0.237,-0.251,-0.265,-0.280,-0.297,-0.315,-0.334,-0.355,-0.377,-0.402,-0.427,-0.455,-0.485,-0.518,-0.554,-0.593,-0.636,-0.683,-0.735,-0.794,-0.860,-0.934,-1.019,-1.117,-1.231,-1.364,-1.522,-1.710,-1.936,-2.210,-2.542,-2.942,-3.414,-3.955,-4.537,-5.112,-5.619,-6.023,-6.346,-6.665,-7.078,-7.655,-8.370,-8.907,-8.622,-7.403,-6.179,-5.816,-6.806,-9.394,-11.574,-9.235,-6.373,-4.534,-3.397,-2.673,-2.194,-1.868,-1.639,-1.476,-1.359,-1.274,-1.213,-1.170,-1.141,-1.123,-1.114,-1.112,-1.117,-1.127,-1.142,-1.161,-1.184,-1.210,-1.241,-1.275,-1.312,-1.353,-1.398,-1.447,-1.501,-1.559,-1.624,-1.696,-1.777,-1.870,-1.977,-2.105,-2.260,-2.455,-2.708,-3.045,-3.508,-4.158,-5.076,-6.343,-7.973,-9.741,-11.015,-11.247,-10.721,-10.031,-9.459,-9.068,-8.844,-8.759,-8.794,-8.925,-9.146,-9.449,-9.827,-10.284,-10.814
476,4.8656,0.4206,3.0234,0.8783,1.0254,5.6000,-2.318,-2.272,-2.222,-2.157,-2.121,-2.071,-2.018,-1.989,-1.939,-1.897,-1.868,-1.817,-1.783,-1.748,-1.697,-1.667,-1.623,-1.576,-1.546,-1.495,-1.454,-1.419,-1.365,-1.331,-1.288,-1.239,-1.209,-1.162,-1.122,-1.094,-1.047,-1.023,-0.995,-0.959,-0.954,-0.934,-0.933,-0.968,-0.998,-1.123,-1.338,-1.749,-2.547,-2.987,-2.384,-1.679,-1.242,-0.885,-0.675,-0.574,-0.482,-0.431,-0.390,-0.348,-0.327,-0.300,-0.281,-0.270,-0.259,-0.264,-0.285,-0.335,-0.361,-0.298,-0.223,-0.186,-0.158,-0.142,-0.132,-0.121,-0.116,-0.110,-0.105,-0.104,-0.099,-0.099,-0.099,-0.098,-0.101,-0.102,-0.105,-0.110,-0.113,-0.120,-0.126,-0.132,-0.142,-0.150,-0.160,-0.172,-0.183,-0.198,-0.213,-0.229,-0.248,-0.267,-0.289,-0.313,-0.338,-0.367,-0.399,-0.434,-0.474,-0.516,-0.566,-0.621,-0.684,-0.757,-0.840,-0.936,-1.051,-1.186,-1.349,-1.546,-1.787,-2.088,-2.462,-2.935,-3.531,-4.273,-5.178,-6.223,-7.315,-8.285,-8.937,-9.246,-9.365,-9.515,-9.855,-10.378,-10.816,-10.455,-8.970,-7.151,-5.860,-5.457,-5.638,-5.476,-4.629,-3.668,-2.914,-2.376,-2.005,-1.746,-1.565,-1.439,-1.350,-1.292,-1.254,-1.233,-1.226,-1.230,-1.243,-1.265,-1.293,-1.328,-1.369,-1.416,-1.468,-1.525,-1.588,-1.656,-1.729,-1.808,-1.890,-1.979,-2.072,-2.169,-2.271,-2.373,-2.476,-2.575,-2.664,-2.742,-2.804,-2.862,-2.950,-3.104,-3.350,-3.672,-4.033,-4.415,-4.801,-5.187,-5.576,-5.958,-6.336,-6.704,-7.046,-7.361,-7.632,-7.841,-7.988,-8.055,-8.040,-7.955,-7.794,-7.578,-7.324,-7.033,-6.730
480,5.4130,0.4293,3.4134,1.1030,0.7206,7.6000,-1.692,-1.691,-1.736,-1.716,-1.697,-1.737,-1.730,-1.699,-1.727,-1.733,-1.699,-1.715,-1.735,-1.707,-1.719,-1.758,-1.756,-1.782,-1.860,-1.922,-2.015,-2.205,-2.451,-2.799,-3.407,-4.377,-5.941,-8.666,-12.751,-12.635,-8.517,-5.762,-4.294,-3.562,-3.008,-2.403,-1.915,-1.611,-1.383,-1.202,-1.083,-0.975,-0.877,-0.816,-0.755,-0.691,-0.656,-0.620,-0.574,-0.553,-0.534,-0.500,-0.488,-0.484,-0.460,-0.455,-0.464,-0.452,-0.454,-0.477,-0.480,-0.493,-0.535,-0.561,-0.593,-0.669,-0.737,-0.816,-0.966,-1.143,-1.370,-1.779,-2.394,-3.383,-5.243,-7.196,-5.802,-3.300,-1.900,-1.338,-1.124,-1.072,-1.151,-1.304,-1.507,-1.775,-2.102,-2.487,-2.926,-3.421,-3.982,-4.578,-5.202,-5.902,-6.631,-7.399,-8.419,-9.784,-11.893,-16.730,-20.448,-12.540,-9.240,-8.267,-8.117,-8.054,-8.120,-8.154,-7.871,-7.369,-6.613,-5.599,-4.562,-3.610,-2.794,-2.225,-1.950,-1.946,-2.196,-2.683,-3.469,-4.702,-5.979,-5.902,-4.556,-3.243,-2.305,-1.675,-1.275,-1.008,-0.817,-0.700,-0.626,-0.567,-0.542,-0.541,-0.538,-0.555,-0.591,-0.623,-0.667,-0.734,-0.796,-0.869,-0.967,-1.064,-1.171,-1.309,-1.452,-1.602,-1.786,-1.975,-2.158,-2.358,-2.539,-2.670,-2.773,-2.821,-2.795,-2.748,-2.689,-2.610,-2.563,-2.558,-2.564,-2.613,-2.716,-2.832,-2.976,-3.175,-3.385,-3.604,-3.868,-4.142,-4.394,-4.666,-4.938,-5.151,-5.333,-5.501,-5.588,-5.601,-5.599,-5.544,-5.415,-5.289,-5.173,-5.015,-4.877,-4.808,-4.749,-4.729,-4.836,-5.044,-5.348,-5.882,-6.689,-7.723,-9.123,-10.966,-12.876
484,5.5224,0.6978,3.7732,1.1711,0.9505,8.4000,-1.875,-1.854,-1.787,-1.757,-1.777,-1.767,-1.702,-1.656,-1.668,-1.670,-1.616,-1.568,-1.581,-1.605,-1.580,-1.556,-1.604,-1.696,-1.766,-1.867,-2.115,-2.545,-3.177,-4.274,-6.478,-10.958,-16.118,-10.193,-6.251,-4.377,-3.423,-2.859,-2.722,-3.252,-4.314,-4.872,-3.994,-2.646,-1.761,-1.370,-1.171,-0.976,-0.817,-0.743,-0.699,-0.631,-0.563,-0.533,-0.517,-0.483,-0.446,-0.431,-0.426,-0.410,-0.389,-0.383,-0.387,-0.383,-0.375,-0.379,-0.391,-0.399,-0.404,-0.419,-0.443,-0.465,-0.488,-0.520,-0.563,-0.609,-0.659,-0.721,-0.800,-0.890,-0.994,-1.122,-1.281,-1.474,-1.709,-2.006,-2.388,-2.883,-3.533,-4.412,-5.641,-7.424,-10.168,-14.990,-28.049,-18.176,-11.442,-7.963,-5.790,-4.329,-3.311,-2.587,-2.067,-1.690,-1.420,-1.241,-1.150,-1.147,-1.233,-1.414,-1.710,-2.154,-2.812,-3.815,-5.414,-8.070,-12.683,-18.399,-13.317,-8.871,-6.352,-4.823,-3.834,-3.164,-2.707,-2.395,-2.175,-2.018,-1.912,-1.849,-1.810,-1.778,-1.748,-1.707,-1.630,-1.500,-1.323,-1.120,-0.916,-0.735,-0.599,-0.514,-0.472,-0.461,-0.477,-0.522,-0.587,-0.666,-0.762,-0.877,-1.009,-1.148,-1.292,-1.436,-1.563,-1.656,-1.713,-1.753,-1.797,-1.864,-1.980,-2.170,-2.450,-2.831,-3.341,-4.026,-4.954,-6.210,-7.945,-10.443,-14.309,-21.336,-28.903,-19.342,-15.643,-14.197,-14.071,-14.638,-14.532,-12.661,-10.187,-8.134,-6.667,-5.700,-5.118,-4.824,-4.746,-4.834,-5.066,-5.432,-5.916,-6.499,-7.163,-7.900,-8.700,-9.542,-10.408,-11.304,-12.235,-13.092,-13.534,-13.206,-12.237,-11.052,-9.899,-8.855,-7.958
488,4.6351,0.4827,2.6968,0.8952,0.9379,5.4000,-2.550,-2.557,-2.541,-2.506,-2.471,-2.418,-2.367,-2.314,-2.253,-2.201,-2.139,-2.083,-2.028,-1.966,-1.915,-1.854,-1.800,-1.745,-1.686,-1.635,-1.575,-1.524,-1.470,-1.415,-1.367,-1.310,-1.265,-1.214,-1.167,-1.125,-1.076,-1.041,-0.998,-0.965,-0.935,-0.904,-0.893,-0.876,-0.888,-0.915,-0.983,-1.140,-1.420,-1.978,-2.397,-2.130,-1.605,-1.120,-0.779,-0.616,-0.505,-0.434,-0.385,-0.340,-0.312,-0.281,-0.260,-0.238,-0.219,-0.205,-0.189,-0.180,-0.169,-0.163,-0.163,-0.171,-0.185,-0.171,-0.139,-0.116,-0.102,-0.094,-0.087,-0.083,-0.079,-0.077,-0.076,-0.074,-0.075,-0.075,-0.077,-0.079,-0.081,-0.085,-0.089,-0.094,-0.099,-0.105,-0.112,-0.119,-0.128,-0.137,-0.147,-0.157,-0.169,-0.182,-0.195,-0.210,-0.225,-0.242,-0.260,-0.279,-0.300,-0.323,-0.348,-0.374,-0.403,-0.435,-0.469,-0.507,-0.549,-0.595,-0.647,-0.705,-0.772,-0.847,-0.935,-1.037,-1.158,-1.303,-1.480,-1.699,-1.973,-2.321,-2.763,-3.315,-3.970,-4.661,-5.257,-5.664,-5.947,-6.296,-6.828,-7.338,-7.056,-5.757,-4.572,-4.220,-4.775,-6.327,-9.429,-16.306,-25.447,-12.035,-7.564,-5.186,-3.767,-2.869,-2.275,-1.872,-1.591,-1.394,-1.253,-1.154,-1.085,-1.037,-1.009,-0.993,-0.989,-0.995,-1.008,-1.030,-1.057,-1.091,-1.130,-1.174,-1.225,-1.279,-1.342,-1.409,-1.482,-1.564,-1.651,-1.749,-1.853,-1.970,-2.099,-2.241,-2.401,-2.578,-2.783,-3.017,-3.291,-3.617,-4.009,-4.495,-5.097,-5.861,-6.833,-8.057,-9.565,-11.271,-12.941,-14.131,-14.603,-14.573,-14.379,-14.252,-14.202,-14.234,-14.273
492,5.3655,0.8821,2.9108,1.0274,0.6761,4.0000,-3.007,-2.646,-2.377,-2.165,-1.991,-1.859,-1.738,-1.645,-1.560,-1.485,-1.424,-1.360,-1.312,-1.260,-1.215,-1.175,-1.131,-1.098,-1.057,-1.026,-0.993,-0.958,-0.933,-0.897,-0.874,-0.844,-0.817,-0.796,-0.766,-0.751,-0.724,-0.709,-0.693,-0.675,-0.675,-0.663,-0.683,-0.704,-0.771,-0.919,-1.219,-1.855,-2.040,-1.385,-0.899,-0.684,-0.534,-0.469,-0.413,-0.380,-0.356,-0.330,-0.317,-0.297,-0.287,-0.274,-0.264,-0.259,-0.252,-0.257,-0.269,-0.310,-0.389,-0.443,-0.418,-0.364,-0.330,-0.303,-0.285,-0.267,-0.243,-0.222,-0.207,-0.209,-0.216,-0.227,-0.238,-0.249,-0.262,-0.274,-0.288,-0.302,-0.317,-0.334,-0.351,-0.371,-0.390,-0.412,-0.435,-0.460,-0.487,-0.515,-0.546,-0.578,-0.612,-0.650,-0.689,-0.732,-0.776,-0.825,-0.877,-0.932,-0.992,-1.056,-1.125,-1.199,-1.278,-1.364,-1.456,-1.556,-1.661,-1.775,-1.896,-2.024,-2.159,-2.297,-2.438,-2.576,-2.711,-2.837,-2.952,-3.058,-3.158,-3.264,-3.383,-3.530,-3.714,-3.932,-4.163,-4.335,-4.317,-3.957,-3.255,-2.450,-1.838,-1.570,-1.649,-2.048,-2.770,-3.881,-5.521,-7.835,-10.424,-10.735,-8.260,-5.816,-4.097,-2.957,-2.205,-1.711,-1.382,-1.168,-1.030,-0.946,-0.903,-0.886,-0.893,-0.916,-0.952,-0.999,-1.054,-1.119,-1.190,-1.269,-1.356,-1.449,-1.553,-1.664,-1.787,-1.920,-2.066,-2.226,-2.400,-2.593,-2.802,-3.035,-3.292,-3.575,-3.892,-4.242,-4.637,-5.078,-5.575,-6.141,-6.779,-7.517,-8.360,-9.344,-10.500,-11.869,-13.538,-15.581,-18.165,-21.331,-23.973,-23.070,-20.083,-17.397,-15.336,-13.716,-12.440
496,5.4099,0.4062,2.7986,1.9776,0.6326,5.4000,-2.072,-2.020,-1.948,-1.902,-1.865,-1.810,-1.784,-1.750,-1.707,-1.691,-1.653,-1.622,-1.606,-1.565,-1.543,-1.520,-1.480,-1.463,-1.431,-1.396,-1.380,-1.341,-1.314,-1.295,-1.255,-1.238,-1.214,-1.181,-1.177,-1.153,-1.141,-1.155,-1.150,-1.194,-1.266,-1.369,-1.635,-2.076,-3.023,-4.805,-5.474,-3.686,-2.216,-1.597,-1.289,-1.052,-0.850,-0.709,-0.635,-0.569,-0.518,-0.486,-0.449,-0.427,-0.412,-0.406,-0.419,-0.404,-0.360,-0.329,-0.307,-0.294,-0.289,-0.286,-0.295,-0.311,-0.333,-0.350,-0.333,-0.293,-0.254,-0.225,-0.208,-0.198,-0.191,-0.190,-0.189,-0.192,-0.197,-0.202,-0.210,-0.219,-0.230,-0.243,-0.257,-0.273,-0.292,-0.312,-0.335,-0.360,-0.387,-0.419,-0.452,-0.489,-0.531,-0.575,-0.626,-0.681,-0.742,-0.810,-0.886,-0.971,-1.066,-1.172,-1.293,-1.431,-1.587,-1.766,-1.972,-2.210,-2.486,-2.806,-3.179,-3.609,-4.103,-4.657,-5.255,-5.857,-6.388,-6.746,-6.842,-6.654,-6.251,-5.750,-5.253,-4.828,-4.511,-4.319,-4.256,-4.313,-4.451,-4.564,-4.467,-4.005,-3.304,-2.696,-2.433,-2.653,-3.515,-5.407,-9.287,-16.301,-12.044,-7.039,-4.513,-3.113,-2.283,-1.768,-1.432,-1.213,-1.068,-0.973,-0.918,-0.889,-0.882,-0.894,-0.920,-0.960,-1.013,-1.075,-1.150,-1.234,-1.328,-1.434,-1.548,-1.673,-1.812,-1.960,-2.126,-2.306,-2.503,-2.721,-2.957,-3.217,-3.503,-3.811,-4.149,-4.514,-4.904,-5.325,-5.768,-6.227,-6.700,-7.163,-7.603,-8.000,-8.318,-8.546,-8.670,-8.681,-8.603,-8.454,-8.249,-8.027,-7.798,-7.574,-7.378,-7.205,-7.062,-6.962,-6.892
500,4.9313,0.4965,2.7557,0.4712,0.7825,7.6000,-1.806,-1.783,-1.808,-1.814,-1.780,-1.785,-1.795,-1.757,-1.740,-1.746,-1.708,-1.671,-1.668,-1.635,-1.583,-1.568,-1.542,-1.484,-1.459,-1.440,-1.387,-1.354,-1.346,-1.307,-1.276,-1.283,-1.272,-1.259,-1.298,-1.343,-1.392,-1.521,-1.720,-1.994,-2.493,-3.373,-4.917,-7.874,-12.291,-10.136,-6.109,-3.962,-2.772,-2.099,-1.834,-1.720,-1.803,-2.629,-4.014,-3.826,-2.205,-1.207,-0.907,-0.721,-0.545,-0.507,-0.474,-0.398,-0.389,-0.394,-0.352,-0.352,-0.375,-0.356,-0.362,-0.401,-0.405,-0.422,-0.485,-0.521,-0.566,-0.678,-0.785,-0.917,-1.192,-1.569,-2.155,-3.330,-4.571,-3.937,-2.286,-1.284,-0.932,-0.802,-0.754,-0.810,-0.897,-0.985,-1.119,-1.269,-1.410,-1.575,-1.745,-1.894,-2.044,-2.192,-2.317,-2.454,-2.629,-2.853,-3.196,-3.749,-4.604,-5.926,-7.975,-11.043,-15.121,-16.715,-13.551,-10.607,-8.565,-7.148,-6.160,-5.431,-4.868,-4.459,-4.153,-3.921,-3.861,-4.094,-4.812,-6.526,-9.688,-10.389,-6.614,-4.003,-2.739,-2.135,-1.801,-1.640,-1.579,-1.547,-1.554,-1.600,-1.649,-1.713,-1.805,-1.897,-1.995,-2.115,-2.231,-2.341,-2.459,-2.560,-2.632,-2.688,-2.704,-2.673,-2.612,-2.514,-2.379,-2.235,-2.085,-1.927,-1.785,-1.659,-1.542,-1.447,-1.376,-1.317,-1.278,-1.264,-1.261,-1.276,-1.317,-1.371,-1.439,-1.530,-1.630,-1.728,-1.830,-1.918,-1.983,-2.044,-2.104,-2.163,-2.243,-2.351,-2.473,-2.621,-2.804,-3.003,-3.220,-3.469,-3.731,-3.991,-4.265,-4.536,-4.771,-4.979,-5.157,-5.268,-5.311,-5.314,-5.257,-5.136,-4.995,-4.839,-4.648,-4.457,-4.287
504,5.4155,0.9797,2.8276,1.3432,0.6516,5.8000,-3.260,-3.072,-2.879,-2.699,-2.535,-2.378,-2.244,-2.115,-2.000,-1.897,-1.797,-1.713,-1.627,-1.552,-1.482,-1.412,-1.353,-1.290,-1.238,-1.184,-1.133,-1.089,-1.040,-1.003,-0.960,-0.924,-0.891,-0.855,-0.831,-0.800,-0.782,-0.764,-0.752,-0.755,-0.759,-0.800,-0.860,-1.003,-1.274,-1.816,-2.681,-2.778,-1.866,-1.195,-0.900,-0.705,-0.560,-0.461,-0.404,-0.359,-0.328,-0.305,-0.287,-0.279,-0.278,-0.297,-0.345,-0.442,-0.476,-0.366,-0.259,-0.204,-0.168,-0.149,-0.133,-0.123,-0.114,-0.106,-0.102,-0.096,-0.094,-0.090,-0.089,-0.088,-0.088,-0.089,-0.090,-0.093,-0.094,-0.095,-0.095,-0.094,-0.096,-0.100,-0.107,-0.116,-0.126,-0.137,-0.149,-0.162,-0.176,-0.192,-0.209,-0.227,-0.247,-0.269,-0.293,-0.319,-0.347,-0.378,-0.412,-0.449,-0.490,-0.535,-0.585,-0.640,-0.702,-0.771,-0.849,-0.936,-1.036,-1.150,-1.282,-1.435,-1.614,-1.828,-2.082,-2.389,-2.764,-3.223,-3.790,-4.481,-5.302,-6.208,-7.063,-7.628,-7.734,-7.495,-7.191,-7.014,-6.921,-6.601,-5.713,-4.453,-3.374,-2.779,-2.713,-3.178,-4.279,-6.338,-10.228,-19.936,-18.735,-10.094,-6.471,-4.461,-3.231,-2.439,-1.911,-1.549,-1.299,-1.125,-1.005,-0.927,-0.879,-0.857,-0.855,-0.870,-0.901,-0.945,-1.004,-1.074,-1.159,-1.257,-1.368,-1.495,-1.637,-1.797,-1.976,-2.175,-2.397,-2.641,-2.914,-3.214,-3.545,-3.907,-4.298,-4.719,-5.162,-5.620,-6.078,-6.517,-6.918,-7.248,-7.491,-7.627,-7.648,-7.567,-7.395,-7.159,-6.883,-6.583,-6.285,-5.991,-5.716,-5.464,-5.236,-5.039,-4.867,-4.726,-4.615
508,5.5543,0.4618,3.0614,1.1041,0.8900,8.0000,-1.589,-1.582,-1.646,-1.654,-1.585,-1.555,-1.603,-1.622,-1.558,-1.508,-1.538,-1.563,-1.506,-1.444,-1.459,-1.490,-1.445,-1.379,-1.388,-1.433,-1.412,-1.361,-1.390,-1.482,-1.529,-1.560,-1.724,-2.053,-2.481,-3.199,-4.808,-8.202,-12.698,-9.169,-5.210,-3.333,-2.549,-2.087,-1.788,-2.020,-2.987,-4.006,-3.621,-2.276,-1.304,-0.946,-0.869,-0.757,-0.611,-0.557,-0.568,-0.541,-0.480,-0.462,-0.482,-0.478,-0.451,-0.449,-0.475,-0.489,-0.484,-0.498,-0.538,-0.571,-0.593,-0.631,-0.696,-0.763,-0.827,-0.914,-1.035,-1.176,-1.336,-1.546,-1.830,-2.195,-2.669,-3.336,-4.315,-5.795,-8.199,-12.761,-26.352,-14.906,-8.430,-5.248,-3.465,-2.444,-1.868,-1.570,-1.470,-1.523,-1.703,-2.005,-2.452,-3.071,-3.892,-4.969,-6.397,-8.323,-10.988,-14.953,-22.326,-33.008,-18.892,-14.160,-11.412,-9.543,-8.180,-7.150,-6.331,-5.624,-4.972,-4.333,-3.655,-2.917,-2.182,-1.563,-1.143,-0.929,-0.872,-0.910,-0.991,-1.085,-1.172,-1.241,-1.287,-1.304,-1.283,-1.227,-1.151,-1.070,-0.997,-0.954,-0.969,-1.062,-1.224,-1.434,-1.682,-1.993,-2.432,-3.114,-4.201,-5.821,-7.707,-8.464,-7.165,-5.324,-3.918,-3.013,-2.448,-2.082,-1.851,-1.726,-1.677,-1.669,-1.690,-1.752,-1.849,-1.966,-2.096,-2.253,-2.442,-2.647,-2.857,-3.079,-3.313,-3.533,-3.711,-3.843,-3.949,-4.038,-4.120,-4.223,-4.371,-4.557,-4.749,-4.932,-5.110,-5.281,-5.422,-5.513,-5.566,-5.600,-5.612,-5.581,-5.517,-5.451,-5.391,-5.316,-5.223,-5.139,-5.084,-5.036,-4.977,-4.931,-4.926,-4.944,-4.956,-4.981,-5.058
512,5.1017,0.8178,2.6908,1.0511,0.6199,8.4000,-1.946,-1.941,-1.901,-1.923,-1.926,-1.872,-1.863,-1.867,-1.809,-1.770,-1.769,-1.715,-1.654,-1.641,-1.596,-1.523,-1.498,-1.462,-1.387,-1.350,-1.324,-1.253,-1.207,-1.189,-1.130,-1.079,-1.068,-1.026,-0.974,-0.970,-0.950,-0.907,-0.915,-0.926,-0.908,-0.947,-1.024,-1.087,-1.246,-1.557,-2.007,-2.878,-4.472,-5.873,-5.075,-3.314,-2.121,-1.497,-1.135,-0.887,-0.740,-0.654,-0.573,-0.512,-0.491,-0.463,-0.428,-0.432,-0.435,-0.415,-0.437,-0.474,-0.474,-0.524,-0.621,-0.680,-0.823,-1.127,-1.506,-2.339,-4.305,-6.076,-4.253,-2.096,-1.179,-0.880,-0.668,-0.572,-0.591,-0.580,-0.587,-0.662,-0.720,-0.779,-0.898,-1.023,-1.153,-1.352,-1.594,-1.874,-2.267,-2.794,-3.479,-4.466,-5.924,-8.046,-11.049,-12.998,-10.181,-6.823,-4.520,-3.051,-2.161,-1.638,-1.342,-1.226,-1.256,-1.395,-1.656,-2.072,-2.656,-3.458,-4.582,-6.133,-8.271,-11.351,-15.881,-20.149,-16.858,-12.823,-10.178,-8.407,-7.130,-6.184,-5.476,-4.898,-4.402,-3.964,-3.528,-3.070,-2.607,-2.140,-1.690,-1.305,-0.996,-0.754,-0.587,-0.483,-0.413,-0.378,-0.377,-0.385,-0.407,-0.451,-0.498,-0.551,-0.622,-0.696,-0.769,-0.858,-0.949,-1.029,-1.115,-1.200,-1.273,-1.366,-1.498,-1.674,-1.938,-2.333,-2.877,-3.651,-4.794,-6.485,-9.118,-13.607,-18.955,-13.641,-8.945,-6.155,-4.454,-3.408,-2.750,-2.369,-2.210,-2.197,-2.300,-2.529,-2.832,-3.149,-3.474,-3.757,-3.944,-4.094,-4.241,-4.361,-4.511,-4.736,-4.972,-5.234,-5.574,-5.916,-6.218,-6.542,-6.834,-6.991,-7.073,-7.108,-6.989,-6.745,-6.500
516,5.4657,0.4853,3.1808,1.1403,0.9646,5.2000,-1.924,-1.844,-1.788,-1.732,-1.675,-1.637,-1.590,-1.548,-1.517,-1.472,-1.440,-1.409,-1.367,-1.341,-1.306,-1.268,-1.244,-1.205,-1.173,-1.148,-1.107,-1.082,-1.053,-1.016,-0.997,-0.964,-0.935,-0.922,-0.889,-0.877,-0.869,-0.850,-0.871,-0.888,-0.935,-1.078,-1.292,-1.842,-2.664,-2.609,-1.701,-1.101,-0.871,-0.729,-0.668,-0.644,-0.600,-0.533,-0.454,-0.420,-0.407,-0.392,-0.407,-0.428,-0.476,-0.581,-0.753,-1.060,-1.327,-1.195,-0.836,-0.575,-0.428,-0.340,-0.290,-0.256,-0.236,-0.223,-0.213,-0.210,-0.208,-0.209,-0.214,-0.218,-0.227,-0.237,-0.249,-0.264,-0.280,-0.299,-0.321,-0.345,-0.373,-0.403,-0.436,-0.475,-0.516,-0.563,-0.615,-0.672,-0.738,-0.809,-0.890,-0.981,-1.082,-1.198,-1.328,-1.475,-1.644,-1.836,-2.055,-2.309,-2.598,-2.930,-3.311,-3.738,-4.219,-4.738,-5.279,-5.808,-6.264,-6.593,-6.743,-6.699,-6.507,-6.220,-5.909,-5.626,-5.399,-5.261,-5.215,-5.274,-5.452,-5.733,-6.110,-6.512,-6.778,-6.707,-6.146,-5.227,-4.230,-3.356,-2.725,-2.355,-2.266,-2.559,-3.423,-5.449,-9.958,-13.458,-7.981,-4.908,-3.471,-2.634,-2.069,-1.681,-1.415,-1.254,-1.151,-1.088,-1.066,-1.060,-1.075,-1.109,-1.150,-1.209,-1.278,-1.354,-1.448,-1.547,-1.660,-1.788,-1.924,-2.078,-2.248,-2.430,-2.638,-2.861,-3.106,-3.381,-3.677,-4.006,-4.370,-4.763,-5.201,-5.681,-6.198,-6.771,-7.385,-8.040,-8.748,-9.476,-10.219,-10.976,-11.702,-12.395,-13.068,-13.679,-14.252,-14.806,-15.286,-15.736,-16.155,-16.494,-16.833,-17.124,-17.357,-17.602,-17.753,-17.868,-17.944
520,5.2552,0.5672,2.9460,1.8562,1.0114,5.6000,-2.452,-2.369,-2.297,-2.235,-2.160,-2.103,-2.047,-1.984,-1.938,-1.885,-1.831,-1.792,-1.738,-1.694,-1.654,-1.602,-1.564,-1.521,-1.473,-1.439,-1.392,-1.352,-1.317,-1.271,-1.239,-1.203,-1.163,-1.139,-1.103,-1.077,-1.061,-1.035,-1.034,-1.035,-1.047,-1.105,-1.182,-1.361,-1.701,-2.350,-3.641,-4.606,-3.525,-2.204,-1.650,-1.305,-0.960,-0.757,-0.634,-0.549,-0.494,-0.444,-0.411,-0.382,-0.360,-0.352,-0.355,-0.389,-0.406,-0.351,-0.285,-0.247,-0.220,-0.202,-0.188,-0.176,-0.168,-0.160,-0.154,-0.151,-0.149,-0.151,-0.153,-0.152,-0.144,-0.132,-0.124,-0.120,-0.119,-0.121,-0.123,-0.127,-0.133,-0.138,-0.146,-0.154,-0.164,-0.175,-0.186,-0.200,-0.215,-0.231,-0.249,-0.268,-0.290,-0.314,-0.339,-0.367,-0.399,-0.433,-0.471,-0.512,-0.558,-0.609,-0.666,-0.730,-0.802,-0.882,-0.975,-1.080,-1.202,-1.343,-1.508,-1.703,-1.936,-2.214,-2.552,-2.963,-3.462,-4.066,-4.775,-5.563,-6.339,-6.930,-7.156,-6.979,-6.567,-6.134,-5.821,-5.685,-5.694,-5.715,-5.481,-4.787,-3.852,-3.119,-2.882,-3.295,-4.593,-7.448,-13.835,-17.179,-9.123,-5.518,-3.656,-2.591,-1.948,-1.539,-1.270,-1.094,-0.977,-0.901,-0.858,-0.835,-0.832,-0.844,-0.867,-0.902,-0.947,-1.001,-1.065,-1.136,-1.218,-1.309,-1.409,-1.522,-1.644,-1.779,-1.928,-2.090,-2.270,-2.467,-2.681,-2.919,-3.179,-3.463,-3.776,-4.115,-4.484,-4.884,-5.308,-5.759,-6.225,-6.693,-7.152,-7.572,-7.930,-8.204,-8.367,-8.417,-8.362,-8.214,-8.007,-7.767,-7.515,-7.278,-7.069,-6.895,-6.775,-6.708,-6.702
524,5.4610,0.7744,3.5280,1.5979,0.7745,7.8000,-1.939,-1.890,-1.874,-1.883,-1.838,-1.800,-1.805,-1.769,-1.716,-1.711,-1.688,-1.628,-1.611,-1.601,-1.545,-1.519,-1.522,-1.482,-1.453,-1.473,-1.463,-1.447,-1.495,-1.542,-1.575,-1.691,-1.869,-2.063,-2.411,-3.008,-3.876,-5.342,-8.172,-13.937,-21.397,-12.113,-8.121,-7.091,-7.674,-7.028,-4.576,-2.813,-2.028,-1.624,-1.290,-1.088,-0.973,-0.844,-0.747,-0.697,-0.632,-0.574,-0.546,-0.512,-0.475,-0.459,-0.442,-0.420,-0.412,-0.407,-0.397,-0.398,-0.404,-0.407,-0.419,-0.436,-0.456,-0.485,-0.522,-0.566,-0.628,-0.704,-0.800,-0.939,-1.118,-1.368,-1.759,-2.344,-3.275,-4.768,-5.973,-4.891,-2.936,-1.721,-1.200,-0.989,-0.931,-1.018,-1.176,-1.378,-1.679,-2.061,-2.500,-3.058,-3.744,-4.513,-5.417,-6.477,-7.585,-8.765,-10.050,-11.255,-12.510,-14.099,-15.818,-17.238,-14.158,-9.054,-5.838,-4.336,-3.920,-3.934,-3.988,-4.057,-4.091,-3.982,-3.750,-3.406,-2.938,-2.430,-1.961,-1.553,-1.245,-1.062,-0.986,-1.013,-1.152,-1.374,-1.669,-2.112,-2.844,-4.027,-5.543,-6.279,-5.290,-3.785,-2.648,-1.903,-1.424,-1.124,-0.929,-0.799,-0.724,-0.682,-0.659,-0.661,-0.682,-0.708,-0.752,-0.812,-0.876,-0.954,-1.051,-1.154,-1.271,-1.412,-1.562,-1.727,-1.919,-2.123,-2.337,-2.572,-2.809,-3.031,-3.246,-3.429,-3.555,-3.644,-3.689,-3.683,-3.665,-3.653,-3.640,-3.657,-3.723,-3.818,-3.951,-4.145,-4.371,-4.615,-4.898,-5.194,-5.455,-5.690,-5.888,-5.992,-5.997,-5.940,-5.802,-5.576,-5.323,-5.063,-4.769,-4.478,-4.227,-3.981,-3.739,-3.550,-3.389,-3.229,-3.119
528,5.2732,0.4793,3.2786,1.1045,0.9968,5.0000,-1.996,-1.911,-1.842,-1.781,-1.724,-1.678,-1.629,-1.589,-1.550,-1.510,-1.477,-1.438,-1.407,-1.372,-1.338,-1.307,-1.271,-1.242,-1.206,-1.175,-1.144,-1.110,-1.082,-1.048,-1.021,-0.990,-0.961,-0.938,-0.908,-0.890,-0.866,-0.852,-0.842,-0.834,-0.847,-0.862,-0.918,-1.006,-1.187,-1.525,-2.180,-3.266,-3.379,-2.243,-1.589,-1.288,-0.928,-0.703,-0.574,-0.493,-0.445,-0.404,-0.385,-0.368,-0.370,-0.383,-0.425,-0.514,-0.676,-0.898,-0.915,-0.688,-0.480,-0.359,-0.289,-0.248,-0.221,-0.204,-0.192,-0.186,-0.182,-0.180,-0.181,-0.184,-0.189,-0.195,-0.203,-0.213,-0.224,-0.238,-0.253,-0.271,-0.290,-0.312,-0.336,-0.364,-0.394,-0.428,-0.465,-0.507,-0.553,-0.605,-0.662,-0.726,-0.798,-0.878,-0.969,-1.071,-1.187,-1.318,-1.467,-1.636,-1.827,-2.042,-2.281,-2.542,-2.819,-3.100,-3.366,-3.594,-3.761,-3.850,-3.862,-3.814,-3.734,-3.653,-3.598,-3.591,-3.649,-3.789,-4.029,-4.392,-4.911,-5.626,-6.585,-7.785,-9.027,-9.604,-8.753,-6.986,-5.239,-3.895,-2.984,-2.456,-2.270,-2.440,-3.082,-4.466,-7.457,-14.342,-13.844,-7.471,-4.583,-3.097,-2.264,-1.765,-1.450,-1.251,-1.119,-1.039,-0.991,-0.969,-0.967,-0.979,-1.006,-1.042,-1.090,-1.147,-1.213,-1.290,-1.374,-1.470,-1.575,-1.691,-1.820,-1.959,-2.116,-2.286,-2.475,-2.684,-2.912,-3.169,-3.449,-3.764,-4.112,-4.500,-4.936,-5.419,-5.965,-6.573,-7.253,-8.014,-8.847,-9.758,-10.711,-11.661,-12.543,-13.258,-13.780,-14.116,-14.313,-14.465,-14.587,-14.715,-14.858,-14.988,-15.145,-15.295,-15.478,-15.713,-16.008
532,4.4872,0.4256,3.0370,1.0900,0.6399,7.2000,-0.476,-0.410,-0.367,-0.327,-0.311,-0.305,-0.299,-0.298,-0.299,-0.296,-0.298,-0.307,-0.309,-0.307,-0.313,-0.324,-0.327,-0.326,-0.336,-0.348,-0.350,-0.352,-0.365,-0.378,-0.381,-0.386,-0.404,-0.419,-0.425,-0.438,-0.464,-0.488,-0.507,-0.544,-0.604,-0.674,-0.777,-0.960,-1.202,-1.359,-1.301,-1.099,-0.957,-0.981,-1.083,-1.079,-0.913,-0.717,-0.634,-0.665,-0.710,-0.700,-0.659,-0.630,-0.622,-0.621,-0.628,-0.640,-0.651,-0.658,-0.672,-0.691,-0.705,-0.716,-0.735,-0.761,-0.782,-0.797,-0.816,-0.838,-0.857,-0.876,-0.902,-0.931,-0.955,-0.981,-1.015,-1.052,-1.083,-1.119,-1.164,-1.212,-1.257,-1.309,-1.374,-1.444,-1.516,-1.603,-1.710,-1.831,-1.966,-2.132,-2.338,-2.578,-2.853,-3.179,-3.548,-3.925,-4.276,-4.582,-4.813,-4.939,-4.983,-4.995,-4.991,-4.973,-4.969,-5.008,-5.080,-5.167,-5.290,-5.471,-5.690,-5.922,-6.196,-6.527,-6.869,-7.176,-7.459,-7.689,-7.750,-7.591,-7.278,-6.835,-6.254,-5.625,-5.065,-4.575,-4.109,-3.707,-3.430,-3.241,-3.064,-2.935,-2.952,-3.099,-3.295,-3.693,-4.770,-7.212,-12.096,-17.318,-12.314,-9.405,-8.626,-8.746,-8.950,-9.092,-9.302,-9.357,-9.023,-8.530,-8.103,-7.655,-7.123,-6.643,-6.297,-5.995,-5.666,-5.377,-5.186,-5.034,-4.855,-4.690,-4.596,-4.543,-4.466,-4.384,-4.358,-4.378,-4.382,-4.364,-4.385,-4.457,-4.520,-4.544,-4.583,-4.674,-4.763,-4.798,-4.824,-4.899,-4.982,-5.004,-4.997,-5.038,-5.100,-5.101,-5.059,-5.063,-5.104,-5.088,-5.018,-4.995,-5.022,-4.996,-4.909,-4.870,-4.892,-4.864,-4.768
536,5.4843,0.8029,3.0902,0.9000,0.7339,8.2000,-1.838,-1.861,-1.812,-1.745,-1.753,-1.730,-1.649,-1.630,-1.626,-1.550,-1.502,-1.506,-1.448,-1.378,-1.378,-1.345,-1.267,-1.253,-1.247,-1.175,-1.146,-1.163,-1.115,-1.075,-1.113,-1.109,-1.080,-1.152,-1.237,-1.286,-1.486,-1.862,-2.366,-3.443,-5.713,-8.190,-6.856,-4.212,-2.632,-1.894,-1.535,-1.276,-1.149,-1.230,-1.373,-1.657,-2.733,-4.870,-5.485,-3.287,-1.681,-1.116,-0.876,-0.643,-0.548,-0.530,-0.457,-0.417,-0.432,-0.411,-0.387,-0.411,-0.418,-0.409,-0.437,-0.466,-0.474,-0.509,-0.559,-0.592,-0.643,-0.719,-0.789,-0.872,-0.994,-1.127,-1.280,-1.492,-1.753,-2.072,-2.506,-3.095,-3.888,-5.035,-6.790,-9.637,-15.143,-32.935,-14.188,-8.588,-5.612,-3.817,-2.707,-2.016,-1.584,-1.340,-1.244,-1.260,-1.380,-1.626,-2.012,-2.565,-3.359,-4.491,-6.089,-8.408,-12.013,-18.649,-35.705,-17.263,-12.167,-9.371,-7.565,-6.299,-5.387,-4.714,-4.190,-3.777,-3.448,-3.155,-2.870,-2.576,-2.237,-1.843,-1.434,-1.061,-0.767,-0.583,-0.500,-0.479,-0.504,-0.563,-0.633,-0.709,-0.797,-0.884,-0.962,-1.041,-1.109,-1.156,-1.191,-1.214,-1.217,-1.220,-1.239,-1.276,-1.351,-1.485,-1.679,-1.957,-2.377,-3.004,-3.931,-5.348,-7.539,-10.790,-13.870,-12.002,-8.609,-6.287,-4.812,-3.859,-3.254,-2.884,-2.656,-2.536,-2.515,-2.555,-2.643,-2.799,-3.007,-3.249,-3.550,-3.914,-4.307,-4.741,-5.225,-5.697,-6.114,-6.474,-6.706,-6.771,-6.751,-6.695,-6.592,-6.493,-6.432,-6.346,-6.205,-6.060,-5.904,-5.685,-5.447,-5.242,-5.017,-4.769,-4.568,-4.390,-4.185,-4.013,-3.893
540,5.3720,0.5273,3.4297,1.5635,0.8153,4.4000,-2.073,-1.965,-1.866,-1.792,-1.720,-1.660,-1.610,-1.557,-1.519,-1.474,-1.438,-1.403,-1.366,-1.338,-1.301,-1.274,-1.242,-1.211,-1.185,-1.151,-1.127,-1.096,-1.069,-1.044,-1.013,-0.992,-0.962,-0.941,-0.918,-0.894,-0.880,-0.857,-0.850,-0.839,-0.840,-0.857,-0.883,-0.974,-1.128,-1.504,-1.875,-1.687,-1.501,-1.613,-1.501,-1.457,-1.881,-2.081,-1.580,-1.037,-0.751,-0.585,-0.492,-0.434,-0.393,-0.372,-0.356,-0.358,-0.372,-0.412,-0.490,-0.614,-0.710,-0.643,-0.487,-0.369,-0.296,-0.254,-0.228,-0.211,-0.201,-0.194,-0.192,-0.191,-0.193,-0.196,-0.202,-0.209,-0.217,-0.229,-0.241,-0.255,-0.272,-0.290,-0.311,-0.333,-0.360,-0.388,-0.419,-0.454,-0.492,-0.535,-0.581,-0.634,-0.691,-0.754,-0.825,-0.902,-0.989,-1.083,-1.188,-1.304,-1.430,-1.567,-1.712,-1.866,-2.022,-2.175,-2.319,-2.441,-2.536,-2.595,-2.618,-2.606,-2.569,-2.519,-2.466,-2.423,-2.397,-2.398,-2.429,-2.496,-2.606,-2.762,-2.977,-3.255,-3.611,-4.051,-4.566,-5.106,-5.504,-5.487,-4.860,-3.850,-2.916,-2.370,-2.348,-2.911,-4.186,-6.136,-8.278,-10.336,-11.091,-8.985,-6.475,-4.654,-3.440,-2.633,-2.086,-1.714,-1.455,-1.278,-1.156,-1.076,-1.028,-1.002,-0.998,-1.008,-1.032,-1.069,-1.115,-1.172,-1.238,-1.314,-1.400,-1.495,-1.602,-1.718,-1.848,-1.990,-2.146,-2.319,-2.509,-2.720,-2.952,-3.211,-3.499,-3.820,-4.180,-4.583,-5.040,-5.558,-6.147,-6.824,-7.603,-8.508,-9.563,-10.793,-12.224,-13.845,-15.557,-17.021,-17.654,-17.195,-16.087,-14.865,-13.783,-12.901,-12.217,-11.712,-11.359
544,5.2128,0.4643,3.0957,1.0437,0.9465,8.6000,-1.563,-1.589,-1.621,-1.591,-1.588,-1.627,-1.610,-1.580,-1.607,-1.608,-1.561,-1.563,-1.576,-1.528,-1.499,-1.515,-1.478,-1.425,-1.430,-1.413,-1.348,-1.335,-1.339,-1.280,-1.247,-1.269,-1.236,-1.192,-1.230,-1.249,-1.221,-1.290,-1.414,-1.487,-1.688,-2.135,-2.731,-3.825,-6.366,-10.926,-12.132,-9.243,-7.185,-4.894,-2.900,-1.858,-1.463,-1.177,-0.921,-0.815,-0.742,-0.629,-0.571,-0.552,-0.495,-0.452,-0.449,-0.424,-0.391,-0.393,-0.388,-0.366,-0.368,-0.377,-0.367,-0.371,-0.389,-0.392,-0.400,-0.427,-0.446,-0.462,-0.497,-0.533,-0.564,-0.612,-0.670,-0.725,-0.795,-0.884,-0.977,-1.088,-1.229,-1.390,-1.579,-1.819,-2.113,-2.468,-2.925,-3.517,-4.280,-5.305,-6.734,-8.783,-11.934,-17.504,-23.661,-15.356,-10.458,-7.508,-5.562,-4.212,-3.240,-2.538,-2.030,-1.654,-1.378,-1.189,-1.065,-0.995,-0.985,-1.040,-1.162,-1.380,-1.736,-2.287,-3.136,-4.474,-6.616,-10.199,-17.033,-21.291,-12.967,-9.010,-6.749,-5.312,-4.350,-3.669,-3.163,-2.783,-2.487,-2.240,-2.032,-1.853,-1.687,-1.535,-1.407,-1.307,-1.255,-1.243,-1.199,-1.077,-0.927,-0.800,-0.698,-0.623,-0.583,-0.561,-0.554,-0.571,-0.601,-0.638,-0.692,-0.761,-0.832,-0.915,-1.016,-1.117,-1.224,-1.345,-1.467,-1.588,-1.729,-1.890,-2.077,-2.320,-2.635,-3.016,-3.486,-4.078,-4.790,-5.647,-6.717,-8.043,-9.655,-11.640,-13.986,-16.071,-16.350,-14.674,-12.612,-10.845,-9.423,-8.341,-7.566,-7.006,-6.611,-6.409,-6.373,-6.447,-6.647,-7.008,-7.472,-7.992,-8.604,-9.267,-9.833,-10.239,-10.504,-10.530,-10.219
548,4.3035,0.4288,3.0538,0.5639,1.0121,8.4000,-0.626,-0.386,-0.319,-0.287,-0.254,-0.255,-0.253,-0.242,-0.248,-0.253,-0.246,-0.253,-0.260,-0.256,-0.262,-0.272,-0.268,-0.272,-0.285,-0.283,-0.285,-0.299,-0.300,-0.299,-0.314,-0.320,-0.317,-0.332,-0.344,-0.340,-0.355,-0.377,-0.376,-0.396,-0.444,-0.469,-0.551,-0.795,-0.998,-0.885,-0.623,-0.495,-0.481,-0.460,-0.443,-0.456,-0.461,-0.458,-0.471,-0.484,-0.488,-0.503,-0.522,-0.534,-0.552,-0.573,-0.576,-0.569,-0.567,-0.566,-0.569,-0.580,-0.591,-0.601,-0.615,-0.630,-0.642,-0.657,-0.674,-0.689,-0.706,-0.725,-0.743,-0.761,-0.783,-0.804,-0.825,-0.850,-0.876,-0.900,-0.928,-0.959,-0.990,-1.023,-1.060,-1.098,-1.139,-1.185,-1.235,-1.288,-1.348,-1.415,-1.488,-1.572,-1.668,-1.776,-1.903,-2.051,-2.224,-2.424,-2.657,-2.908,-3.145,-3.300,-3.264,-2.989,-2.575,-2.194,-1.958,-1.891,-1.975,-2.193,-2.544,-3.043,-3.709,-4.568,-5.627,-6.816,-7.923,-8.577,-8.499,-7.828,-6.922,-6.025,-5.231,-4.563,-4.010,-3.552,-3.177,-2.871,-2.617,-2.403,-2.227,-2.089,-1.985,-1.907,-1.850,-1.809,-1.783,-1.770,-1.767,-1.773,-1.789,-1.812,-1.842,-1.882,-1.929,-1.984,-2.050,-2.126,-2.213,-2.312,-2.420,-2.535,-2.654,-2.772,-2.888,-3.013,-3.170,-3.395,-3.753,-4.339,-5.314,-6.983,-9.958,-15.920,-31.716,-15.644,-10.800,-8.380,-6.971,-6.106,-5.568,-5.235,-5.055,-5.004,-5.061,-5.225,-5.513,-5.936,-6.503,-7.230,-8.108,-9.067,-9.993,-10.735,-11.148,-11.233,-11.126,-10.951,-10.805,-10.763,-10.841,-11.010,-11.233,-11.417,-11.385,-10.978,-10.200,-9.208,-8.173
552,4.7749,0.4356,3.1077,0.7674,0.9056,4.0000,-2.366,-2.181,-2.029,-1.927,-1.816,-1.749,-1.677,-1.617,-1.577,-1.519,-1.492,-1.446,-1.414,-1.386,-1.345,-1.328,-1.287,-1.266,-1.237,-1.204,-1.186,-1.147,-1.130,-1.098,-1.071,-1.050,-1.014,-1.001,-0.966,-0.948,-0.925,-0.897,-0.889,-0.858,-0.856,-0.839,-0.833,-0.844,-0.842,-0.893,-0.932,-1.062,-1.254,-1.613,-2.214,-2.345,-2.532,-3.014,-2.390,-1.452,-0.978,-0.703,-0.568,-0.477,-0.414,-0.379,-0.339,-0.322,-0.297,-0.284,-0.272,-0.259,-0.255,-0.245,-0.244,-0.241,-0.243,-0.250,-0.258,-0.273,-0.269,-0.253,-0.240,-0.235,-0.237,-0.239,-0.246,-0.252,-0.261,-0.271,-0.281,-0.294,-0.306,-0.322,-0.337,-0.354,-0.373,-0.391,-0.414,-0.435,-0.460,-0.486,-0.513,-0.543,-0.574,-0.608,-0.643,-0.682,-0.723,-0.766,-0.813,-0.863,-0.917,-0.975,-1.038,-1.106,-1.178,-1.257,-1.342,-1.434,-1.533,-1.640,-1.755,-1.876,-2.005,-2.139,-2.277,-2.420,-2.564,-2.712,-2.866,-3.033,-3.220,-3.437,-3.698,-4.017,-4.413,-4.901,-5.492,-6.158,-6.765,-6.976,-6.391,-5.102,-3.698,-2.646,-2.087,-1.989,-2.309,-3.074,-4.426,-6.606,-9.573,-12.175,-12.873,-11.274,-8.547,-6.166,-4.446,-3.280,-2.497,-1.971,-1.617,-1.376,-1.216,-1.109,-1.042,-1.004,-0.987,-0.989,-1.002,-1.028,-1.063,-1.104,-1.155,-1.211,-1.275,-1.344,-1.420,-1.504,-1.593,-1.692,-1.797,-1.914,-2.040,-2.178,-2.331,-2.496,-2.682,-2.886,-3.116,-3.373,-3.662,-3.996,-4.372,-4.813,-5.324,-5.926,-6.649,-7.514,-8.589,-9.931,-11.668,-14.018,-17.360,-22.452,-25.286,-19.796,-15.636,-12.893,-10.965
556,4.3202,0.5167,2.6518,1.6649,0.6749,5.4000,-0.225,-0.229,-0.264,-0.291,-0.289,-0.322,-0.462,-0.660,-0.756,-0.658,-0.468,-0.336,-0.302,-0.304,-0.292,-0.274,-0.275,-0.285,-0.287,-0.282,-0.284,-0.294,-0.298,-0.297,-0.300,-0.309,-0.315,-0.316,-0.319,-0.327,-0.334,-0.337,-0.340,-0.347,-0.355,-0.359,-0.363,-0.371,-0.379,-0.385,-0.390,-0.398,-0.410,-0.421,-0.431,-0.438,-0.442,-0.441,-0.440,-0.444,-0.452,-0.460,-0.466,-0.472,-0.482,-0.491,-0.498,-0.505,-0.514,-0.524,-0.533,-0.540,-0.551,-0.562,-0.572,-0.583,-0.596,-0.612,-0.630,-0.652,-0.681,-0.710,-0.724,-0.719,-0.706,-0.698,-0.696,-0.695,-0.697,-0.707,-0.726,-0.745,-0.759,-0.771,-0.786,-0.801,-0.813,-0.824,-0.839,-0.855,-0.868,-0.879,-0.894,-0.911,-0.926,-0.938,-0.953,-0.971,-0.988,-1.001,-1.016,-1.035,-1.054,-1.069,-1.084,-1.103,-1.125,-1.143,-1.157,-1.177,-1.201,-1.222,-1.238,-1.258,-1.284,-1.310,-1.328,-1.348,-1.377,-1.409,-1.433,-1.455,-1.488,-1.530,-1.566,-1.595,-1.639,-1.705,-1.774,-1.835,-1.912,-2.024,-2.144,-2.241,-2.361,-2.609,-3.000,-3.344,-3.374,-3.091,-2.788,-2.696,-2.826,-3.059,-3.313,-3.625,-4.074,-4.695,-5.491,-6.521,-7.946,-10.026,-13.194,-18.516,-27.022,-19.137,-13.768,-10.697,-8.723,-7.354,-6.336,-5.556,-4.970,-4.536,-4.193,-3.902,-3.663,-3.488,-3.361,-3.253,-3.158,-3.098,-3.082,-3.092,-3.112,-3.154,-3.239,-3.363,-3.503,-3.649,-3.822,-4.040,-4.294,-4.562,-4.852,-5.189,-5.585,-6.011,-6.429,-6.825,-7.210,-7.575,-7.867,-8.036,-8.090,-8.082,-8.042,-7.946,-7.767,-7.546,-7.350
560,4.9626,0.8100,2.9884,0.6262,0.8856,7.0000,-2.210,-2.172,-2.136,-2.114,-2.088,-2.040,-1.985,-1.944,-1.910,-1.861,-1.798,-1.744,-1.706,-1.663,-1.603,-1.545,-1.507,-1.476,-1.430,-1.378,-1.349,-1.340,-1.322,-1.293,-1.290,-1.329,-1.377,-1.422,-1.520,-1.727,-2.043,-2.487,-3.259,-4.758,-7.430,-10.559,-9.280,-5.904,-3.704,-2.519,-1.876,-1.450,-1.134,-0.932,-0.814,-0.718,-0.625,-0.557,-0.513,-0.464,-0.405,-0.367,-0.356,-0.343,-0.316,-0.296,-0.295,-0.296,-0.285,-0.281,-0.300,-0.321,-0.314,-0.289,-0.276,-0.283,-0.292,-0.298,-0.314,-0.341,-0.365,-0.387,-0.419,-0.464,-0.511,-0.557,-0.617,-0.696,-0.784,-0.880,-0.998,-1.149,-1.328,-1.534,-1.786,-2.108,-2.501,-2.973,-3.551,-4.272,-5.144,-6.147,-7.255,-8.393,-9.337,-9.786,-9.664,-9.145,-8.421,-7.660,-6.986,-6.435,-5.974,-5.585,-5.288,-5.082,-4.927,-4.804,-4.733,-4.722,-4.737,-4.751,-4.786,-4.851,-4.898,-4.884,-4.829,-4.741,-4.567,-4.283,-3.946,-3.602,-3.228,-2.825,-2.456,-2.161,-1.902,-1.646,-1.441,-1.329,-1.261,-1.182,-1.147,-1.250,-1.460,-1.705,-2.162,-3.333,-5.790,-9.165,-8.844,-5.966,-4.290,-3.772,-3.778,-3.771,-3.673,-3.620,-3.534,-3.274,-2.937,-2.686,-2.504,-2.294,-2.084,-1.962,-1.907,-1.832,-1.737,-1.693,-1.693,-1.659,-1.585,-1.541,-1.544,-1.538,-1.508,-1.519,-1.595,-1.680,-1.739,-1.828,-1.985,-2.163,-2.314,-2.483,-2.729,-3.019,-3.287,-3.555,-3.899,-4.307,-4.689,-5.015,-5.347,-5.706,-5.995,-6.118,-6.110,-6.062,-5.966,-5.740,-5.388,-5.029,-4.734,-4.443,-4.091,-3.739,-3.479,-3.286,-3.059
564,5.1398,0.5550,3.5777,0.6211,0.8827,6.2000,-1.874,-1.805,-1.761,-1.705,-1.652,-1.616,-1.562,-1.520,-1.485,-1.432,-1.400,-1.362,-1.314,-1.289,-1.247,-1.209,-1.190,-1.147,-1.126,-1.114,-1.083,-1.092,-1.098,-1.112,-1.198,-1.294,-1.514,-1.985,-2.864,-5.190,-10.686,-9.800,-4.889,-2.957,-2.151,-1.709,-1.613,-1.686,-2.014,-2.783,-3.192,-2.507,-1.617,-1.108,-0.842,-0.669,-0.567,-0.496,-0.434,-0.400,-0.372,-0.346,-0.345,-0.342,-0.360,-0.420,-0.516,-0.749,-1.038,-0.993,-0.662,-0.421,-0.311,-0.238,-0.201,-0.179,-0.159,-0.151,-0.143,-0.137,-0.138,-0.135,-0.137,-0.141,-0.143,-0.150,-0.156,-0.164,-0.175,-0.185,-0.198,-0.213,-0.228,-0.247,-0.266,-0.289,-0.314,-0.341,-0.373,-0.407,-0.446,-0.490,-0.539,-0.596,-0.661,-0.734,-0.821,-0.922,-1.040,-1.178,-1.336,-1.514,-1.701,-1.881,-2.039,-2.169,-2.286,-2.415,-2.582,-2.808,-3.110,-3.507,-4.025,-4.694,-5.561,-6.689,-8.139,-9.931,-11.766,-12.508,-11.258,-9.123,-7.139,-5.556,-4.353,-3.447,-2.771,-2.276,-1.914,-1.665,-1.514,-1.446,-1.483,-1.646,-1.986,-2.604,-3.724,-6.196,-12.496,-14.832,-7.047,-3.935,-2.519,-1.764,-1.350,-1.107,-0.949,-0.864,-0.809,-0.780,-0.781,-0.786,-0.810,-0.846,-0.884,-0.941,-1.001,-1.068,-1.151,-1.235,-1.332,-1.442,-1.555,-1.688,-1.831,-1.985,-2.164,-2.355,-2.569,-2.812,-3.071,-3.364,-3.683,-4.018,-4.385,-4.759,-5.133,-5.513,-5.858,-6.166,-6.428,-6.603,-6.707,-6.747,-6.721,-6.694,-6.671,-6.616,-6.535,-6.411,-6.253,-6.110,-5.963,-5.832,-5.740,-5.656,-5.611,-5.603,-5.608,-5.667,-5.753
568,4.7373,0.4307,3.3609,1.1979,1.0269,7.8000,-1.731,-1.739,-1.760,-1.791,-1.803,-1.812,-1.837,-1.851,-1.849,-1.859,-1.870,-1.860,-1.852,-1.856,-1.843,-1.821,-1.814,-1.804,-1.779,-1.764,-1.763,-1.752,-1.746,-1.768,-1.800,-1.839,-1.922,-2.057,-2.237,-2.507,-2.932,-3.553,-4.447,-5.739,-7.387,-8.665,-8.348,-6.850,-5.399,-4.374,-3.725,-3.476,-3.766,-4.440,-4.661,-3.862,-2.794,-2.071,-1.644,-1.334,-1.110,-0.966,-0.848,-0.742,-0.669,-0.610,-0.550,-0.503,-0.471,-0.435,-0.403,-0.385,-0.366,-0.344,-0.334,-0.327,-0.315,-0.311,-0.315,-0.315,-0.318,-0.333,-0.346,-0.359,-0.388,-0.423,-0.455,-0.510,-0.585,-0.663,-0.780,-0.963,-1.194,-1.548,-2.106,-2.496,-2.128,-1.345,-0.836,-0.697,-0.689,-0.710,-0.801,-0.915,-1.005,-1.123,-1.263,-1.373,-1.492,-1.642,-1.764,-1.882,-2.051,-2.215,-2.375,-2.647,-3.029,-3.570,-4.747,-7.196,-10.450,-10.758,-9.185,-8.696,-9.209,-10.405,-12.633,-16.450,-18.272,-13.518,-9.346,-6.578,-4.826,-3.741,-3.074,-2.711,-2.583,-2.601,-2.717,-2.990,-3.514,-4.442,-6.110,-9.013,-12.092,-9.775,-6.141,-3.870,-2.581,-1.832,-1.367,-1.083,-0.916,-0.807,-0.740,-0.715,-0.712,-0.719,-0.750,-0.798,-0.849,-0.916,-1.004,-1.097,-1.201,-1.329,-1.468,-1.615,-1.785,-1.968,-2.149,-2.336,-2.521,-2.674,-2.794,-2.880,-2.908,-2.882,-2.826,-2.738,-2.626,-2.521,-2.426,-2.334,-2.266,-2.228,-2.201,-2.196,-2.227,-2.274,-2.334,-2.430,-2.552,-2.682,-2.841,-3.035,-3.238,-3.455,-3.707,-3.968,-4.214,-4.465,-4.708,-4.894,-5.016,-5.094,-5.092,-4.987,-4.823,-4.627,-4.375
572,5.0322,0.6103,3.3012,1.9919,0.8071,6.2000,-2.309,-2.258,-2.211,-2.167,-2.119,-2.076,-2.033,-1.987,-1.946,-1.903,-1.858,-1.817,-1.773,-1.728,-1.687,-1.641,-1.597,-1.555,-1.509,-1.467,-1.424,-1.379,-1.340,-1.299,-1.258,-1.224,-1.185,-1.151,-1.124,-1.092,-1.071,-1.054,-1.038,-1.040,-1.048,-1.071,-1.132,-1.218,-1.385,-1.687,-2.203,-3.175,-4.211,-3.868,-2.696,-1.992,-1.707,-1.681,-2.040,-2.856,-4.591,-8.089,-10.224,-6.564,-3.888,-2.519,-1.766,-1.326,-1.054,-0.890,-0.805,-0.818,-0.939,-0.977,-0.804,-0.601,-0.481,-0.396,-0.338,-0.298,-0.263,-0.238,-0.217,-0.197,-0.184,-0.170,-0.160,-0.152,-0.143,-0.138,-0.134,-0.130,-0.129,-0.127,-0.127,-0.129,-0.130,-0.134,-0.138,-0.143,-0.151,-0.158,-0.167,-0.178,-0.189,-0.203,-0.218,-0.234,-0.254,-0.275,-0.298,-0.325,-0.354,-0.388,-0.425,-0.467,-0.516,-0.571,-0.634,-0.708,-0.793,-0.895,-1.015,-1.158,-1.334,-1.547,-1.809,-2.133,-2.528,-3.005,-3.561,-4.181,-4.851,-5.558,-6.345,-7.308,-8.603,-10.432,-12.726,-13.657,-11.099,-7.876,-5.486,-3.916,-2.978,-2.517,-2.450,-2.801,-3.716,-5.593,-9.489,-18.560,-14.705,-8.603,-5.751,-4.091,-3.035,-2.343,-1.871,-1.550,-1.328,-1.170,-1.063,-0.990,-0.943,-0.919,-0.909,-0.915,-0.934,-0.960,-0.999,-1.046,-1.101,-1.165,-1.235,-1.314,-1.401,-1.494,-1.597,-1.707,-1.826,-1.958,-2.101,-2.262,-2.443,-2.646,-2.879,-3.146,-3.449,-3.797,-4.190,-4.631,-5.124,-5.658,-6.229,-6.819,-7.390,-7.907,-8.315,-8.560,-8.621,-8.499,-8.220,-7.845,-7.415,-6.967,-6.536,-6.130,-5.758,-5.431,-5.141
576,5.0925,0.7311,3.0184,1.4462,0.9309,4.8000,-3.395,-3.200,-2.992,-2.809,-2.630,-2.473,-2.338,-2.205,-2.100,-1.995,-1.904,-1.824,-1.741,-1.677,-1.605,-1.544,-1.486,-1.425,-1.378,-1.321,-1.275,-1.228,-1.179,-1.142,-1.092,-1.058,-1.016,-0.979,-0.948,-0.908,-0.886,-0.850,-0.829,-0.808,-0.786,-0.786,-0.774,-0.802,-0.837,-0.929,-1.128,-1.505,-2.259,-2.575,-1.950,-1.372,-0.974,-0.686,-0.562,-0.467,-0.412,-0.372,-0.333,-0.313,-0.284,-0.269,-0.250,-0.235,-0.225,-0.211,-0.206,-0.200,-0.203,-0.202,-0.194,-0.193,-0.192,-0.200,-0.208,-0.215,-0.201,-0.162,-0.129,-0.109,-0.101,-0.097,-0.097,-0.099,-0.101,-0.106,-0.110,-0.116,-0.122,-0.129,-0.138,-0.146,-0.156,-0.167,-0.178,-0.191,-0.204,-0.220,-0.235,-0.253,-0.272,-0.291,-0.313,-0.336,-0.361,-0.388,-0.417,-0.448,-0.481,-0.518,-0.557,-0.601,-0.647,-0.699,-0.755,-0.817,-0.886,-0.961,-1.047,-1.142,-1.248,-1.369,-1.503,-1.657,-1.827,-2.016,-2.221,-2.433,-2.644,-2.831,-2.980,-3.076,-3.130,-3.167,-3.225,-3.345,-3.551,-3.840,-4.101,-4.048,-3.422,-2.572,-2.073,-2.082,-2.538,-3.440,-4.929,-7.383,-11.647,-17.673,-13.005,-8.170,-5.442,-3.809,-2.789,-2.127,-1.689,-1.392,-1.190,-1.054,-0.962,-0.905,-0.872,-0.859,-0.861,-0.876,-0.903,-0.938,-0.985,-1.039,-1.102,-1.174,-1.254,-1.346,-1.446,-1.558,-1.682,-1.817,-1.969,-2.133,-2.317,-2.519,-2.742,-2.992,-3.265,-3.575,-3.917,-4.305,-4.743,-5.237,-5.805,-6.449,-7.192,-8.040,-8.999,-10.077,-11.216,-12.332,-13.220,-13.606,-13.399,-12.712,-11.810,-10.914,-10.097,-9.423,-8.893
580,4.7832,0.4458,2.9438,0.6035,1.0017,7.4000,-1.714,-1.724,-1.748,-1.744,-1.743,-1.761,-1.757,-1.743,-1.751,-1.744,-1.719,-1.712,-1.702,-1.668,-1.647,-1.631,-1.594,-1.561,-1.541,-1.504,-1.465,-1.443,-1.413,-1.375,-1.356,-1.340,-1.316,-1.312,-1.325,-1.336,-1.374,-1.458,-1.572,-1.755,-2.082,-2.611,-3.503,-5.165,-8.017,-10.241,-7.725,-4.821,-3.156,-2.238,-1.659,-1.295,-1.074,-0.899,-0.766,-0.688,-0.615,-0.546,-0.512,-0.480,-0.436,-0.422,-0.412,-0.384,-0.381,-0.390,-0.375,-0.382,-0.411,-0.414,-0.437,-0.504,-0.545,-0.621,-0.799,-1.003,-1.385,-2.221,-2.904,-2.321,-1.275,-0.741,-0.609,-0.538,-0.516,-0.574,-0.622,-0.669,-0.758,-0.833,-0.887,-0.955,-1.001,-1.016,-1.043,-1.076,-1.111,-1.193,-1.329,-1.512,-1.781,-2.163,-2.660,-3.317,-4.196,-5.310,-6.701,-8.428,-10.329,-11.775,-11.592,-9.854,-8.496,-8.813,-11.778,-20.526,-20.889,-13.346,-10.559,-9.182,-8.507,-8.330,-8.426,-8.601,-8.536,-7.654,-6.059,-4.466,-3.254,-2.463,-1.996,-1.724,-1.562,-1.483,-1.453,-1.444,-1.463,-1.505,-1.552,-1.614,-1.696,-1.780,-1.875,-1.988,-2.103,-2.224,-2.358,-2.487,-2.606,-2.725,-2.818,-2.877,-2.910,-2.899,-2.839,-2.751,-2.629,-2.477,-2.323,-2.166,-2.005,-1.863,-1.736,-1.616,-1.520,-1.444,-1.373,-1.323,-1.293,-1.266,-1.254,-1.262,-1.272,-1.292,-1.333,-1.375,-1.424,-1.496,-1.573,-1.653,-1.759,-1.876,-1.996,-2.145,-2.312,-2.480,-2.676,-2.898,-3.116,-3.353,-3.616,-3.866,-4.110,-4.367,-4.594,-4.772,-4.933,-5.049,-5.082,-5.075,-5.036,-4.923,-4.771,-4.626,-4.448,-4.242,-4.070
584,5.1787,0.5746,3.7311,0.5956,0.9720,5.2000,-1.654,-1.604,-1.546,-1.494,-1.458,-1.403,-1.375,-1.330,-1.294,-1.265,-1.219,-1.199,-1.155,-1.130,-1.099,-1.062,-1.046,-1.004,-0.991,-0.961,-0.939,-0.933,-0.907,-0.926,-0.921,-0.968,-1.047,-1.191,-1.563,-2.295,-4.239,-6.085,-4.064,-2.310,-1.602,-1.233,-1.096,-1.047,-1.137,-1.400,-1.989,-2.508,-1.996,-1.247,-0.869,-0.653,-0.534,-0.450,-0.395,-0.362,-0.330,-0.318,-0.303,-0.304,-0.314,-0.338,-0.403,-0.512,-0.729,-0.911,-0.788,-0.524,-0.362,-0.275,-0.225,-0.200,-0.181,-0.173,-0.167,-0.165,-0.168,-0.169,-0.176,-0.181,-0.190,-0.201,-0.212,-0.228,-0.243,-0.262,-0.282,-0.306,-0.333,-0.361,-0.396,-0.433,-0.476,-0.525,-0.581,-0.646,-0.721,-0.809,-0.912,-1.033,-1.174,-1.336,-1.514,-1.692,-1.841,-1.924,-1.917,-1.835,-1.719,-1.613,-1.538,-1.506,-1.515,-1.562,-1.645,-1.762,-1.915,-2.107,-2.344,-2.636,-2.995,-3.442,-4.002,-4.720,-5.657,-6.917,-8.676,-11.279,-15.500,-22.053,-17.754,-12.024,-8.552,-6.280,-4.740,-3.697,-3.031,-2.667,-2.580,-2.680,-2.878,-3.440,-4.960,-8.611,-17.049,-11.561,-6.264,-3.886,-2.650,-1.957,-1.536,-1.270,-1.102,-0.989,-0.923,-0.881,-0.865,-0.865,-0.876,-0.905,-0.937,-0.985,-1.038,-1.100,-1.173,-1.250,-1.341,-1.437,-1.547,-1.666,-1.795,-1.943,-2.098,-2.275,-2.466,-2.676,-2.913,-3.167,-3.456,-3.770,-4.121,-4.512,-4.938,-5.420,-5.940,-6.516,-7.143,-7.804,-8.514,-9.224,-9.936,-10.634,-11.286,-11.950,-12.603,-13.246,-13.873,-14.354,-14.721,-14.905,-14.947,-14.920,-14.781,-14.661,-14.462,-14.265,-14.020
588,5.4665,0.4766,2.6943,0.5029,0.7487,8.2000,-1.626,-1.626,-1.610,-1.591,-1.586,-1.560,-1.542,-1.528,-1.497,-1.478,-1.455,-1.420,-1.400,-1.370,-1.336,-1.315,-1.281,-1.252,-1.232,-1.201,-1.181,-1.167,-1.148,-1.148,-1.157,-1.173,-1.227,-1.314,-1.458,-1.748,-2.255,-3.258,-5.307,-7.517,-5.970,-3.522,-2.273,-1.624,-1.229,-1.043,-0.887,-0.786,-0.753,-0.685,-0.683,-0.703,-0.703,-0.841,-1.017,-1.461,-2.561,-2.988,-1.870,-1.018,-0.758,-0.601,-0.525,-0.516,-0.484,-0.492,-0.507,-0.511,-0.546,-0.572,-0.606,-0.659,-0.706,-0.771,-0.850,-0.932,-1.042,-1.167,-1.314,-1.501,-1.719,-1.993,-2.339,-2.768,-3.330,-4.067,-5.044,-6.389,-8.251,-10.775,-13.491,-13.457,-10.495,-7.683,-5.631,-4.178,-3.157,-2.450,-1.960,-1.635,-1.441,-1.349,-1.355,-1.461,-1.670,-2.013,-2.524,-3.257,-4.310,-5.816,-8.002,-11.318,-16.758,-22.516,-16.162,-11.693,-9.011,-7.239,-6.003,-5.101,-4.423,-3.903,-3.488,-3.149,-2.858,-2.588,-2.327,-2.054,-1.763,-1.463,-1.168,-0.908,-0.706,-0.567,-0.491,-0.467,-0.480,-0.524,-0.588,-0.667,-0.762,-0.865,-0.978,-1.098,-1.219,-1.338,-1.445,-1.529,-1.588,-1.618,-1.635,-1.663,-1.724,-1.846,-2.050,-2.356,-2.800,-3.425,-4.312,-5.611,-7.591,-10.809,-15.880,-15.208,-10.078,-7.202,-5.851,-5.289,-5.040,-4.887,-4.740,-4.595,-4.485,-4.408,-4.384,-4.420,-4.499,-4.636,-4.821,-5.037,-5.284,-5.515,-5.670,-5.722,-5.670,-5.590,-5.537,-5.492,-5.453,-5.409,-5.332,-5.238,-5.125,-4.982,-4.838,-4.684,-4.518,-4.368,-4.214,-4.062,-3.932,-3.799,-3.680,-3.580,-3.475,-3.393,-3.322
592,5.0337,0.4969,3.3069,1.4667,1.1593,4.0000,-2.729,-2.518,-2.330,-2.180,-2.063,-1.950,-1.872,-1.791,-1.728,-1.675,-1.616,-1.579,-1.529,-1.493,-1.457,-1.416,-1.391,-1.349,-1.324,-1.290,-1.258,-1.234,-1.195,-1.175,-1.139,-1.114,-1.089,-1.055,-1.039,-1.004,-0.988,-0.963,-0.942,-0.934,-0.910,-0.918,-0.911,-0.935,-0.980,-1.057,-1.253,-1.592,-2.331,-2.771,-2.145,-1.601,-1.575,-1.997,-2.306,-1.738,-1.099,-0.794,-0.607,-0.517,-0.446,-0.399,-0.368,-0.334,-0.317,-0.293,-0.281,-0.268,-0.256,-0.253,-0.248,-0.257,-0.266,-0.265,-0.244,-0.220,-0.208,-0.196,-0.193,-0.189,-0.188,-0.190,-0.190,-0.194,-0.197,-0.203,-0.209,-0.216,-0.226,-0.234,-0.247,-0.258,-0.272,-0.287,-0.303,-0.322,-0.341,-0.363,-0.386,-0.411,-0.439,-0.467,-0.501,-0.534,-0.573,-0.614,-0.658,-0.707,-0.759,-0.817,-0.879,-0.947,-1.022,-1.102,-1.192,-1.287,-1.392,-1.504,-1.623,-1.749,-1.878,-2.010,-2.139,-2.263,-2.379,-2.482,-2.577,-2.662,-2.746,-2.835,-2.942,-3.076,-3.250,-3.482,-3.780,-4.157,-4.592,-4.999,-5.154,-4.771,-3.917,-3.108,-2.840,-3.370,-4.951,-8.055,-12.283,-10.879,-7.083,-4.730,-3.345,-2.502,-1.969,-1.620,-1.390,-1.234,-1.131,-1.064,-1.022,-1.001,-0.992,-0.995,-1.005,-1.023,-1.046,-1.072,-1.105,-1.139,-1.179,-1.223,-1.270,-1.323,-1.379,-1.443,-1.511,-1.587,-1.671,-1.762,-1.867,-1.979,-2.108,-2.251,-2.413,-2.600,-2.811,-3.061,-3.349,-3.693,-4.108,-4.610,-5.241,-6.032,-7.066,-8.439,-10.331,-13.115,-17.668,-28.698,-24.570,-16.611,-12.829,-10.543,-9.013,-7.969,-7.251,-6.749,-6.431
596,5.2808,0.4986,3.3939,0.6037,0.9483,7.0000,-1.850,-1.834,-1.810,-1.810,-1.800,-1.771,-1.763,-1.757,-1.729,-1.713,-1.713,-1.695,-1.679,-1.689,-1.693,-1.694,-1.729,-1.781,-1.838,-1.946,-2.121,-2.354,-2.713,-3.308,-4.243,-5.781,-8.561,-13.682,-16.167,-10.297,-6.715,-4.824,-3.837,-3.173,-2.498,-1.878,-1.478,-1.260,-1.096,-0.956,-0.861,-0.788,-0.721,-0.672,-0.644,-0.647,-0.663,-0.624,-0.524,-0.454,-0.440,-0.424,-0.403,-0.410,-0.419,-0.421,-0.457,-0.513,-0.585,-0.749,-0.966,-0.997,-0.787,-0.571,-0.480,-0.455,-0.448,-0.468,-0.505,-0.546,-0.605,-0.681,-0.769,-0.882,-1.026,-1.200,-1.422,-1.707,-2.063,-2.515,-3.090,-3.796,-4.643,-5.616,-6.635,-7.575,-8.297,-8.692,-8.786,-8.712,-8.573,-8.461,-8.441,-8.525,-8.730,-9.088,-9.603,-10.281,-11.157,-12.194,-13.245,-13.998,-13.888,-12.747,-11.074,-9.319,-7.721,-6.361,-5.217,-4.268,-3.501,-2.876,-2.364,-1.956,-1.631,-1.361,-1.148,-0.985,-0.846,-0.737,-0.662,-0.599,-0.549,-0.527,-0.515,-0.505,-0.525,-0.557,-0.587,-0.647,-0.721,-0.768,-0.839,-0.961,-1.099,-1.328,-1.743,-2.347,-3.479,-6.044,-10.446,-10.155,-6.801,-5.360,-4.991,-4.792,-4.599,-4.376,-3.971,-3.529,-3.183,-2.863,-2.597,-2.447,-2.339,-2.251,-2.242,-2.268,-2.291,-2.367,-2.484,-2.590,-2.731,-2.922,-3.106,-3.305,-3.561,-3.819,-4.070,-4.369,-4.679,-4.950,-5.234,-5.522,-5.737,-5.900,-6.048,-6.111,-6.073,-6.010,-5.903,-5.706,-5.492,-5.292,-5.048,-4.789,-4.579,-4.371,-4.150,-3.991,-3.882,-3.777,-3.745,-3.811,-3.909,-4.070,-4.350,-4.668,-5.012,-5.475,-5.995
600,4.5157,0.4793,3.0743,0.4647,0.9563,7.0000,-0.316,-0.312,-0.288,-0.286,-0.293,-0.280,-0.286,-0.295,-0.286,-0.295,-0.305,-0.297,-0.308,-0.319,-0.313,-0.325,-0.338,-0.332,-0.346,-0.362,-0.357,-0.374,-0.396,-0.392,-0.418,-0.453,-0.459,-0.515,-0.605,-0.688,-0.982,-1.481,-1.567,-1.092,-0.702,-0.605,-0.570,-0.542,-0.575,-0.588,-0.556,-0.537,-0.524,-0.508,-0.514,-0.521,-0.520,-0.532,-0.547,-0.553,-0.565,-0.577,-0.583,-0.597,-0.612,-0.621,-0.636,-0.653,-0.666,-0.682,-0.702,-0.719,-0.741,-0.764,-0.781,-0.800,-0.825,-0.848,-0.872,-0.903,-0.931,-0.962,-0.999,-1.036,-1.076,-1.124,-1.174,-1.229,-1.294,-1.365,-1.446,-1.544,-1.657,-1.789,-1.952,-2.149,-2.386,-2.678,-3.027,-3.428,-3.870,-4.311,-4.693,-4.979,-5.151,-5.228,-5.257,-5.277,-5.311,-5.381,-5.498,-5.658,-5.871,-6.136,-6.442,-6.789,-7.162,-7.524,-7.839,-8.054,-8.096,-7.938,-7.586,-7.073,-6.478,-5.865,-5.269,-4.729,-4.258,-3.850,-3.507,-3.230,-3.001,-2.817,-2.683,-2.582,-2.514,-2.491,-2.503,-2.554,-2.669,-2.848,-3.071,-3.283,-3.382,-3.386,-3.505,-3.907,-4.688,-6.200,-9.265,-15.342,-17.818,-12.546,-10.175,-9.064,-8.360,-7.863,-7.412,-6.941,-6.531,-6.177,-5.838,-5.559,-5.337,-5.132,-4.961,-4.836,-4.722,-4.624,-4.563,-4.513,-4.468,-4.451,-4.449,-4.446,-4.462,-4.498,-4.530,-4.570,-4.630,-4.686,-4.738,-4.806,-4.873,-4.925,-4.987,-5.052,-5.097,-5.142,-5.196,-5.229,-5.254,-5.292,-5.311,-5.313,-5.328,-5.327,-5.298,-5.274,-5.232,-5.146,-5.047,-4.922,-4.739,-4.533,-4.313,-4.055,-3.803,-3.587,-3.381
604,5.5875,0.7399,2.7942,1.1502,0.7345,4.0000,-2.338,-2.147,-1.976,-1.856,-1.745,-1.654,-1.584,-1.507,-1.458,-1.398,-1.352,-1.311,-1.263,-1.234,-1.189,-1.160,-1.126,-1.090,-1.067,-1.028,-1.007,-0.974,-0.947,-0.926,-0.892,-0.878,-0.846,-0.829,-0.809,-0.785,-0.779,-0.754,-0.757,-0.749,-0.761,-0.798,-0.847,-1.009,-1.281,-1.974,-2.686,-2.128,-1.267,-0.894,-0.693,-0.581,-0.512,-0.457,-0.429,-0.396,-0.379,-0.362,-0.350,-0.345,-0.344,-0.358,-0.392,-0.471,-0.633,-0.863,-0.909,-0.721,-0.552,-0.449,-0.383,-0.345,-0.312,-0.291,-0.273,-0.268,-0.271,-0.274,-0.282,-0.287,-0.296,-0.304,-0.314,-0.327,-0.338,-0.354,-0.370,-0.388,-0.409,-0.430,-0.455,-0.481,-0.511,-0.542,-0.577,-0.615,-0.655,-0.700,-0.748,-0.801,-0.858,-0.919,-0.987,-1.060,-1.140,-1.226,-1.321,-1.424,-1.536,-1.659,-1.792,-1.937,-2.092,-2.260,-2.440,-2.628,-2.825,-3.024,-3.223,-3.411,-3.583,-3.732,-3.849,-3.936,-3.993,-4.029,-4.056,-4.087,-4.137,-4.217,-4.338,-4.499,-4.689,-4.870,-4.965,-4.869,-4.486,-3.839,-3.083,-2.416,-1.985,-1.880,-2.192,-3.088,-4.930,-8.303,-11.806,-9.047,-5.691,-3.730,-2.596,-1.921,-1.503,-1.238,-1.073,-0.969,-0.912,-0.885,-0.882,-0.897,-0.926,-0.967,-1.016,-1.074,-1.137,-1.205,-1.279,-1.357,-1.443,-1.534,-1.634,-1.744,-1.864,-1.997,-2.142,-2.304,-2.482,-2.678,-2.898,-3.137,-3.408,-3.705,-4.038,-4.411,-4.827,-5.299,-5.827,-6.430,-7.114,-7.893,-8.794,-9.823,-11.028,-12.425,-14.051,-15.931,-17.924,-19.615,-20.088,-19.054,-17.410,-15.776,-14.357,-13.202,-12.241,-11.477,-10.865
608,4.8271,0.5865,2.7074,1.6335,0.8457,6.2000,-2.228,-2.224,-2.228,-2.232,-2.212,-2.208,-2.193,-2.163,-2.150,-2.118,-2.084,-2.061,-2.015,-1.981,-1.946,-1.892,-1.858,-1.809,-1.756,-1.720,-1.662,-1.615,-1.573,-1.513,-1.475,-1.425,-1.373,-1.341,-1.288,-1.252,-1.222,-1.177,-1.162,-1.137,-1.118,-1.133,-1.133,-1.185,-1.274,-1.404,-1.707,-2.188,-3.094,-4.320,-4.335,-3.395,-2.683,-1.919,-1.259,-0.955,-0.760,-0.620,-0.549,-0.470,-0.423,-0.385,-0.344,-0.326,-0.302,-0.294,-0.303,-0.343,-0.414,-0.396,-0.300,-0.241,-0.203,-0.177,-0.164,-0.148,-0.141,-0.135,-0.129,-0.132,-0.132,-0.142,-0.158,-0.183,-0.232,-0.303,-0.396,-0.439,-0.375,-0.278,-0.207,-0.161,-0.136,-0.120,-0.112,-0.109,-0.106,-0.109,-0.112,-0.116,-0.124,-0.130,-0.139,-0.149,-0.159,-0.173,-0.186,-0.201,-0.219,-0.236,-0.258,-0.279,-0.303,-0.332,-0.360,-0.394,-0.431,-0.471,-0.518,-0.569,-0.628,-0.695,-0.771,-0.862,-0.966,-1.091,-1.243,-1.427,-1.660,-1.959,-2.353,-2.900,-3.681,-4.874,-6.812,-10.210,-16.240,-15.909,-10.518,-7.313,-5.146,-3.679,-2.836,-2.503,-2.592,-3.092,-4.110,-5.937,-9.285,-16.548,-20.360,-10.833,-6.853,-4.693,-3.399,-2.575,-2.032,-1.664,-1.407,-1.228,-1.102,-1.014,-0.957,-0.921,-0.902,-0.899,-0.905,-0.924,-0.950,-0.983,-1.026,-1.072,-1.128,-1.190,-1.256,-1.333,-1.416,-1.508,-1.614,-1.728,-1.860,-2.008,-2.175,-2.370,-2.587,-2.837,-3.124,-3.445,-3.814,-4.228,-4.688,-5.205,-5.762,-6.361,-6.992,-7.612,-8.206,-8.720,-9.085,-9.286,-9.283,-9.079,-8.746,-8.304,-7.809,-7.323,-6.837
612,5.3961,0.4693,3.5275,1.2170,1.0630,7.8000,-1.710,-1.721,-1.717,-1.720,-1.731,-1.727,-1.723,-1.732,-1.731,-1.722,-1.729,-1.734,-1.728,-1.739,-1.759,-1.772,-1.805,-1.868,-1.942,-2.059,-2.254,-2.545,-3.007,-3.801,-5.203,-7.839,-12.858,-14.470,-8.919,-5.907,-4.442,-3.786,-3.997,-5.113,-5.818,-4.597,-3.032,-2.165,-1.724,-1.395,-1.181,-1.059,-0.937,-0.837,-0.781,-0.720,-0.658,-0.625,-0.591,-0.549,-0.528,-0.510,-0.482,-0.468,-0.462,-0.446,-0.438,-0.442,-0.438,-0.437,-0.452,-0.460,-0.471,-0.498,-0.525,-0.551,-0.599,-0.654,-0.711,-0.796,-0.906,-1.030,-1.206,-1.450,-1.764,-2.231,-2.957,-4.075,-5.945,-8.744,-9.212,-5.965,-3.446,-2.132,-1.534,-1.286,-1.244,-1.350,-1.551,-1.832,-2.201,-2.644,-3.156,-3.739,-4.384,-5.078,-5.816,-6.594,-7.423,-8.321,-9.327,-10.545,-12.089,-14.177,-17.728,-26.369,-22.468,-14.583,-10.373,-7.527,-5.476,-4.011,-2.968,-2.225,-1.711,-1.365,-1.131,-0.978,-0.893,-0.853,-0.847,-0.876,-0.937,-1.019,-1.129,-1.270,-1.427,-1.609,-1.857,-2.243,-2.890,-3.936,-5.186,-5.632,-4.668,-3.318,-2.320,-1.700,-1.317,-1.088,-0.963,-0.896,-0.869,-0.880,-0.915,-0.965,-1.039,-1.134,-1.241,-1.370,-1.525,-1.696,-1.890,-2.115,-2.355,-2.608,-2.870,-3.112,-3.305,-3.436,-3.482,-3.441,-3.348,-3.231,-3.111,-3.021,-2.975,-2.967,-3.005,-3.094,-3.221,-3.381,-3.584,-3.819,-4.072,-4.352,-4.651,-4.945,-5.233,-5.514,-5.765,-5.972,-6.154,-6.317,-6.461,-6.625,-6.864,-7.201,-7.669,-8.322,-9.166,-10.121,-11.098,-11.938,-12.378,-12.355,-12.012,-11.444,-10.811,-10.243,-9.715
616,5.1146,0.4420,3.0116,0.9811,1.0346,5.0000,-2.422,-2.309,-2.218,-2.127,-2.052,-1.985,-1.918,-1.866,-1.809,-1.762,-1.716,-1.668,-1.630,-1.583,-1.545,-1.504,-1.462,-1.427,-1.382,-1.348,-1.307,-1.267,-1.233,-1.190,-1.159,-1.118,-1.084,-1.052,-1.015,-0.990,-0.955,-0.934,-0.911,-0.892,-0.891,-0.885,-0.919,-0.967,-1.091,-1.342,-1.850,-2.727,-2.869,-1.952,-1.308,-1.002,-0.755,-0.615,-0.524,-0.464,-0.423,-0.387,-0.365,-0.344,-0.332,-0.330,-0.335,-0.364,-0.425,-0.554,-0.754,-0.808,-0.619,-0.429,-0.326,-0.259,-0.224,-0.198,-0.181,-0.170,-0.160,-0.156,-0.151,-0.150,-0.149,-0.150,-0.154,-0.156,-0.162,-0.167,-0.175,-0.185,-0.194,-0.207,-0.219,-0.235,-0.251,-0.270,-0.291,-0.313,-0.339,-0.366,-0.398,-0.432,-0.470,-0.513,-0.560,-0.614,-0.673,-0.741,-0.819,-0.906,-1.008,-1.125,-1.263,-1.424,-1.615,-1.845,-2.121,-2.458,-2.869,-3.374,-3.995,-4.748,-5.642,-6.642,-7.639,-8.402,-8.674,-8.388,-7.746,-7.012,-6.345,-5.818,-5.444,-5.224,-5.149,-5.206,-5.376,-5.589,-5.713,-5.544,-5.014,-4.374,-4.051,-4.263,-4.601,-4.370,-3.666,-2.964,-2.424,-2.039,-1.769,-1.578,-1.445,-1.350,-1.285,-1.242,-1.214,-1.201,-1.196,-1.201,-1.213,-1.231,-1.256,-1.284,-1.318,-1.356,-1.398,-1.445,-1.494,-1.549,-1.607,-1.669,-1.736,-1.807,-1.884,-1.966,-2.057,-2.157,-2.271,-2.406,-2.569,-2.781,-3.064,-3.460,-4.013,-4.746,-5.624,-6.504,-7.232,-7.736,-8.063,-8.305,-8.518,-8.749,-9.003,-9.288,-9.601,-9.921,-10.251,-10.553,-10.820,-11.026,-11.136,-11.158,-11.060,-10.863,-10.581,-10.220,-9.826
620,5.5231,0.4116,2.8880,1.5057,0.7952,6.4000,-1.783,-1.810,-1.806,-1.825,-1.845,-1.846,-1.877,-1.892,-1.909,-1.950,-1.973,-2.022,-2.088,-2.154,-2.271,-2.416,-2.616,-2.930,-3.372,-4.066,-5.199,-7.065,-10.348,-15.213,-13.294,-8.648,-5.901,-4.298,-3.288,-2.642,-2.205,-1.879,-1.651,-1.473,-1.324,-1.220,-1.122,-1.044,-0.990,-0.930,-0.897,-0.879,-0.866,-0.924,-0.979,-0.949,-1.009,-1.176,-1.121,-0.908,-0.878,-0.936,-1.027,-1.311,-1.758,-2.726,-4.376,-4.358,-2.574,-1.484,-1.067,-0.860,-0.805,-0.826,-0.886,-1.025,-1.217,-1.497,-1.906,-2.458,-3.225,-4.206,-5.323,-6.340,-6.852,-6.736,-6.215,-5.592,-5.042,-4.595,-4.263,-4.026,-3.863,-3.771,-3.727,-3.731,-3.777,-3.855,-3.968,-4.109,-4.277,-4.470,-4.681,-4.910,-5.147,-5.382,-5.608,-5.804,-5.960,-6.055,-6.074,-6.013,-5.864,-5.639,-5.349,-5.011,-4.646,-4.268,-3.893,-3.530,-3.186,-2.867,-2.573,-2.307,-2.067,-1.852,-1.663,-1.494,-1.347,-1.219,-1.107,-1.013,-0.931,-0.864,-0.809,-0.764,-0.735,-0.714,-0.706,-0.715,-0.735,-0.783,-0.857,-0.978,-1.196,-1.563,-2.268,-3.162,-3.417,-3.090,-2.933,-3.006,-3.167,-3.354,-3.442,-3.421,-3.307,-3.128,-2.955,-2.794,-2.667,-2.584,-2.529,-2.520,-2.543,-2.591,-2.675,-2.767,-2.877,-3.001,-3.128,-3.278,-3.437,-3.611,-3.810,-4.016,-4.245,-4.490,-4.740,-5.011,-5.281,-5.546,-5.813,-6.049,-6.264,-6.446,-6.569,-6.653,-6.680,-6.647,-6.584,-6.472,-6.331,-6.185,-6.017,-5.857,-5.709,-5.562,-5.446,-5.345,-5.262,-5.220,-5.192,-5.200,-5.246,-5.312,-5.430,-5.583,-5.773,-6.033,-6.331
624,4.9668,0.5888,3.3060,1.3638,1.0429,4.2000,-2.839,-2.609,-2.421,-2.229,-2.126,-1.985,-1.901,-1.822,-1.729,-1.692,-1.606,-1.572,-1.519,-1.463,-1.442,-1.375,-1.361,-1.310,-1.275,-1.254,-1.199,-1.194,-1.141,-1.126,-1.100,-1.062,-1.067,-1.021,-1.038,-1.023,-1.040,-1.101,-1.163,-1.417,-1.836,-2.977,-4.141,-3.191,-2.070,-1.618,-1.514,-1.648,-2.134,-3.036,-3.261,-2.916,-2.438,-1.569,-1.037,-0.808,-0.628,-0.556,-0.472,-0.428,-0.390,-0.349,-0.333,-0.298,-0.286,-0.264,-0.248,-0.239,-0.221,-0.218,-0.206,-0.205,-0.206,-0.212,-0.222,-0.205,-0.186,-0.167,-0.158,-0.153,-0.148,-0.149,-0.146,-0.149,-0.150,-0.152,-0.158,-0.160,-0.169,-0.173,-0.182,-0.191,-0.200,-0.213,-0.223,-0.238,-0.252,-0.269,-0.287,-0.305,-0.328,-0.350,-0.376,-0.404,-0.434,-0.469,-0.505,-0.547,-0.592,-0.643,-0.700,-0.762,-0.834,-0.912,-1.002,-1.100,-1.209,-1.329,-1.455,-1.588,-1.718,-1.843,-1.951,-2.038,-2.103,-2.143,-2.170,-2.188,-2.210,-2.244,-2.300,-2.386,-2.509,-2.685,-2.921,-3.240,-3.653,-4.158,-4.673,-4.913,-4.510,-3.701,-3.331,-3.958,-5.849,-8.758,-9.267,-6.696,-4.674,-3.539,-2.958,-2.687,-2.578,-2.526,-2.465,-2.364,-2.224,-2.069,-1.915,-1.778,-1.662,-1.568,-1.496,-1.440,-1.401,-1.374,-1.359,-1.353,-1.355,-1.366,-1.381,-1.405,-1.433,-1.469,-1.509,-1.555,-1.610,-1.668,-1.738,-1.815,-1.903,-2.006,-2.123,-2.265,-2.433,-2.645,-2.914,-3.267,-3.750,-4.415,-5.353,-6.611,-8.110,-9.455,-10.121,-10.170,-10.046,-10.106,-10.450,-11.133,-12.155,-13.399,-14.500,-14.607,-13.496,-11.836,-10.325
628,4.6130,0.6857,2.7754,1.9331,0.8028,3.8000,-2.605,-2.961,-3.316,-3.624,-3.836,-3.908,-3.853,-3.704,-3.497,-3.279,-3.062,-2.860,-2.681,-2.517,-2.376,-2.249,-2.135,-2.036,-1.941,-1.860,-1.782,-1.710,-1.646,-1.581,-1.525,-1.468,-1.415,-1.366,-1.316,-1.273,-1.227,-1.187,-1.148,-1.110,-1.080,-1.046,-1.023,-1.002,-0.989,-0.993,-1.009,-1.075,-1.198,-1.481,-1.950,-2.213,-1.924,-1.363,-0.955,-0.765,-0.656,-0.585,-0.539,-0.499,-0.470,-0.443,-0.422,-0.403,-0.385,-0.371,-0.357,-0.346,-0.336,-0.328,-0.321,-0.316,-0.313,-0.311,-0.312,-0.314,-0.320,-0.328,-0.341,-0.359,-0.385,-0.421,-0.472,-0.547,-0.653,-0.780,-0.823,-0.695,-0.536,-0.459,-0.435,-0.433,-0.420,-0.370,-0.282,-0.187,-0.120,-0.084,-0.071,-0.072,-0.081,-0.094,-0.109,-0.126,-0.143,-0.161,-0.179,-0.198,-0.217,-0.236,-0.256,-0.276,-0.296,-0.318,-0.339,-0.362,-0.385,-0.408,-0.433,-0.458,-0.485,-0.512,-0.540,-0.570,-0.600,-0.632,-0.665,-0.700,-0.735,-0.771,-0.808,-0.844,-0.881,-0.919,-0.957,-1.003,-1.052,-1.116,-1.194,-1.294,-1.425,-1.574,-1.694,-1.520,-1.119,-0.923,-0.948,-1.028,-1.140,-1.253,-1.375,-1.508,-1.650,-1.814,-1.995,-2.212,-2.465,-2.772,-3.153,-3.625,-4.228,-4.980,-5.890,-6.824,-7.376,-7.012,-5.817,-4.446,-3.302,-2.479,-1.919,-1.552,-1.318,-1.170,-1.086,-1.039,-1.024,-1.030,-1.050,-1.086,-1.128,-1.182,-1.241,-1.308,-1.382,-1.458,-1.544,-1.630,-1.723,-1.819,-1.918,-2.024,-2.129,-2.245,-2.362,-2.491,-2.630,-2.778,-2.948,-3.127,-3.336,-3.566,-3.827,-4.129,-4.467,-4.870,-5.328
632,5.2967,0.5138,3.7271,1.4058,1.0846,6.4000,-2.078,-2.084,-2.106,-2.124,-2.139,-2.171,-2.195,-2.230,-2.281,-2.331,-2.408,-2.508,-2.630,-2.809,-3.038,-3.344,-3.768,-4.307,-4.980,-5.744,-6.383,-6.619,-6.326,-5.641,-4.842,-4.154,-3.610,-3.233,-3.163,-3.197,-2.877,-2.338,-1.959,-1.716,-1.518,-1.376,-1.258,-1.150,-1.068,-0.992,-0.923,-0.873,-0.824,-0.791,-0.805,-0.848,-0.851,-0.792,-0.827,-1.038,-1.102,-0.855,-0.639,-0.570,-0.519,-0.491,-0.485,-0.473,-0.480,-0.491,-0.507,-0.541,-0.582,-0.644,-0.733,-0.852,-1.027,-1.268,-1.599,-2.030,-2.503,-2.893,-3.041,-2.928,-2.688,-2.432,-2.226,-2.083,-1.993,-1.957,-1.962,-2.004,-2.086,-2.200,-2.355,-2.553,-2.796,-3.102,-3.475,-3.935,-4.510,-5.220,-6.120,-7.258,-8.694,-10.465,-12.328,-13.331,-12.322,-10.147,-7.995,-6.207,-4.807,-3.718,-2.880,-2.245,-1.758,-1.398,-1.137,-0.954,-0.846,-0.799,-0.813,-0.890,-1.021,-1.210,-1.440,-1.676,-1.891,-2.023,-2.058,-2.001,-1.868,-1.713,-1.545,-1.390,-1.265,-1.151,-1.076,-1.027,-0.997,-1.025,-1.077,-1.217,-1.506,-2.032,-3.226,-4.697,-4.545,-3.611,-3.293,-3.334,-3.492,-3.687,-3.732,-3.667,-3.503,-3.277,-3.078,-2.883,-2.730,-2.620,-2.525,-2.478,-2.449,-2.439,-2.463,-2.491,-2.546,-2.620,-2.698,-2.807,-2.921,-3.049,-3.203,-3.355,-3.532,-3.720,-3.907,-4.117,-4.321,-4.524,-4.736,-4.923,-5.106,-5.279,-5.420,-5.562,-5.686,-5.781,-5.871,-5.918,-5.924,-5.908,-5.842,-5.750,-5.653,-5.527,-5.411,-5.303,-5.190,-5.111,-5.040,-4.985,-4.970,-4.960,-4.986,-5.047,-5.118,-5.243,-5.390
636,5.5292,0.7448,2.7631,0.4501,0.8048,6.4000,-1.856,-1.825,-1.807,-1.761,-1.725,-1.711,-1.673,-1.636,-1.626,-1.601,-1.571,-1.571,-1.568,-1.559,-1.588,-1.631,-1.681,-1.794,-1.974,-2.228,-2.681,-3.472,-4.876,-7.784,-15.036,-17.374,-8.443,-5.000,-3.342,-2.416,-1.864,-1.520,-1.272,-1.100,-0.983,-0.877,-0.802,-0.757,-0.701,-0.669,-0.676,-0.668,-0.725,-0.937,-1.074,-0.892,-0.623,-0.517,-0.505,-0.483,-0.475,-0.479,-0.473,-0.483,-0.512,-0.537,-0.570,-0.621,-0.676,-0.742,-0.833,-0.940,-1.070,-1.241,-1.454,-1.722,-2.076,-2.538,-3.144,-3.959,-5.056,-6.520,-8.453,-10.823,-12.953,-13.220,-11.619,-9.753,-8.254,-7.138,-6.324,-5.743,-5.334,-5.052,-4.876,-4.781,-4.750,-4.775,-4.846,-4.951,-5.087,-5.243,-5.407,-5.571,-5.724,-5.846,-5.930,-5.964,-5.935,-5.845,-5.694,-5.488,-5.240,-4.961,-4.662,-4.355,-4.049,-3.749,-3.462,-3.192,-2.939,-2.704,-2.490,-2.292,-2.114,-1.954,-1.808,-1.679,-1.565,-1.464,-1.376,-1.302,-1.239,-1.189,-1.153,-1.129,-1.122,-1.138,-1.174,-1.246,-1.375,-1.573,-1.888,-2.326,-2.683,-2.735,-2.647,-2.755,-3.180,-3.881,-4.732,-5.388,-5.441,-4.966,-4.331,-3.752,-3.301,-2.976,-2.739,-2.573,-2.467,-2.399,-2.361,-2.355,-2.366,-2.392,-2.438,-2.495,-2.557,-2.633,-2.717,-2.802,-2.898,-3.005,-3.115,-3.242,-3.389,-3.549,-3.731,-3.941,-4.165,-4.401,-4.651,-4.898,-5.126,-5.339,-5.523,-5.661,-5.757,-5.813,-5.814,-5.765,-5.680,-5.550,-5.378,-5.186,-4.974,-4.739,-4.508,-4.284,-4.058,-3.852,-3.670,-3.499,-3.352,-3.238,-3.143,-3.071,-3.040,-3.034,-3.056
640,5.3933,0.6447,2.9757,0.5818,0.6282,8.6000,-1.708,-1.748,-1.706,-1.643,-1.666,-1.647,-1.569,-1.568,-1.564,-1.485,-1.458,-1.462,-1.392,-1.342,-1.348,-1.293,-1.227,-1.229,-1.192,-1.120,-1.115,-1.097,-1.028,-1.016,-1.020,-0.963,-0.951,-0.980,-0.953,-0.959,-1.041,-1.090,-1.199,-1.486,-1.909,-2.752,-4.406,-5.589,-4.285,-2.674,-1.871,-1.443,-1.237,-1.301,-1.434,-1.897,-3.388,-5.138,-4.067,-2.111,-1.210,-0.918,-0.687,-0.544,-0.518,-0.462,-0.409,-0.415,-0.404,-0.378,-0.393,-0.402,-0.394,-0.414,-0.438,-0.445,-0.472,-0.510,-0.535,-0.574,-0.629,-0.677,-0.735,-0.815,-0.896,-0.988,-1.108,-1.242,-1.393,-1.586,-1.815,-2.082,-2.419,-2.837,-3.347,-3.995,-4.832,-5.897,-7.266,-9.009,-10.991,-12.413,-11.941,-10.003,-7.932,-6.206,-4.866,-3.848,-3.068,-2.469,-2.013,-1.665,-1.394,-1.190,-1.043,-0.937,-0.871,-0.849,-0.864,-0.925,-1.049,-1.250,-1.558,-2.036,-2.776,-3.930,-5.798,-8.983,-15.219,-28.746,-14.021,-9.195,-6.673,-5.141,-4.142,-3.466,-2.991,-2.646,-2.396,-2.214,-2.075,-1.972,-1.897,-1.835,-1.782,-1.736,-1.683,-1.620,-1.545,-1.452,-1.339,-1.216,-1.086,-0.957,-0.846,-0.762,-0.709,-0.701,-0.745,-0.830,-0.947,-1.073,-1.181,-1.273,-1.365,-1.463,-1.573,-1.697,-1.818,-1.920,-2.015,-2.117,-2.247,-2.430,-2.675,-2.978,-3.352,-3.808,-4.342,-4.967,-5.701,-6.542,-7.478,-8.502,-9.558,-10.517,-11.224,-11.558,-11.485,-11.103,-10.597,-10.120,-9.731,-9.463,-9.364,-9.449,-9.696,-10.115,-10.714,-11.414,-12.057,-12.459,-12.435,-11.930,-11.129,-10.319,-9.681,-9.280,-9.152,-9.193,-8.951
644,5.3169,0.7986,2.6886,1.5624,0.6985,7.6000,-1.920,-1.943,-1.913,-1.893,-1.900,-1.852,-1.846,-1.824,-1.778,-1.774,-1.727,-1.696,-1.678,-1.624,-1.607,-1.571,-1.528,-1.516,-1.472,-1.452,-1.438,-1.407,-1.413,-1.406,-1.415,-1.457,-1.498,-1.596,-1.740,-1.957,-2.338,-2.946,-4.034,-6.111,-10.351,-16.786,-10.256,-5.944,-3.824,-2.663,-2.007,-1.576,-1.292,-1.106,-0.947,-0.849,-0.763,-0.689,-0.650,-0.594,-0.567,-0.544,-0.511,-0.513,-0.493,-0.493,-0.508,-0.504,-0.548,-0.576,-0.633,-0.748,-0.871,-1.168,-1.648,-2.672,-4.485,-4.295,-2.331,-1.305,-0.937,-0.775,-0.776,-0.849,-1.043,-1.392,-2.022,-2.555,-2.012,-1.160,-0.787,-0.663,-0.644,-0.708,-0.786,-0.913,-1.065,-1.242,-1.468,-1.715,-2.009,-2.338,-2.685,-3.058,-3.412,-3.742,-4.043,-4.323,-4.672,-5.212,-6.183,-8.017,-11.438,-16.791,-14.850,-10.144,-7.365,-5.687,-4.610,-3.877,-3.364,-2.996,-2.728,-2.540,-2.412,-2.334,-2.309,-2.340,-2.463,-2.805,-3.584,-5.165,-7.166,-6.413,-3.927,-2.360,-1.582,-1.169,-0.963,-0.847,-0.781,-0.758,-0.743,-0.751,-0.768,-0.788,-0.825,-0.858,-0.904,-0.956,-1.008,-1.076,-1.142,-1.218,-1.305,-1.391,-1.493,-1.596,-1.706,-1.829,-1.947,-2.076,-2.202,-2.322,-2.444,-2.543,-2.634,-2.702,-2.741,-2.765,-2.754,-2.727,-2.684,-2.622,-2.566,-2.502,-2.448,-2.410,-2.376,-2.373,-2.384,-2.416,-2.484,-2.566,-2.687,-2.839,-3.015,-3.242,-3.494,-3.786,-4.128,-4.487,-4.892,-5.316,-5.732,-6.160,-6.537,-6.853,-7.120,-7.277,-7.366,-7.400,-7.346,-7.275,-7.158,-6.986,-6.815,-6.579,-6.324,-6.065,-5.759
648,5.2974,0.5059,3.1529,1.1183,0.7301,5.6000,-2.036,-1.974,-1.907,-1.843,-1.801,-1.741,-1.702,-1.658,-1.611,-1.580,-1.532,-1.498,-1.461,-1.418,-1.390,-1.345,-1.313,-1.278,-1.235,-1.208,-1.165,-1.135,-1.102,-1.062,-1.039,-1.000,-0.975,-0.948,-0.916,-0.903,-0.875,-0.868,-0.862,-0.861,-0.898,-0.938,-1.067,-1.295,-1.773,-2.545,-2.569,-1.733,-1.156,-0.927,-0.822,-0.792,-0.888,-1.101,-1.064,-0.771,-0.577,-0.481,-0.426,-0.416,-0.418,-0.463,-0.558,-0.737,-1.032,-1.168,-0.935,-0.622,-0.438,-0.329,-0.265,-0.228,-0.200,-0.184,-0.171,-0.163,-0.159,-0.155,-0.156,-0.156,-0.159,-0.165,-0.170,-0.178,-0.187,-0.198,-0.210,-0.224,-0.241,-0.258,-0.278,-0.300,-0.324,-0.352,-0.381,-0.414,-0.450,-0.490,-0.535,-0.583,-0.638,-0.698,-0.765,-0.841,-0.924,-1.019,-1.125,-1.245,-1.382,-1.537,-1.716,-1.921,-2.157,-2.430,-2.743,-3.104,-3.515,-3.976,-4.482,-5.014,-5.548,-6.041,-6.453,-6.760,-6.961,-7.097,-7.219,-7.386,-7.644,-8.012,-8.466,-8.870,-8.946,-8.396,-7.240,-5.846,-4.554,-3.531,-2.810,-2.375,-2.214,-2.341,-2.852,-3.989,-6.351,-11.726,-21.174,-10.336,-6.141,-4.228,-3.202,-2.556,-2.085,-1.737,-1.494,-1.326,-1.221,-1.158,-1.129,-1.127,-1.144,-1.181,-1.232,-1.297,-1.377,-1.468,-1.574,-1.692,-1.824,-1.972,-2.133,-2.313,-2.510,-2.725,-2.962,-3.218,-3.500,-3.804,-4.132,-4.487,-4.862,-5.260,-5.675,-6.096,-6.520,-6.926,-7.302,-7.633,-7.896,-8.092,-8.208,-8.252,-8.239,-8.174,-8.082,-7.973,-7.858,-7.756,-7.665,-7.600,-7.566,-7.560,-7.600,-7.678,-7.805,-7.989,-8.224
652,5.4711,0.5441,3.9120,0.6558,0.7445,7.8000,-1.851,-1.810,-1.861,-1.896,-1.842,-1.800,-1.851,-1.910,-1.889,-1.872,-1.960,-2.096,-2.188,-2.310,-2.611,-3.114,-3.795,-4.815,-6.518,-8.978,-10.508,-8.909,-6.569,-4.852,-3.732,-3.072,-2.726,-2.502,-2.367,-2.583,-3.442,-4.748,-5.232,-4.081,-2.639,-1.781,-1.424,-1.225,-1.018,-0.862,-0.797,-0.750,-0.672,-0.605,-0.579,-0.561,-0.520,-0.482,-0.471,-0.466,-0.444,-0.424,-0.423,-0.428,-0.421,-0.415,-0.425,-0.442,-0.452,-0.462,-0.488,-0.525,-0.558,-0.594,-0.650,-0.727,-0.808,-0.900,-1.032,-1.212,-1.430,-1.707,-2.113,-2.715,-3.588,-4.949,-7.357,-12.045,-16.834,-10.002,-5.681,-3.423,-2.274,-1.732,-1.505,-1.471,-1.600,-1.849,-2.148,-2.449,-2.747,-3.032,-3.282,-3.520,-3.815,-4.230,-4.818,-5.680,-6.990,-8.925,-11.421,-13.538,-13.649,-12.253,-10.535,-8.735,-6.934,-5.300,-3.960,-2.942,-2.207,-1.693,-1.341,-1.103,-0.948,-0.852,-0.797,-0.776,-0.786,-0.821,-0.876,-0.953,-1.054,-1.176,-1.303,-1.431,-1.565,-1.725,-1.963,-2.393,-3.147,-4.185,-4.983,-4.780,-3.785,-2.788,-2.120,-1.736,-1.517,-1.408,-1.404,-1.484,-1.619,-1.815,-2.102,-2.489,-2.965,-3.534,-4.178,-4.775,-5.104,-5.033,-4.634,-4.084,-3.534,-3.083,-2.758,-2.532,-2.379,-2.296,-2.284,-2.319,-2.386,-2.493,-2.653,-2.856,-3.091,-3.381,-3.756,-4.226,-4.803,-5.543,-6.513,-7.695,-8.881,-9.718,-9.983,-9.789,-9.400,-9.007,-8.678,-8.391,-8.100,-7.800,-7.516,-7.248,-6.969,-6.673,-6.396,-6.154,-5.919,-5.677,-5.457,-5.280,-5.117,-4.947,-4.796,-4.690,-4.597,-4.492,-4.405
656,4.9126,0.5806,3.4366,1.6445,1.0575,6.4000,-2.146,-2.171,-2.158,-2.171,-2.178,-2.163,-2.178,-2.165,-2.157,-2.165,-2.144,-2.148,-2.148,-2.138,-2.159,-2.166,-2.191,-2.245,-2.295,-2.397,-2.533,-2.706,-2.979,-3.328,-3.807,-4.479,-5.312,-6.330,-7.377,-7.988,-7.853,-7.127,-6.148,-5.288,-4.720,-4.403,-4.628,-5.281,-4.745,-3.253,-2.327,-1.880,-1.587,-1.458,-1.401,-1.569,-2.060,-2.145,-1.693,-1.741,-2.266,-2.096,-1.374,-0.955,-0.774,-0.642,-0.574,-0.519,-0.473,-0.448,-0.418,-0.401,-0.388,-0.376,-0.375,-0.373,-0.378,-0.391,-0.408,-0.438,-0.478,-0.533,-0.613,-0.719,-0.868,-1.068,-1.325,-1.633,-1.939,-2.165,-2.246,-2.190,-2.061,-1.914,-1.786,-1.687,-1.618,-1.578,-1.561,-1.566,-1.590,-1.630,-1.687,-1.760,-1.848,-1.955,-2.078,-2.222,-2.387,-2.577,-2.795,-3.043,-3.326,-3.649,-4.012,-4.419,-4.862,-5.329,-5.791,-6.190,-6.457,-6.509,-6.296,-5.840,-5.210,-4.507,-3.807,-3.157,-2.587,-2.099,-1.696,-1.371,-1.112,-0.923,-0.791,-0.722,-0.719,-0.775,-0.882,-0.988,-1.036,-1.014,-0.937,-0.873,-0.844,-0.875,-1.028,-1.350,-2.108,-3.317,-3.917,-3.612,-3.383,-3.364,-3.409,-3.486,-3.491,-3.445,-3.345,-3.198,-3.054,-2.895,-2.757,-2.636,-2.526,-2.448,-2.379,-2.332,-2.305,-2.286,-2.293,-2.307,-2.336,-2.385,-2.439,-2.516,-2.603,-2.704,-2.829,-2.962,-3.120,-3.298,-3.491,-3.720,-3.963,-4.239,-4.549,-4.880,-5.258,-5.662,-6.099,-6.578,-7.065,-7.578,-8.086,-8.545,-8.955,-9.237,-9.361,-9.324,-9.080,-8.685,-8.176,-7.566,-6.936,-6.292,-5.656,-5.076,-4.532,-4.056,-3.656
660,5.2255,0.5326,2.6690,1.6507,0.9134,6.6000,-1.902,-1.915,-1.920,-1.921,-1.931,-1.938,-1.937,-1.942,-1.950,-1.951,-1.954,-1.964,-1.972,-1.980,-2.000,-2.027,-2.060,-2.111,-2.187,-2.289,-2.436,-2.654,-2.968,-3.436,-4.164,-5.321,-7.232,-10.531,-15.550,-14.082,-9.246,-6.325,-4.584,-3.487,-2.767,-2.276,-1.918,-1.651,-1.453,-1.293,-1.159,-1.056,-0.972,-0.893,-0.842,-0.834,-0.828,-0.778,-0.703,-0.647,-0.617,-0.595,-0.570,-0.548,-0.533,-0.523,-0.518,-0.520,-0.530,-0.543,-0.567,-0.604,-0.653,-0.717,-0.814,-0.947,-1.129,-1.402,-1.818,-2.441,-3.412,-4.748,-5.619,-4.814,-3.245,-2.068,-1.412,-1.081,-0.958,-1.026,-1.270,-1.695,-2.329,-3.127,-3.911,-4.465,-4.676,-4.580,-4.332,-4.061,-3.806,-3.586,-3.421,-3.296,-3.198,-3.138,-3.109,-3.093,-3.100,-3.133,-3.176,-3.231,-3.311,-3.402,-3.497,-3.616,-3.745,-3.872,-4.012,-4.159,-4.286,-4.401,-4.502,-4.550,-4.543,-4.488,-4.353,-4.140,-3.884,-3.577,-3.228,-2.887,-2.555,-2.223,-1.931,-1.684,-1.451,-1.254,-1.114,-0.988,-0.881,-0.837,-0.819,-0.804,-0.879,-1.049,-1.278,-1.853,-3.134,-4.530,-4.425,-3.447,-2.955,-2.925,-2.944,-2.983,-3.080,-3.080,-2.989,-2.912,-2.799,-2.641,-2.528,-2.442,-2.336,-2.269,-2.248,-2.217,-2.203,-2.239,-2.276,-2.313,-2.398,-2.501,-2.594,-2.727,-2.897,-3.059,-3.249,-3.495,-3.748,-4.015,-4.348,-4.714,-5.083,-5.512,-6.002,-6.486,-6.989,-7.554,-8.096,-8.562,-9.005,-9.386,-9.586,-9.636,-9.618,-9.474,-9.183,-8.871,-8.571,-8.197,-7.802,-7.473,-7.133,-6.749,-6.424,-6.141,-5.817,-5.527,-5.316
664,5.4734,0.5509,3.2341,1.6961,1.1557,7.0000,-1.833,-1.823,-1.834,-1.838,-1.825,-1.829,-1.838,-1.826,-1.823,-1.835,-1.830,-1.825,-1.842,-1.852,-1.857,-1.888,-1.931,-1.972,-2.047,-2.166,-2.314,-2.534,-2.882,-3.396,-4.190,-5.518,-7.832,-12.089,-18.088,-12.618,-7.955,-5.452,-3.964,-3.020,-2.433,-2.029,-1.707,-1.490,-1.345,-1.193,-1.081,-1.034,-0.960,-0.896,-0.936,-0.976,-1.008,-1.310,-1.801,-1.794,-1.234,-0.810,-0.693,-0.631,-0.559,-0.548,-0.557,-0.561,-0.604,-0.698,-0.871,-1.079,-1.084,-0.831,-0.600,-0.522,-0.489,-0.460,-0.479,-0.508,-0.526,-0.575,-0.642,-0.704,-0.796,-0.924,-1.066,-1.250,-1.505,-1.818,-2.221,-2.770,-3.479,-4.388,-5.576,-7.044,-8.675,-10.198,-10.958,-10.575,-9.577,-8.452,-7.435,-6.627,-5.981,-5.452,-5.051,-4.741,-4.480,-4.285,-4.146,-4.025,-3.939,-3.894,-3.853,-3.827,-3.834,-3.837,-3.835,-3.855,-3.860,-3.837,-3.815,-3.760,-3.649,-3.518,-3.348,-3.115,-2.867,-2.608,-2.315,-2.036,-1.790,-1.542,-1.324,-1.163,-1.011,-0.882,-0.818,-0.770,-0.728,-0.764,-0.839,-0.918,-1.135,-1.523,-2.083,-3.352,-6.089,-8.186,-5.607,-3.325,-2.462,-2.230,-2.111,-2.136,-2.257,-2.291,-2.300,-2.326,-2.270,-2.184,-2.144,-2.082,-2.011,-2.001,-2.004,-1.996,-2.043,-2.118,-2.181,-2.284,-2.431,-2.568,-2.731,-2.950,-3.171,-3.405,-3.705,-4.027,-4.351,-4.738,-5.167,-5.582,-6.026,-6.510,-6.947,-7.329,-7.698,-7.978,-8.107,-8.153,-8.126,-7.964,-7.718,-7.475,-7.192,-6.856,-6.557,-6.285,-5.979,-5.696,-5.466,-5.216,-4.964,-4.768,-4.569,-4.350,-4.180,-4.033,-3.860
668,5.3671,0.4248,3.0073,0.6189,0.9394,8.2000,-1.611,-1.573,-1.603,-1.641,-1.610,-1.556,-1.562,-1.598,-1.577,-1.514,-1.495,-1.524,-1.513,-1.446,-1.406,-1.426,-1.428,-1.365,-1.313,-1.330,-1.353,-1.309,-1.259,-1.291,-1.365,-1.380,-1.382,-1.513,-1.788,-2.102,-2.563,-3.661,-6.171,-11.266,-13.664,-7.632,-4.270,-2.681,-1.944,-1.515,-1.189,-0.976,-0.871,-0.791,-0.695,-0.618,-0.584,-0.559,-0.517,-0.479,-0.465,-0.458,-0.440,-0.420,-0.417,-0.422,-0.419,-0.414,-0.421,-0.436,-0.447,-0.457,-0.476,-0.505,-0.533,-0.563,-0.602,-0.652,-0.708,-0.769,-0.844,-0.937,-1.045,-1.170,-1.322,-1.510,-1.741,-2.025,-2.384,-2.848,-3.458,-4.274,-5.402,-7.022,-9.471,-13.431,-18.997,-15.519,-10.279,-7.048,-4.982,-3.620,-2.710,-2.105,-1.716,-1.491,-1.393,-1.407,-1.529,-1.769,-2.149,-2.699,-3.473,-4.550,-6.051,-8.174,-11.299,-16.437,-27.536,-20.287,-14.044,-10.746,-8.638,-7.163,-6.071,-5.234,-4.571,-4.023,-3.548,-3.125,-2.741,-2.375,-2.005,-1.643,-1.343,-1.152,-1.049,-0.964,-0.845,-0.711,-0.610,-0.555,-0.528,-0.514,-0.525,-0.567,-0.626,-0.694,-0.778,-0.886,-1.009,-1.133,-1.256,-1.377,-1.481,-1.563,-1.649,-1.781,-1.984,-2.278,-2.700,-3.309,-4.183,-5.441,-7.309,-10.170,-14.135,-14.939,-11.070,-7.980,-6.013,-4.778,-4.007,-3.540,-3.281,-3.163,-3.151,-3.227,-3.382,-3.604,-3.884,-4.225,-4.630,-5.078,-5.513,-5.856,-6.037,-6.037,-5.919,-5.791,-5.727,-5.730,-5.758,-5.774,-5.780,-5.781,-5.761,-5.703,-5.618,-5.535,-5.460,-5.376,-5.282,-5.209,-5.173,-5.155,-5.144,-5.164,-5.245,-5.372,-5.522
672,4.6720,0.4764,3.4462,0.4766,0.8150,4.6000,-1.925,-1.819,-1.738,-1.677,-1.604,-1.567,-1.508,-1.471,-1.434,-1.387,-1.366,-1.318,-1.295,-1.261,-1.225,-1.206,-1.163,-1.146,-1.110,-1.083,-1.063,-1.025,-1.015,-0.980,-0.967,-0.950,-0.928,-0.936,-0.918,-0.944,-0.964,-1.014,-1.130,-1.282,-1.654,-2.320,-3.860,-6.617,-6.431,-3.813,-2.480,-2.012,-1.925,-2.375,-2.918,-2.898,-2.703,-2.118,-1.319,-0.917,-0.695,-0.545,-0.473,-0.393,-0.357,-0.315,-0.285,-0.267,-0.239,-0.231,-0.211,-0.204,-0.196,-0.187,-0.188,-0.184,-0.194,-0.205,-0.227,-0.232,-0.202,-0.180,-0.166,-0.164,-0.165,-0.167,-0.174,-0.178,-0.188,-0.195,-0.205,-0.217,-0.228,-0.243,-0.256,-0.273,-0.289,-0.307,-0.329,-0.348,-0.373,-0.396,-0.423,-0.451,-0.481,-0.515,-0.548,-0.588,-0.627,-0.672,-0.720,-0.770,-0.828,-0.888,-0.956,-1.028,-1.107,-1.193,-1.281,-1.376,-1.470,-1.561,-1.645,-1.717,-1.780,-1.832,-1.886,-1.945,-2.019,-2.117,-2.238,-2.395,-2.587,-2.828,-3.124,-3.491,-3.953,-4.528,-5.249,-6.103,-6.971,-7.414,-6.815,-5.321,-3.770,-2.703,-2.141,-1.943,-2.056,-2.480,-3.223,-4.368,-6.126,-8.967,-14.291,-36.788,-15.257,-9.286,-6.222,-4.382,-3.204,-2.431,-1.910,-1.554,-1.311,-1.143,-1.033,-0.961,-0.918,-0.900,-0.897,-0.911,-0.934,-0.969,-1.013,-1.064,-1.125,-1.190,-1.266,-1.346,-1.436,-1.535,-1.640,-1.760,-1.886,-2.028,-2.183,-2.352,-2.544,-2.751,-2.990,-3.253,-3.553,-3.899,-4.290,-4.753,-5.286,-5.924,-6.689,-7.608,-8.756,-10.167,-11.966,-14.259,-17.020,-19.596,-19.699,-17.599,-15.552,-14.049,-13.056
676,4.7984,0.6407,2.9018,0.4084,0.6959,4.0000,-2.461,-2.230,-2.040,-1.910,-1.782,-1.694,-1.612,-1.537,-1.486,-1.421,-1.381,-1.331,-1.289,-1.255,-1.209,-1.183,-1.142,-1.112,-1.082,-1.045,-1.023,-0.985,-0.963,-0.932,-0.902,-0.881,-0.846,-0.830,-0.799,-0.778,-0.758,-0.730,-0.720,-0.692,-0.685,-0.669,-0.658,-0.663,-0.655,-0.689,-0.720,-0.797,-0.887,-1.065,-1.474,-1.674,-1.713,-1.690,-1.209,-0.757,-0.565,-0.437,-0.383,-0.339,-0.310,-0.295,-0.274,-0.269,-0.255,-0.250,-0.245,-0.239,-0.240,-0.236,-0.239,-0.238,-0.241,-0.247,-0.252,-0.263,-0.273,-0.288,-0.293,-0.285,-0.279,-0.280,-0.288,-0.297,-0.309,-0.322,-0.336,-0.352,-0.368,-0.386,-0.405,-0.425,-0.447,-0.469,-0.494,-0.519,-0.546,-0.575,-0.605,-0.638,-0.671,-0.708,-0.745,-0.786,-0.829,-0.873,-0.922,-0.973,-1.028,-1.086,-1.148,-1.215,-1.286,-1.364,-1.447,-1.537,-1.635,-1.742,-1.859,-1.986,-2.126,-2.280,-2.449,-2.635,-2.838,-3.060,-3.301,-3.563,-3.845,-4.154,-4.496,-4.879,-5.317,-5.805,-6.311,-6.717,-6.792,-6.283,-5.216,-3.951,-2.864,-2.148,-1.837,-1.911,-2.368,-3.277,-4.847,-7.548,-12.493,-17.776,-11.209,-6.909,-4.548,-3.166,-2.322,-1.793,-1.456,-1.241,-1.104,-1.018,-0.966,-0.935,-0.918,-0.909,-0.907,-0.912,-0.921,-0.938,-0.960,-0.989,-1.025,-1.066,-1.114,-1.167,-1.227,-1.292,-1.363,-1.442,-1.525,-1.618,-1.717,-1.826,-1.945,-2.074,-2.219,-2.376,-2.553,-2.750,-2.970,-3.222,-3.506,-3.836,-4.217,-4.665,-5.198,-5.834,-6.615,-7.578,-8.800,-10.388,-12.528,-15.611,-20.453,-26.598,-21.076,-16.053,-12.928
680,4.9246,0.7054,2.9449,1.1176,0.6622,7.6000,-1.973,-1.969,-1.940,-1.966,-1.970,-1.926,-1.925,-1.930,-1.879,-1.850,-1.850,-1.800,-1.749,-1.738,-1.694,-1.629,-1.607,-1.572,-1.504,-1.472,-1.448,-1.386,-1.349,-1.337,-1.290,-1.256,-1.261,-1.242,-1.223,-1.258,-1.291,-1.322,-1.430,-1.587,-1.785,-2.154,-2.778,-3.769,-5.609,-9.063,-12.583,-9.298,-5.716,-3.696,-2.610,-1.974,-1.544,-1.285,-1.143,-1.017,-0.943,-0.966,-0.991,-1.055,-1.311,-1.718,-2.447,-4.367,-8.232,-8.332,-4.292,-2.197,-1.399,-0.980,-0.687,-0.576,-0.510,-0.419,-0.398,-0.406,-0.375,-0.383,-0.433,-0.448,-0.496,-0.621,-0.745,-0.962,-1.418,-1.756,-1.465,-0.892,-0.573,-0.514,-0.518,-0.545,-0.621,-0.709,-0.797,-0.909,-1.031,-1.147,-1.271,-1.391,-1.492,-1.581,-1.658,-1.724,-1.799,-1.911,-2.087,-2.382,-2.866,-3.633,-4.838,-6.714,-9.666,-14.684,-24.440,-18.411,-12.673,-9.630,-7.757,-6.507,-5.607,-4.955,-4.480,-4.111,-3.896,-3.972,-4.496,-5.889,-9.089,-13.298,-9.179,-5.244,-3.368,-2.508,-2.037,-1.775,-1.665,-1.597,-1.561,-1.583,-1.613,-1.647,-1.721,-1.801,-1.876,-1.983,-2.097,-2.198,-2.317,-2.436,-2.523,-2.604,-2.664,-2.665,-2.635,-2.573,-2.452,-2.309,-2.161,-1.988,-1.823,-1.684,-1.547,-1.429,-1.350,-1.280,-1.226,-1.211,-1.209,-1.216,-1.259,-1.318,-1.380,-1.473,-1.581,-1.678,-1.791,-1.907,-1.991,-2.070,-2.150,-2.196,-2.243,-2.315,-2.377,-2.453,-2.577,-2.712,-2.859,-3.065,-3.295,-3.524,-3.802,-4.113,-4.394,-4.680,-4.982,-5.212,-5.364,-5.489,-5.529,-5.441,-5.314,-5.163,-4.922,-4.657,-4.437
684,5.5854,0.5475,4.1028,1.9880,0.8011,7.2000,-1.984,-2.017,-2.041,-2.024,-2.038,-2.085,-2.097,-2.103,-2.161,-2.225,-2.263,-2.343,-2.484,-2.631,-2.806,-3.091,-3.484,-3.946,-4.524,-5.248,-5.962,-6.358,-6.250,-5.789,-5.249,-4.739,-4.363,-4.469,-5.385,-6.612,-6.296,-4.559,-3.178,-2.486,-2.096,-1.763,-1.535,-1.406,-1.270,-1.138,-1.063,-0.997,-0.908,-0.851,-0.821,-0.768,-0.739,-0.799,-0.869,-0.829,-0.714,-0.629,-0.590,-0.562,-0.537,-0.524,-0.520,-0.518,-0.528,-0.557,-0.604,-0.682,-0.836,-1.045,-1.138,-0.995,-0.757,-0.610,-0.560,-0.535,-0.532,-0.567,-0.615,-0.674,-0.774,-0.916,-1.101,-1.369,-1.753,-2.244,-2.799,-3.288,-3.519,-3.469,-3.306,-3.149,-3.047,-3.044,-3.151,-3.352,-3.673,-4.167,-4.867,-5.851,-7.300,-9.491,-12.837,-16.961,-15.169,-10.614,-7.466,-5.368,-3.946,-2.982,-2.312,-1.826,-1.479,-1.241,-1.061,-0.924,-0.839,-0.784,-0.737,-0.719,-0.731,-0.744,-0.770,-0.834,-0.907,-0.985,-1.107,-1.255,-1.389,-1.530,-1.647,-1.633,-1.503,-1.341,-1.150,-0.983,-0.938,-0.969,-1.010,-1.186,-1.561,-2.059,-3.059,-5.592,-10.004,-8.648,-4.914,-3.311,-2.938,-2.879,-2.899,-3.120,-3.346,-3.387,-3.380,-3.320,-3.108,-2.886,-2.743,-2.588,-2.445,-2.402,-2.393,-2.371,-2.415,-2.519,-2.604,-2.714,-2.898,-3.086,-3.261,-3.504,-3.785,-4.034,-4.311,-4.649,-4.955,-5.219,-5.511,-5.779,-5.929,-6.013,-6.080,-6.055,-5.938,-5.845,-5.798,-5.714,-5.606,-5.544,-5.476,-5.335,-5.202,-5.116,-4.994,-4.844,-4.762,-4.702,-4.596,-4.534,-4.543,-4.520,-4.494,-4.561,-4.641,-4.682,-4.800
688,5.4083,0.6404,2.9522,1.0137,0.6497,7.4000,-1.814,-1.809,-1.807,-1.769,-1.773,-1.748,-1.719,-1.718,-1.678,-1.663,-1.647,-1.607,-1.602,-1.572,-1.547,-1.544,-1.514,-1.514,-1.515,-1.511,-1.546,-1.577,-1.642,-1.758,-1.910,-2.181,-2.607,-3.314,-4.618,-7.119,-12.778,-19.977,-9.760,-5.715,-3.741,-2.678,-2.054,-1.641,-1.386,-1.198,-1.057,-0.977,-0.895,-0.856,-0.844,-0.825,-0.881,-0.948,-1.093,-1.437,-2.025,-3.528,-5.830,-4.848,-2.507,-1.455,-1.016,-0.747,-0.658,-0.584,-0.544,-0.566,-0.559,-0.612,-0.694,-0.787,-1.022,-1.357,-2.041,-3.166,-3.156,-1.882,-1.071,-0.811,-0.696,-0.691,-0.747,-0.809,-0.929,-1.063,-1.222,-1.431,-1.652,-1.913,-2.195,-2.462,-2.718,-2.901,-3.010,-3.091,-3.197,-3.501,-4.170,-5.394,-7.470,-10.721,-15.576,-19.403,-15.614,-11.982,-9.647,-8.141,-7.043,-6.308,-5.901,-5.893,-6.952,-8.229,-6.400,-4.199,-3.211,-2.772,-2.514,-2.394,-2.292,-2.229,-2.196,-2.157,-2.152,-2.145,-2.146,-2.167,-2.181,-2.213,-2.247,-2.280,-2.327,-2.364,-2.407,-2.447,-2.473,-2.499,-2.505,-2.497,-2.475,-2.425,-2.366,-2.282,-2.184,-2.080,-1.961,-1.847,-1.733,-1.622,-1.526,-1.434,-1.358,-1.296,-1.242,-1.208,-1.182,-1.170,-1.175,-1.185,-1.215,-1.254,-1.303,-1.371,-1.443,-1.531,-1.629,-1.730,-1.844,-1.956,-2.073,-2.200,-2.332,-2.489,-2.666,-2.862,-3.089,-3.328,-3.587,-3.861,-4.130,-4.406,-4.666,-4.899,-5.112,-5.272,-5.388,-5.460,-5.466,-5.436,-5.364,-5.249,-5.125,-4.976,-4.818,-4.671,-4.512,-4.371,-4.242,-4.114,-4.017,-3.922,-3.844,-3.794,-3.743,-3.723,-3.718
692,5.3372,0.7088,3.2848,0.9634,0.7943,7.4000,-1.952,-1.908,-1.893,-1.885,-1.835,-1.828,-1.801,-1.754,-1.748,-1.705,-1.670,-1.661,-1.612,-1.593,-1.579,-1.538,-1.540,-1.527,-1.511,-1.542,-1.552,-1.593,-1.684,-1.774,-1.955,-2.229,-2.611,-3.288,-4.390,-6.298,-10.153,-19.691,-16.005,-8.898,-5.912,-4.457,-3.750,-3.992,-4.823,-4.199,-2.614,-1.719,-1.336,-1.060,-0.902,-0.802,-0.698,-0.642,-0.591,-0.536,-0.513,-0.480,-0.450,-0.443,-0.420,-0.411,-0.413,-0.400,-0.412,-0.422,-0.426,-0.464,-0.489,-0.534,-0.622,-0.705,-0.889,-1.178,-1.669,-2.651,-3.164,-2.163,-1.167,-0.798,-0.663,-0.620,-0.664,-0.715,-0.805,-0.926,-1.057,-1.228,-1.418,-1.628,-1.859,-2.080,-2.274,-2.416,-2.492,-2.538,-2.644,-2.950,-3.642,-4.937,-7.062,-10.344,-15.617,-24.323,-19.931,-14.492,-11.560,-9.663,-8.273,-7.289,-6.485,-6.165,-6.728,-6.973,-5.994,-5.350,-5.320,-5.330,-5.416,-5.541,-5.595,-5.688,-5.699,-5.636,-5.514,-5.239,-4.896,-4.459,-3.954,-3.463,-2.960,-2.506,-2.112,-1.754,-1.471,-1.231,-1.032,-0.888,-0.762,-0.673,-0.614,-0.562,-0.543,-0.533,-0.534,-0.562,-0.589,-0.636,-0.702,-0.769,-0.867,-0.973,-1.094,-1.248,-1.405,-1.589,-1.791,-1.982,-2.183,-2.347,-2.463,-2.536,-2.527,-2.478,-2.396,-2.283,-2.193,-2.103,-2.036,-2.010,-1.990,-2.013,-2.063,-2.122,-2.231,-2.350,-2.490,-2.676,-2.860,-3.080,-3.332,-3.573,-3.856,-4.140,-4.400,-4.685,-4.921,-5.108,-5.283,-5.358,-5.376,-5.362,-5.243,-5.104,-4.947,-4.722,-4.528,-4.326,-4.097,-3.930,-3.747,-3.572,-3.464,-3.327,-3.238,-3.199,-3.136
696,5.5311,0.4694,3.8948,1.9419,1.2082,4.4000,-1.672,-1.611,-1.568,-1.531,-1.489,-1.467,-1.428,-1.408,-1.380,-1.352,-1.337,-1.304,-1.291,-1.262,-1.243,-1.226,-1.197,-1.188,-1.159,-1.150,-1.131,-1.116,-1.115,-1.101,-1.122,-1.130,-1.188,-1.278,-1.459,-1.865,-2.727,-4.722,-5.728,-3.731,-2.461,-1.984,-1.887,-2.186,-2.986,-4.696,-5.091,-3.273,-2.042,-1.577,-1.458,-1.226,-0.900,-0.744,-0.636,-0.568,-0.524,-0.482,-0.465,-0.447,-0.453,-0.474,-0.534,-0.660,-0.867,-1.006,-0.861,-0.629,-0.478,-0.383,-0.331,-0.293,-0.271,-0.255,-0.244,-0.240,-0.235,-0.238,-0.239,-0.246,-0.255,-0.265,-0.281,-0.296,-0.319,-0.343,-0.373,-0.408,-0.448,-0.497,-0.552,-0.619,-0.697,-0.789,-0.901,-1.032,-1.191,-1.378,-1.601,-1.856,-2.132,-2.407,-2.627,-2.736,-2.689,-2.498,-2.223,-1.930,-1.670,-1.460,-1.307,-1.204,-1.148,-1.132,-1.150,-1.206,-1.296,-1.426,-1.603,-1.837,-2.149,-2.563,-3.129,-3.912,-5.034,-6.689,-9.166,-12.463,-13.283,-9.859,-6.769,-4.753,-3.493,-2.736,-2.316,-2.141,-2.164,-2.340,-2.600,-2.784,-2.889,-3.358,-4.925,-7.995,-9.227,-6.411,-4.172,-2.883,-2.133,-1.679,-1.388,-1.202,-1.078,-1.000,-0.951,-0.924,-0.917,-0.920,-0.938,-0.963,-0.998,-1.041,-1.090,-1.150,-1.214,-1.288,-1.369,-1.459,-1.559,-1.668,-1.791,-1.924,-2.074,-2.238,-2.420,-2.625,-2.850,-3.108,-3.393,-3.717,-4.084,-4.497,-4.974,-5.510,-6.125,-6.821,-7.601,-8.482,-9.450,-10.530,-11.707,-12.964,-14.275,-15.504,-16.540,-17.181,-17.253,-16.712,-15.473,-13.779,-11.979,-10.389,-9.196,-8.363,-7.837,-7.544,-7.402
700,5.1319,0.4156,2.8060,1.5107,0.9174,4.4000,-2.538,-2.373,-2.240,-2.132,-2.027,-1.954,-1.877,-1.816,-1.764,-1.707,-1.669,-1.620,-1.584,-1.546,-1.505,-1.477,-1.435,-1.407,-1.371,-1.337,-1.309,-1.269,-1.244,-1.207,-1.177,-1.148,-1.111,-1.089,-1.052,-1.031,-1.002,-0.976,-0.963,-0.936,-0.938,-0.928,-0.948,-0.992,-1.070,-1.276,-1.648,-2.484,-3.103,-2.348,-1.514,-1.125,-0.838,-0.685,-0.595,-0.527,-0.490,-0.449,-0.429,-0.405,-0.392,-0.385,-0.380,-0.376,-0.343,-0.317,-0.309,-0.319,-0.350,-0.396,-0.452,-0.447,-0.372,-0.292,-0.240,-0.211,-0.193,-0.184,-0.178,-0.176,-0.176,-0.177,-0.181,-0.184,-0.191,-0.198,-0.206,-0.217,-0.227,-0.240,-0.254,-0.270,-0.287,-0.305,-0.326,-0.348,-0.373,-0.399,-0.428,-0.460,-0.493,-0.531,-0.570,-0.614,-0.661,-0.713,-0.770,-0.831,-0.898,-0.972,-1.054,-1.144,-1.243,-1.353,-1.475,-1.610,-1.760,-1.925,-2.108,-2.306,-2.520,-2.745,-2.974,-3.198,-3.402,-3.574,-3.700,-3.779,-3.814,-3.823,-3.825,-3.846,-3.909,-4.030,-4.221,-4.470,-4.726,-4.844,-4.605,-3.915,-3.020,-2.304,-1.981,-2.100,-2.702,-3.940,-6.196,-10.158,-13.948,-9.973,-6.273,-4.159,-2.930,-2.189,-1.729,-1.439,-1.256,-1.144,-1.083,-1.055,-1.053,-1.069,-1.096,-1.131,-1.167,-1.204,-1.240,-1.279,-1.321,-1.368,-1.425,-1.489,-1.565,-1.651,-1.748,-1.858,-1.980,-2.117,-2.267,-2.435,-2.620,-2.825,-3.055,-3.308,-3.593,-3.910,-4.267,-4.669,-5.123,-5.643,-6.234,-6.917,-7.706,-8.624,-9.704,-10.964,-12.438,-14.096,-15.756,-16.920,-16.890,-15.753,-14.237,-12.790,-11.584,-10.637,-9.916
704,5.0276,0.6375,3.2442,1.4738,1.0874,6.0000,-2.466,-2.417,-2.339,-2.275,-2.223,-2.147,-2.093,-2.041,-1.970,-1.925,-1.870,-1.806,-1.766,-1.706,-1.652,-1.612,-1.550,-1.505,-1.462,-1.403,-1.366,-1.318,-1.266,-1.234,-1.184,-1.144,-1.114,-1.066,-1.040,-1.010,-0.974,-0.963,-0.938,-0.926,-0.937,-0.938,-0.985,-1.059,-1.182,-1.454,-1.912,-2.806,-3.871,-3.559,-2.375,-1.656,-1.246,-1.001,-0.969,-1.100,-1.601,-2.132,-1.798,-1.120,-0.771,-0.581,-0.460,-0.408,-0.357,-0.345,-0.358,-0.401,-0.511,-0.539,-0.422,-0.300,-0.228,-0.185,-0.159,-0.139,-0.125,-0.115,-0.105,-0.100,-0.094,-0.090,-0.089,-0.085,-0.085,-0.086,-0.085,-0.088,-0.090,-0.094,-0.099,-0.103,-0.110,-0.117,-0.124,-0.134,-0.143,-0.154,-0.167,-0.180,-0.195,-0.212,-0.229,-0.250,-0.271,-0.294,-0.321,-0.349,-0.381,-0.416,-0.454,-0.498,-0.546,-0.600,-0.662,-0.730,-0.810,-0.902,-1.008,-1.133,-1.282,-1.460,-1.678,-1.947,-2.285,-2.717,-3.277,-4.015,-4.991,-6.261,-7.818,-9.371,-10.193,-9.846,-8.948,-8.181,-7.710,-7.371,-6.765,-5.646,-4.390,-3.523,-3.282,-3.746,-5.108,-8.011,-14.846,-23.287,-10.426,-6.211,-4.074,-2.849,-2.100,-1.622,-1.303,-1.089,-0.943,-0.843,-0.778,-0.737,-0.716,-0.711,-0.718,-0.737,-0.767,-0.804,-0.851,-0.907,-0.971,-1.045,-1.127,-1.218,-1.321,-1.432,-1.556,-1.694,-1.843,-2.009,-2.192,-2.393,-2.618,-2.866,-3.141,-3.449,-3.788,-4.165,-4.581,-5.030,-5.514,-6.022,-6.535,-7.039,-7.499,-7.881,-8.166,-8.324,-8.359,-8.295,-8.152,-7.968,-7.783,-7.610,-7.479,-7.407,-7.396,-7.469,-7.633
708,5.4445,0.8320,3.2845,1.7727,0.9765,9.0000,-1.716,-1.774,-1.824,-1.762,-1.684,-1.707,-1.757,-1.709,-1.615,-1.605,-1.649,-1.614,-1.512,-1.477,-1.512,-1.488,-1.387,-1.333,-1.361,-1.352,-1.256,-1.192,-1.218,-1.226,-1.141,-1.074,-1.107,-1.141,-1.078,-1.022,-1.085,-1.178,-1.174,-1.186,-1.389,-1.728,-2.085,-2.747,-4.375,-7.513,-9.911,-7.265,-4.982,-4.431,-4.593,-3.917,-2.500,-1.464,-1.062,-0.959,-0.813,-0.634,-0.563,-0.568,-0.524,-0.444,-0.416,-0.431,-0.414,-0.369,-0.357,-0.375,-0.372,-0.346,-0.344,-0.366,-0.373,-0.362,-0.370,-0.398,-0.416,-0.421,-0.440,-0.480,-0.513,-0.537,-0.575,-0.633,-0.692,-0.746,-0.816,-0.913,-1.018,-1.129,-1.268,-1.446,-1.656,-1.899,-2.202,-2.594,-3.087,-3.707,-4.519,-5.623,-7.148,-9.310,-12.575,-17.788,-19.989,-14.141,-10.082,-7.447,-5.632,-4.345,-3.415,-2.722,-2.191,-1.786,-1.479,-1.242,-1.050,-0.896,-0.781,-0.694,-0.623,-0.566,-0.532,-0.518,-0.513,-0.519,-0.547,-0.606,-0.690,-0.804,-0.978,-1.256,-1.675,-2.314,-3.372,-5.246,-8.681,-15.224,-15.988,-9.628,-6.376,-4.629,-3.604,-2.934,-2.479,-2.187,-1.999,-1.854,-1.741,-1.675,-1.642,-1.611,-1.580,-1.568,-1.572,-1.565,-1.546,-1.538,-1.542,-1.535,-1.520,-1.522,-1.537,-1.529,-1.483,-1.425,-1.376,-1.337,-1.315,-1.334,-1.399,-1.484,-1.581,-1.712,-1.886,-2.080,-2.281,-2.512,-2.794,-3.106,-3.435,-3.811,-4.274,-4.817,-5.409,-6.051,-6.765,-7.517,-8.204,-8.740,-9.111,-9.323,-9.340,-9.135,-8.774,-8.384,-8.019,-7.635,-7.220,-6.846,-6.566,-6.328,-6.070,-5.838,-5.703,-5.629,-5.538
712,5.2697,0.5437,3.3959,0.7169,1.1978,4.6000,-2.279,-2.133,-2.024,-1.916,-1.835,-1.760,-1.689,-1.637,-1.575,-1.531,-1.481,-1.436,-1.399,-1.351,-1.319,-1.277,-1.241,-1.207,-1.167,-1.139,-1.098,-1.069,-1.035,-1.000,-0.975,-0.937,-0.914,-0.882,-0.855,-0.834,-0.804,-0.792,-0.767,-0.761,-0.756,-0.758,-0.795,-0.840,-0.984,-1.238,-1.821,-2.564,-2.262,-1.399,-0.946,-0.712,-0.571,-0.495,-0.433,-0.399,-0.366,-0.345,-0.328,-0.315,-0.311,-0.310,-0.322,-0.349,-0.409,-0.521,-0.702,-0.800,-0.663,-0.475,-0.361,-0.291,-0.254,-0.229,-0.214,-0.206,-0.200,-0.199,-0.198,-0.201,-0.205,-0.211,-0.219,-0.228,-0.241,-0.253,-0.269,-0.287,-0.306,-0.329,-0.354,-0.383,-0.415,-0.451,-0.492,-0.537,-0.590,-0.648,-0.716,-0.793,-0.882,-0.985,-1.104,-1.245,-1.410,-1.607,-1.842,-2.124,-2.467,-2.882,-3.389,-4.003,-4.742,-5.612,-6.592,-7.611,-8.504,-9.048,-9.085,-8.679,-8.038,-7.352,-6.731,-6.214,-5.813,-5.521,-5.330,-5.229,-5.203,-5.236,-5.298,-5.343,-5.304,-5.107,-4.712,-4.143,-3.495,-2.878,-2.400,-2.128,-2.035,-1.995,-1.913,-1.794,-1.668,-1.556,-1.464,-1.392,-1.340,-1.301,-1.277,-1.264,-1.260,-1.266,-1.277,-1.296,-1.319,-1.346,-1.376,-1.407,-1.439,-1.470,-1.501,-1.529,-1.555,-1.577,-1.595,-1.608,-1.614,-1.619,-1.632,-1.677,-1.791,-1.990,-2.249,-2.517,-2.766,-2.993,-3.203,-3.409,-3.616,-3.832,-4.061,-4.305,-4.572,-4.859,-5.175,-5.518,-5.894,-6.306,-6.753,-7.244,-7.770,-8.333,-8.926,-9.526,-10.119,-10.650,-11.078,-11.350,-11.415,-11.286,-10.977,-10.549,-10.068,-9.566,-9.099
716,5.1293,0.6554,3.2673,1.6260,0.6715,8.6000,-1.756,-1.765,-1.745,-1.740,-1.764,-1.786,-1.772,-1.740,-1.731,-1.744,-1.740,-1.701,-1.659,-1.646,-1.644,-1.614,-1.556,-1.513,-1.500,-1.484,-1.435,-1.374,-1.343,-1.336,-1.311,-1.257,-1.213,-1.209,-1.218,-1.200,-1.166,-1.173,-1.231,-1.296,-1.342,-1.426,-1.628,-1.962,-2.407,-3.071,-4.298,-6.726,-11.760,-20.249,-11.162,-6.407,-4.091,-2.897,-2.209,-1.719,-1.348,-1.104,-0.960,-0.846,-0.729,-0.631,-0.574,-0.538,-0.494,-0.443,-0.410,-0.396,-0.382,-0.358,-0.336,-0.330,-0.332,-0.326,-0.316,-0.315,-0.325,-0.334,-0.337,-0.344,-0.362,-0.385,-0.404,-0.424,-0.453,-0.492,-0.534,-0.576,-0.627,-0.693,-0.770,-0.854,-0.950,-1.070,-1.216,-1.389,-1.594,-1.848,-2.170,-2.579,-3.098,-3.776,-4.693,-5.960,-7.754,-10.361,-14.031,-16.167,-12.648,-8.959,-6.408,-4.668,-3.462,-2.617,-2.025,-1.618,-1.348,-1.183,-1.106,-1.121,-1.237,-1.472,-1.859,-2.464,-3.395,-4.812,-6.954,-10.205,-15.038,-17.724,-13.506,-10.056,-7.847,-6.347,-5.257,-4.422,-3.755,-3.193,-2.699,-2.278,-1.969,-1.802,-1.763,-1.788,-1.792,-1.720,-1.565,-1.360,-1.142,-0.943,-0.780,-0.654,-0.562,-0.499,-0.464,-0.453,-0.460,-0.478,-0.510,-0.557,-0.617,-0.683,-0.756,-0.842,-0.939,-1.042,-1.147,-1.257,-1.374,-1.497,-1.623,-1.764,-1.940,-2.170,-2.468,-2.850,-3.345,-3.990,-4.825,-5.897,-7.290,-9.146,-11.691,-15.194,-18.854,-17.689,-13.933,-11.022,-8.970,-7.515,-6.469,-5.712,-5.178,-4.837,-4.669,-4.642,-4.736,-4.950,-5.305,-5.813,-6.466,-7.250,-8.170,-9.242,-10.442,-11.659,-12.704
720,5.2644,0.5721,3.8038,0.8234,0.6436,4.0000,-1.452,-1.421,-1.360,-1.346,-1.298,-1.276,-1.254,-1.215,-1.211,-1.169,-1.160,-1.135,-1.107,-1.102,-1.062,-1.062,-1.030,-1.015,-1.007,-0.974,-0.983,-0.953,-0.963,-0.965,-0.969,-1.035,-1.083,-1.290,-1.637,-2.538,-4.198,-4.060,-2.450,-1.621,-1.264,-1.056,-0.997,-0.963,-1.020,-1.196,-1.558,-2.384,-2.823,-2.027,-1.340,-1.041,-0.754,-0.599,-0.512,-0.445,-0.415,-0.376,-0.360,-0.339,-0.326,-0.320,-0.311,-0.318,-0.322,-0.347,-0.388,-0.458,-0.526,-0.494,-0.402,-0.330,-0.291,-0.270,-0.259,-0.257,-0.257,-0.261,-0.267,-0.275,-0.286,-0.297,-0.313,-0.328,-0.347,-0.368,-0.390,-0.417,-0.445,-0.477,-0.513,-0.552,-0.597,-0.646,-0.702,-0.765,-0.836,-0.917,-1.008,-1.112,-1.228,-1.357,-1.492,-1.628,-1.747,-1.830,-1.861,-1.833,-1.763,-1.674,-1.594,-1.537,-1.509,-1.513,-1.544,-1.603,-1.687,-1.796,-1.930,-2.091,-2.283,-2.510,-2.778,-3.098,-3.479,-3.939,-4.496,-5.171,-5.983,-6.920,-7.888,-8.585,-8.532,-7.556,-6.104,-4.704,-3.624,-2.936,-2.557,-2.304,-2.167,-2.366,-3.141,-4.852,-8.313,-14.749,-12.843,-7.550,-4.814,-3.301,-2.407,-1.851,-1.490,-1.253,-1.093,-0.989,-0.922,-0.881,-0.863,-0.860,-0.870,-0.891,-0.920,-0.959,-1.003,-1.056,-1.114,-1.180,-1.253,-1.333,-1.423,-1.519,-1.628,-1.748,-1.881,-2.033,-2.203,-2.400,-2.627,-2.895,-3.215,-3.603,-4.085,-4.688,-5.466,-6.479,-7.818,-9.616,-12.038,-15.358,-19.756,-23.341,-21.525,-18.775,-16.959,-15.852,-15.183,-14.734,-14.417,-14.113,-13.829,-13.550,-13.309,-13.156,-13.088,-13.169,-13.379
724,5.2849,0.5224,3.0308,0.6416,0.9354,5.4000,-1.995,-1.908,-1.846,-1.769,-1.720,-1.661,-1.609,-1.569,-1.513,-1.480,-1.431,-1.392,-1.356,-1.309,-1.280,-1.233,-1.201,-1.163,-1.123,-1.095,-1.050,-1.024,-0.985,-0.953,-0.926,-0.887,-0.867,-0.831,-0.811,-0.787,-0.762,-0.755,-0.733,-0.743,-0.745,-0.782,-0.860,-0.999,-1.313,-1.580,-1.918,-2.192,-1.697,-1.062,-0.761,-0.584,-0.492,-0.429,-0.387,-0.364,-0.342,-0.338,-0.335,-0.353,-0.385,-0.454,-0.585,-0.821,-1.103,-1.064,-0.744,-0.499,-0.362,-0.285,-0.242,-0.213,-0.198,-0.186,-0.181,-0.178,-0.178,-0.181,-0.184,-0.191,-0.198,-0.208,-0.219,-0.232,-0.247,-0.263,-0.282,-0.303,-0.326,-0.352,-0.380,-0.411,-0.445,-0.483,-0.525,-0.571,-0.622,-0.678,-0.741,-0.811,-0.888,-0.975,-1.072,-1.182,-1.306,-1.447,-1.609,-1.793,-2.007,-2.255,-2.543,-2.881,-3.276,-3.739,-4.277,-4.897,-5.591,-6.337,-7.077,-7.717,-8.149,-8.305,-8.213,-7.980,-7.727,-7.554,-7.517,-7.655,-7.963,-8.395,-8.782,-8.800,-8.161,-6.953,-5.586,-4.360,-3.408,-2.737,-2.319,-2.143,-2.211,-2.615,-3.562,-5.589,-10.136,-18.269,-10.911,-6.250,-3.902,-2.663,-1.978,-1.567,-1.325,-1.169,-1.079,-1.029,-1.006,-1.011,-1.028,-1.065,-1.112,-1.171,-1.245,-1.325,-1.421,-1.525,-1.642,-1.773,-1.915,-2.076,-2.248,-2.442,-2.653,-2.884,-3.141,-3.418,-3.727,-4.063,-4.429,-4.832,-5.263,-5.736,-6.237,-6.772,-7.337,-7.915,-8.513,-9.106,-9.692,-10.270,-10.814,-11.344,-11.829,-12.251,-12.605,-12.835,-12.962,-12.958,-12.846,-12.661,-12.399,-12.125,-11.821,-11.535,-11.272,-11.039,-10.874
728,4.2055,0.4269,3.0760,1.2561,1.1012,6.2000,-0.232,-0.240,-0.232,-0.256,-0.295,-0.307,-0.369,-0.562,-0.746,-0.704,-0.493,-0.341,-0.306,-0.297,-0.273,-0.268,-0.276,-0.273,-0.269,-0.277,-0.282,-0.280,-0.285,-0.293,-0.295,-0.296,-0.304,-0.310,-0.311,-0.316,-0.325,-0.328,-0.331,-0.339,-0.346,-0.349,-0.355,-0.364,-0.369,-0.374,-0.383,-0.392,-0.399,-0.410,-0.425,-0.435,-0.440,-0.442,-0.441,-0.439,-0.442,-0.451,-0.457,-0.462,-0.471,-0.480,-0.487,-0.494,-0.505,-0.513,-0.520,-0.530,-0.541,-0.550,-0.559,-0.571,-0.582,-0.592,-0.604,-0.619,-0.633,-0.647,-0.656,-0.655,-0.652,-0.659,-0.674,-0.685,-0.695,-0.710,-0.725,-0.736,-0.748,-0.765,-0.779,-0.790,-0.806,-0.822,-0.835,-0.848,-0.867,-0.883,-0.895,-0.912,-0.932,-0.946,-0.961,-0.981,-1.000,-1.015,-1.033,-1.056,-1.073,-1.089,-1.112,-1.135,-1.152,-1.173,-1.200,-1.222,-1.241,-1.268,-1.298,-1.321,-1.346,-1.382,-1.416,-1.444,-1.484,-1.536,-1.583,-1.638,-1.724,-1.830,-1.953,-2.125,-2.349,-2.572,-2.777,-2.996,-3.208,-3.354,-3.486,-3.700,-4.038,-4.644,-5.832,-7.555,-8.178,-6.632,-5.056,-4.440,-4.707,-5.796,-8.036,-11.741,-12.608,-8.718,-6.012,-4.582,-3.766,-3.235,-2.926,-2.768,-2.646,-2.552,-2.530,-2.541,-2.536,-2.554,-2.620,-2.688,-2.744,-2.837,-2.967,-3.086,-3.210,-3.380,-3.565,-3.723,-3.885,-4.065,-4.204,-4.283,-4.353,-4.414,-4.425,-4.419,-4.456,-4.518,-4.577,-4.679,-4.867,-5.104,-5.366,-5.698,-6.128,-6.593,-7.025,-7.430,-7.799,-8.033,-8.048,-7.899,-7.695,-7.442,-7.101,-6.741,-6.464,-6.237,-5.978
732,5.5407,0.4067,3.0068,1.2024,1.0780,4.0000,-1.939,-1.829,-1.749,-1.680,-1.617,-1.573,-1.521,-1.487,-1.449,-1.415,-1.389,-1.353,-1.332,-1.300,-1.276,-1.253,-1.222,-1.204,-1.172,-1.152,-1.126,-1.099,-1.081,-1.049,-1.034,-1.006,-0.985,-0.969,-0.943,-0.938,-0.916,-0.919,-0.920,-0.933,-0.987,-1.054,-1.256,-1.608,-2.457,-3.559,-3.026,-1.793,-1.200,-0.908,-0.754,-0.659,-0.576,-0.537,-0.493,-0.471,-0.451,-0.435,-0.434,-0.432,-0.455,-0.490,-0.571,-0.715,-0.949,-1.155,-1.071,-0.816,-0.615,-0.490,-0.417,-0.370,-0.342,-0.323,-0.312,-0.308,-0.305,-0.309,-0.313,-0.322,-0.334,-0.348,-0.366,-0.386,-0.412,-0.439,-0.472,-0.509,-0.551,-0.600,-0.653,-0.716,-0.786,-0.866,-0.958,-1.062,-1.182,-1.318,-1.475,-1.655,-1.862,-2.102,-2.376,-2.693,-3.055,-3.467,-3.933,-4.448,-5.007,-5.586,-6.156,-6.663,-7.051,-7.268,-7.289,-7.138,-6.855,-6.502,-6.124,-5.758,-5.425,-5.133,-4.892,-4.697,-4.551,-4.447,-4.384,-4.356,-4.351,-4.359,-4.354,-4.312,-4.195,-3.978,-3.655,-3.254,-2.841,-2.497,-2.332,-2.467,-3.021,-3.776,-4.006,-3.545,-2.932,-2.435,-2.081,-1.833,-1.661,-1.542,-1.459,-1.405,-1.371,-1.354,-1.349,-1.355,-1.370,-1.393,-1.423,-1.459,-1.502,-1.551,-1.605,-1.666,-1.732,-1.806,-1.886,-1.976,-2.076,-2.187,-2.315,-2.460,-2.631,-2.835,-3.082,-3.389,-3.775,-4.279,-4.940,-5.830,-7.039,-8.679,-10.892,-13.729,-16.747,-17.956,-16.641,-14.876,-13.540,-12.660,-12.119,-11.850,-11.773,-11.859,-12.079,-12.398,-12.820,-13.298,-13.826,-14.362,-14.836,-15.220,-15.410,-15.391,-15.168,-14.749,-14.245
736,4.6577,0.4079,3.0644,1.0657,0.8095,4.0000,-2.814,-2.568,-2.364,-2.205,-2.073,-1.964,-1.877,-1.799,-1.737,-1.680,-1.630,-1.588,-1.545,-1.510,-1.474,-1.442,-1.411,-1.379,-1.351,-1.319,-1.292,-1.263,-1.233,-1.207,-1.176,-1.151,-1.122,-1.095,-1.069,-1.041,-1.018,-0.992,-0.970,-0.949,-0.928,-0.915,-0.898,-0.894,-0.890,-0.898,-0.923,-0.963,-1.059,-1.176,-1.375,-1.530,-1.482,-1.616,-2.123,-3.050,-4.236,-4.124,-2.770,-1.730,-1.152,-0.829,-0.641,-0.518,-0.438,-0.379,-0.337,-0.304,-0.278,-0.259,-0.241,-0.229,-0.217,-0.210,-0.203,-0.199,-0.197,-0.197,-0.198,-0.194,-0.190,-0.188,-0.189,-0.192,-0.196,-0.202,-0.208,-0.216,-0.225,-0.234,-0.245,-0.257,-0.270,-0.284,-0.298,-0.315,-0.332,-0.351,-0.370,-0.391,-0.414,-0.437,-0.463,-0.490,-0.519,-0.549,-0.581,-0.616,-0.652,-0.692,-0.733,-0.777,-0.824,-0.875,-0.929,-0.986,-1.048,-1.113,-1.183,-1.257,-1.336,-1.418,-1.504,-1.592,-1.682,-1.774,-1.867,-1.961,-2.061,-2.168,-2.290,-2.431,-2.600,-2.809,-3.065,-3.387,-3.779,-4.236,-4.668,-4.804,-4.253,-3.131,-2.139,-1.650,-1.597,-1.827,-2.264,-2.893,-3.735,-4.778,-5.892,-6.934,-7.981,-9.202,-10.416,-10.751,-9.522,-7.550,-5.733,-4.327,-3.306,-2.586,-2.084,-1.738,-1.503,-1.345,-1.244,-1.184,-1.155,-1.149,-1.161,-1.189,-1.228,-1.278,-1.337,-1.405,-1.480,-1.564,-1.655,-1.754,-1.863,-1.980,-2.107,-2.245,-2.395,-2.560,-2.739,-2.936,-3.152,-3.392,-3.658,-3.954,-4.288,-4.663,-5.090,-5.578,-6.140,-6.795,-7.563,-8.478,-9.582,-10.942,-12.667,-14.934,-18.121,-23.025,-28.461
740,5.4512,0.7209,3.4786,1.1450,1.2203,5.4000,-2.468,-2.317,-2.183,-2.092,-1.992,-1.885,-1.817,-1.751,-1.664,-1.604,-1.558,-1.486,-1.429,-1.395,-1.336,-1.279,-1.250,-1.204,-1.146,-1.119,-1.084,-1.028,-1.001,-0.977,-0.925,-0.896,-0.883,-0.838,-0.808,-0.808,-0.776,-0.749,-0.771,-0.768,-0.766,-0.856,-0.971,-1.160,-1.723,-2.506,-2.556,-1.758,-1.075,-0.791,-0.649,-0.526,-0.462,-0.428,-0.385,-0.358,-0.352,-0.344,-0.339,-0.361,-0.409,-0.478,-0.644,-0.976,-1.262,-1.151,-0.772,-0.495,-0.377,-0.294,-0.233,-0.213,-0.193,-0.168,-0.165,-0.160,-0.148,-0.149,-0.153,-0.148,-0.153,-0.162,-0.163,-0.171,-0.185,-0.193,-0.205,-0.224,-0.240,-0.258,-0.285,-0.310,-0.337,-0.375,-0.414,-0.455,-0.508,-0.567,-0.631,-0.710,-0.803,-0.906,-1.033,-1.186,-1.364,-1.582,-1.853,-2.182,-2.592,-3.112,-3.759,-4.571,-5.584,-6.787,-8.091,-9.228,-9.703,-9.286,-8.315,-7.215,-6.230,-5.432,-4.802,-4.323,-3.977,-3.732,-3.575,-3.505,-3.506,-3.575,-3.715,-3.914,-4.142,-4.361,-4.474,-4.363,-3.986,-3.405,-2.788,-2.322,-2.054,-1.890,-1.736,-1.584,-1.452,-1.348,-1.274,-1.225,-1.196,-1.187,-1.194,-1.213,-1.245,-1.287,-1.333,-1.387,-1.445,-1.503,-1.564,-1.632,-1.699,-1.771,-1.853,-1.936,-2.025,-2.124,-2.223,-2.322,-2.422,-2.509,-2.569,-2.600,-2.595,-2.582,-2.628,-2.769,-2.992,-3.274,-3.594,-3.928,-4.276,-4.646,-5.023,-5.407,-5.811,-6.220,-6.618,-7.015,-7.397,-7.726,-8.006,-8.234,-8.371,-8.414,-8.394,-8.299,-8.123,-7.918,-7.698,-7.444,-7.192,-6.973,-6.759,-6.559,-6.416,-6.306,-6.213
744,5.5660,0.5325,3.1749,1.4847,0.9413,7.8000,-1.663,-1.681,-1.650,-1.647,-1.666,-1.638,-1.623,-1.638,-1.614,-1.589,-1.600,-1.580,-1.549,-1.554,-1.542,-1.510,-1.515,-1.515,-1.492,-1.505,-1.531,-1.539,-1.586,-1.675,-1.778,-1.951,-2.262,-2.746,-3.576,-5.200,-8.599,-16.271,-13.239,-7.027,-4.369,-3.086,-2.288,-1.840,-1.640,-1.447,-1.360,-1.488,-1.648,-2.130,-3.648,-5.410,-4.300,-2.329,-1.410,-1.085,-0.840,-0.694,-0.650,-0.582,-0.530,-0.526,-0.503,-0.482,-0.492,-0.491,-0.489,-0.511,-0.531,-0.549,-0.588,-0.632,-0.681,-0.751,-0.838,-0.943,-1.084,-1.269,-1.517,-1.859,-2.360,-3.129,-4.357,-6.469,-9.875,-10.624,-6.618,-3.782,-2.345,-1.668,-1.357,-1.276,-1.352,-1.518,-1.786,-2.167,-2.646,-3.255,-4.038,-5.000,-6.192,-7.701,-9.573,-11.927,-15.003,-18.873,-22.260,-21.075,-17.860,-15.269,-13.023,-10.790,-8.393,-5.973,-3.992,-2.704,-2.025,-1.721,-1.596,-1.555,-1.546,-1.549,-1.561,-1.573,-1.584,-1.600,-1.613,-1.624,-1.638,-1.648,-1.656,-1.673,-1.700,-1.761,-1.904,-2.194,-2.757,-3.694,-4.822,-5.546,-5.436,-4.755,-3.947,-3.237,-2.666,-2.215,-1.872,-1.612,-1.410,-1.264,-1.160,-1.084,-1.038,-1.019,-1.014,-1.027,-1.061,-1.104,-1.160,-1.236,-1.318,-1.413,-1.527,-1.649,-1.781,-1.933,-2.092,-2.254,-2.431,-2.604,-2.765,-2.922,-3.063,-3.180,-3.301,-3.429,-3.565,-3.735,-3.941,-4.159,-4.398,-4.655,-4.897,-5.120,-5.334,-5.507,-5.629,-5.726,-5.781,-5.778,-5.754,-5.712,-5.628,-5.534,-5.451,-5.346,-5.239,-5.161,-5.079,-4.994,-4.949,-4.912,-4.870,-4.872,-4.895,-4.911,-4.974
748,5.1637,0.5992,3.6681,0.6316,1.1983,6.2000,-2.169,-2.089,-2.037,-1.964,-1.903,-1.854,-1.786,-1.739,-1.687,-1.627,-1.587,-1.531,-1.481,-1.441,-1.383,-1.343,-1.298,-1.246,-1.212,-1.162,-1.121,-1.086,-1.037,-1.007,-0.969,-0.930,-0.907,-0.869,-0.845,-0.826,-0.798,-0.796,-0.787,-0.794,-0.834,-0.883,-1.022,-1.264,-1.733,-2.519,-2.790,-2.055,-1.305,-0.914,-0.689,-0.557,-0.475,-0.414,-0.374,-0.344,-0.321,-0.306,-0.299,-0.299,-0.317,-0.361,-0.453,-0.605,-0.627,-0.511,-0.566,-0.676,-0.528,-0.330,-0.249,-0.198,-0.171,-0.159,-0.144,-0.142,-0.137,-0.134,-0.137,-0.136,-0.141,-0.145,-0.149,-0.159,-0.165,-0.175,-0.187,-0.198,-0.214,-0.229,-0.246,-0.267,-0.288,-0.313,-0.341,-0.370,-0.406,-0.443,-0.487,-0.537,-0.592,-0.657,-0.730,-0.816,-0.917,-1.034,-1.176,-1.348,-1.557,-1.819,-2.148,-2.574,-3.135,-3.887,-4.925,-6.399,-8.569,-11.964,-17.713,-20.932,-14.430,-10.453,-8.080,-6.579,-5.610,-4.990,-4.619,-4.432,-4.382,-4.429,-4.512,-4.538,-4.383,-3.950,-3.288,-2.574,-1.992,-1.620,-1.399,-1.237,-1.102,-1.009,-0.968,-0.980,-1.045,-1.167,-1.352,-1.618,-1.990,-2.508,-3.226,-4.209,-5.491,-6.955,-8.096,-8.204,-7.334,-6.176,-5.135,-4.296,-3.640,-3.122,-2.713,-2.395,-2.153,-1.983,-1.876,-1.824,-1.823,-1.863,-1.941,-2.052,-2.191,-2.358,-2.552,-2.771,-3.017,-3.285,-3.577,-3.891,-4.221,-4.565,-4.914,-5.258,-5.590,-5.889,-6.144,-6.342,-6.468,-6.520,-6.500,-6.409,-6.268,-6.085,-5.874,-5.654,-5.431,-5.214,-5.013,-4.827,-4.664,-4.525,-4.408,-4.322,-4.260,-4.225,-4.225
752,5.5339,0.8441,3.4548,1.3365,1.0848,8.0000,-1.880,-1.840,-1.811,-1.810,-1.801,-1.757,-1.709,-1.693,-1.684,-1.643,-1.584,-1.552,-1.543,-1.510,-1.447,-1.403,-1.395,-1.376,-1.319,-1.268,-1.263,-1.267,-1.229,-1.181,-1.191,-1.241,-1.253,-1.244,-1.324,-1.526,-1.764,-2.067,-2.767,-4.349,-7.069,-9.023,-6.768,-4.039,-2.488,-1.786,-1.438,-1.150,-0.914,-0.798,-0.751,-0.681,-0.590,-0.542,-0.536,-0.515,-0.467,-0.437,-0.441,-0.441,-0.416,-0.396,-0.404,-0.418,-0.411,-0.401,-0.415,-0.442,-0.454,-0.457,-0.481,-0.525,-0.562,-0.589,-0.634,-0.710,-0.791,-0.868,-0.968,-1.117,-1.306,-1.519,-1.794,-2.200,-2.781,-3.583,-4.770,-6.721,-9.924,-12.810,-9.821,-6.093,-3.750,-2.408,-1.691,-1.332,-1.168,-1.135,-1.224,-1.430,-1.737,-2.146,-2.694,-3.436,-4.422,-5.705,-7.386,-9.661,-12.842,-17.242,-20.613,-17.608,-13.963,-11.401,-9.636,-8.394,-7.453,-6.672,-5.981,-5.304,-4.518,-3.584,-2.629,-1.828,-1.268,-0.933,-0.760,-0.694,-0.694,-0.724,-0.758,-0.799,-0.856,-0.916,-0.952,-0.965,-0.988,-1.024,-1.049,-1.069,-1.131,-1.249,-1.372,-1.472,-1.604,-1.812,-2.047,-2.325,-2.955,-4.510,-7.651,-11.239,-8.692,-5.248,-3.446,-2.730,-2.494,-2.315,-2.125,-2.030,-2.014,-1.953,-1.834,-1.754,-1.743,-1.726,-1.668,-1.634,-1.667,-1.719,-1.740,-1.766,-1.852,-1.976,-2.078,-2.168,-2.306,-2.498,-2.681,-2.835,-3.018,-3.259,-3.510,-3.720,-3.927,-4.195,-4.505,-4.791,-5.043,-5.323,-5.649,-5.944,-6.129,-6.225,-6.302,-6.358,-6.317,-6.159,-5.970,-5.823,-5.679,-5.467,-5.217,-5.024,-4.895,-4.743,-4.540
756,5.3637,0.5011,3.9147,0.4875,1.1141,7.6000,-1.998,-1.986,-2.008,-2.031,-2.033,-2.067,-2.129,-2.180,-2.266,-2.425,-2.627,-2.916,-3.398,-4.131,-5.201,-6.741,-8.444,-8.907,-7.571,-5.874,-4.583,-3.701,-3.068,-2.615,-2.334,-2.142,-1.990,-1.966,-2.080,-2.303,-2.928,-4.281,-5.524,-4.728,-3.059,-2.040,-1.562,-1.241,-1.022,-0.911,-0.812,-0.717,-0.669,-0.625,-0.569,-0.541,-0.520,-0.484,-0.465,-0.458,-0.435,-0.423,-0.426,-0.417,-0.410,-0.423,-0.427,-0.430,-0.454,-0.475,-0.491,-0.532,-0.579,-0.621,-0.693,-0.788,-0.886,-1.036,-1.249,-1.514,-1.924,-2.589,-3.631,-5.522,-8.884,-9.980,-6.033,-3.307,-2.042,-1.528,-1.333,-1.342,-1.498,-1.709,-1.954,-2.209,-2.405,-2.525,-2.596,-2.620,-2.630,-2.690,-2.833,-3.124,-3.679,-4.546,-5.621,-6.733,-7.814,-8.936,-10.097,-10.882,-10.515,-8.992,-7.164,-5.579,-4.357,-3.465,-2.835,-2.399,-2.106,-1.924,-1.827,-1.798,-1.830,-1.915,-2.042,-2.227,-2.519,-3.046,-3.988,-5.172,-5.469,-4.335,-2.976,-2.048,-1.494,-1.167,-0.993,-0.913,-0.889,-0.917,-0.988,-1.091,-1.235,-1.427,-1.661,-1.951,-2.307,-2.714,-3.156,-3.589,-3.913,-4.038,-3.932,-3.626,-3.223,-2.819,-2.453,-2.149,-1.915,-1.735,-1.602,-1.514,-1.460,-1.429,-1.427,-1.447,-1.481,-1.537,-1.611,-1.697,-1.802,-1.930,-2.074,-2.243,-2.448,-2.682,-2.945,-3.240,-3.542,-3.839,-4.140,-4.440,-4.728,-5.016,-5.300,-5.554,-5.782,-5.985,-6.138,-6.236,-6.298,-6.311,-6.269,-6.200,-6.111,-5.988,-5.856,-5.733,-5.599,-5.466,-5.358,-5.255,-5.154,-5.083,-5.028,-4.971,-4.943,-4.938,-4.927
760,5.0750,0.5928,2.7128,1.8690,0.6102,7.0000,-1.918,-1.894,-1.908,-1.941,-1.922,-1.919,-1.948,-1.935,-1.917,-1.938,-1.929,-1.901,-1.911,-1.908,-1.876,-1.878,-1.883,-1.858,-1.859,-1.880,-1.878,-1.896,-1.953,-2.006,-2.085,-2.237,-2.435,-2.713,-3.171,-3.876,-4.971,-6.863,-10.412,-18.574,-19.085,-10.400,-6.700,-4.709,-3.481,-2.683,-2.177,-1.809,-1.518,-1.330,-1.186,-1.048,-1.000,-1.028,-0.989,-0.871,-0.766,-0.693,-0.645,-0.620,-0.589,-0.567,-0.577,-0.582,-0.599,-0.706,-0.872,-0.982,-0.990,-0.968,-1.072,-1.365,-1.814,-2.690,-4.505,-6.305,-4.963,-2.743,-1.551,-1.037,-0.737,-0.571,-0.514,-0.470,-0.451,-0.481,-0.514,-0.561,-0.651,-0.758,-0.890,-1.082,-1.320,-1.616,-2.010,-2.497,-3.076,-3.763,-4.495,-5.167,-5.687,-5.930,-5.870,-5.615,-5.239,-4.826,-4.448,-4.104,-3.800,-3.556,-3.348,-3.172,-3.041,-2.934,-2.846,-2.794,-2.760,-2.738,-2.747,-2.774,-2.810,-2.879,-2.967,-3.065,-3.197,-3.348,-3.500,-3.675,-3.840,-3.952,-4.008,-3.948,-3.719,-3.371,-2.920,-2.416,-1.971,-1.600,-1.298,-1.121,-1.046,-1.028,-1.157,-1.473,-2.003,-3.243,-5.842,-7.976,-6.006,-3.999,-3.191,-2.882,-2.710,-2.711,-2.751,-2.729,-2.733,-2.711,-2.612,-2.526,-2.434,-2.301,-2.201,-2.123,-2.026,-1.966,-1.940,-1.901,-1.893,-1.924,-1.945,-1.990,-2.077,-2.159,-2.260,-2.411,-2.562,-2.730,-2.955,-3.192,-3.440,-3.750,-4.082,-4.410,-4.797,-5.216,-5.615,-6.056,-6.535,-6.958,-7.339,-7.695,-7.901,-7.922,-7.844,-7.636,-7.266,-6.856,-6.459,-6.012,-5.572,-5.212,-4.859,-4.509,-4.243,-4.008,-3.758
764,4.6187,0.4983,2.6352,0.9043,0.8326,6.6000,-1.939,-1.942,-1.932,-1.994,-2.012,-1.993,-2.040,-2.066,-2.038,-2.066,-2.094,-2.061,-2.067,-2.094,-2.060,-2.050,-2.075,-2.049,-2.031,-2.063,-2.058,-2.053,-2.109,-2.155,-2.202,-2.333,-2.503,-2.709,-3.069,-3.610,-4.371,-5.604,-7.674,-11.186,-17.502,-16.760,-10.618,-7.254,-5.203,-3.901,-3.091,-2.499,-2.044,-1.769,-1.550,-1.351,-1.340,-1.430,-1.362,-1.244,-1.217,-1.110,-0.892,-0.734,-0.650,-0.601,-0.580,-0.548,-0.535,-0.566,-0.568,-0.609,-0.755,-0.909,-1.308,-2.298,-2.997,-2.158,-1.080,-0.654,-0.529,-0.402,-0.367,-0.384,-0.361,-0.377,-0.426,-0.447,-0.499,-0.586,-0.663,-0.778,-0.941,-1.119,-1.350,-1.643,-1.950,-2.272,-2.577,-2.784,-2.891,-2.914,-2.845,-2.743,-2.641,-2.529,-2.436,-2.372,-2.313,-2.275,-2.265,-2.260,-2.271,-2.308,-2.347,-2.402,-2.482,-2.567,-2.667,-2.795,-2.932,-3.087,-3.274,-3.475,-3.698,-3.955,-4.224,-4.507,-4.807,-5.085,-5.320,-5.493,-5.541,-5.440,-5.198,-4.808,-4.321,-3.801,-3.272,-2.772,-2.336,-1.956,-1.637,-1.397,-1.219,-1.096,-1.064,-1.130,-1.328,-1.854,-2.877,-4.037,-4.539,-4.447,-4.385,-4.412,-4.390,-4.342,-4.227,-4.013,-3.782,-3.543,-3.285,-3.064,-2.874,-2.688,-2.543,-2.429,-2.318,-2.239,-2.187,-2.133,-2.103,-2.098,-2.087,-2.097,-2.131,-2.158,-2.202,-2.273,-2.338,-2.418,-2.530,-2.638,-2.761,-2.922,-3.083,-3.261,-3.487,-3.718,-3.969,-4.281,-4.610,-4.959,-5.386,-5.844,-6.319,-6.883,-7.492,-8.092,-8.761,-9.454,-10.039,-10.558,-10.991,-11.152,-11.067,-10.874,-10.497,-9.953,-9.445
768,4.6860,0.4164,3.1103,1.7589,1.0399,4.0000,-3.349,-3.076,-2.879,-2.669,-2.481,-2.361,-2.206,-2.122,-2.026,-1.938,-1.894,-1.808,-1.779,-1.720,-1.675,-1.651,-1.590,-1.580,-1.528,-1.502,-1.479,-1.429,-1.426,-1.372,-1.361,-1.332,-1.295,-1.296,-1.246,-1.256,-1.228,-1.224,-1.249,-1.240,-1.332,-1.395,-1.611,-2.013,-2.838,-4.721,-5.616,-4.159,-3.220,-3.478,-4.272,-4.725,-5.331,-4.676,-2.815,-1.836,-1.352,-1.031,-0.883,-0.730,-0.654,-0.579,-0.516,-0.482,-0.427,-0.406,-0.368,-0.344,-0.324,-0.295,-0.286,-0.261,-0.252,-0.237,-0.224,-0.220,-0.207,-0.210,-0.209,-0.223,-0.236,-0.223,-0.202,-0.179,-0.172,-0.163,-0.160,-0.160,-0.157,-0.162,-0.161,-0.166,-0.170,-0.173,-0.182,-0.186,-0.196,-0.203,-0.213,-0.224,-0.234,-0.249,-0.260,-0.276,-0.291,-0.307,-0.327,-0.344,-0.368,-0.388,-0.414,-0.441,-0.468,-0.501,-0.533,-0.572,-0.610,-0.655,-0.703,-0.754,-0.813,-0.873,-0.941,-1.009,-1.080,-1.153,-1.219,-1.285,-1.337,-1.385,-1.426,-1.461,-1.503,-1.545,-1.607,-1.682,-1.787,-1.927,-2.107,-2.352,-2.627,-2.851,-2.700,-2.190,-1.936,-2.193,-2.861,-3.974,-5.744,-8.357,-10.628,-9.272,-6.668,-4.860,-3.769,-3.127,-2.749,-2.533,-2.415,-2.352,-2.322,-2.296,-2.267,-2.223,-2.163,-2.092,-2.010,-1.931,-1.852,-1.784,-1.725,-1.675,-1.640,-1.610,-1.595,-1.585,-1.585,-1.594,-1.606,-1.630,-1.656,-1.693,-1.736,-1.785,-1.847,-1.913,-1.997,-2.090,-2.204,-2.342,-2.504,-2.716,-2.973,-3.314,-3.755,-4.332,-5.097,-6.046,-7.182,-8.337,-9.303,-9.876,-10.060,-10.074,-10.028,-10.090,-10.207
772,4.9377,0.4894,3.6607,1.1745,1.1350,9.0000,-1.773,-1.844,-1.872,-1.833,-1.809,-1.850,-1.899,-1.883,-1.831,-1.824,-1.864,-1.875,-1.827,-1.783,-1.798,-1.834,-1.823,-1.784,-1.792,-1.866,-1.948,-2.010,-2.115,-2.347,-2.726,-3.240,-3.959,-5.040,-6.551,-8.065,-8.402,-7.256,-5.734,-4.470,-3.548,-2.915,-2.480,-2.141,-1.850,-1.641,-1.550,-1.522,-1.484,-1.501,-1.775,-2.419,-3.191,-3.423,-2.802,-1.907,-1.279,-0.985,-0.848,-0.720,-0.595,-0.524,-0.497,-0.465,-0.415,-0.377,-0.366,-0.358,-0.336,-0.314,-0.308,-0.310,-0.304,-0.293,-0.291,-0.299,-0.305,-0.306,-0.310,-0.324,-0.340,-0.352,-0.366,-0.387,-0.413,-0.440,-0.467,-0.500,-0.541,-0.587,-0.636,-0.690,-0.755,-0.831,-0.916,-1.010,-1.121,-1.252,-1.406,-1.585,-1.794,-2.047,-2.358,-2.736,-3.196,-3.770,-4.508,-5.461,-6.695,-8.323,-10.570,-13.850,-19.146,-31.631,-23.999,-16.237,-11.590,-8.283,-5.926,-4.305,-3.226,-2.507,-2.000,-1.621,-1.340,-1.139,-0.994,-0.884,-0.800,-0.749,-0.732,-0.741,-0.774,-0.842,-0.961,-1.154,-1.448,-1.890,-2.586,-3.730,-5.634,-8.741,-13.103,-13.588,-9.789,-7.082,-5.461,-4.451,-3.768,-3.290,-2.970,-2.756,-2.588,-2.442,-2.328,-2.241,-2.152,-2.044,-1.930,-1.824,-1.715,-1.590,-1.462,-1.353,-1.263,-1.177,-1.098,-1.044,-1.021,-1.013,-1.013,-1.035,-1.093,-1.180,-1.279,-1.400,-1.556,-1.734,-1.901,-2.039,-2.169,-2.313,-2.469,-2.634,-2.830,-3.084,-3.392,-3.730,-4.094,-4.507,-4.977,-5.466,-5.919,-6.298,-6.589,-6.772,-6.821,-6.734,-6.562,-6.382,-6.242,-6.126,-5.988,-5.823,-5.682,-5.586,-5.491
776,5.3986,0.5410,3.3482,0.9778,0.8419,8.2000,-1.687,-1.669,-1.699,-1.712,-1.672,-1.635,-1.648,-1.665,-1.629,-1.576,-1.570,-1.587,-1.559,-1.498,-1.474,-1.492,-1.478,-1.418,-1.386,-1.410,-1.425,-1.385,-1.362,-1.418,-1.500,-1.537,-1.594,-1.799,-2.158,-2.612,-3.334,-4.877,-8.306,-17.511,-16.538,-8.041,-4.798,-3.301,-2.506,-1.934,-1.492,-1.224,-1.082,-0.959,-0.825,-0.728,-0.683,-0.641,-0.580,-0.530,-0.510,-0.495,-0.464,-0.435,-0.427,-0.425,-0.412,-0.397,-0.398,-0.407,-0.408,-0.406,-0.417,-0.437,-0.454,-0.468,-0.493,-0.530,-0.567,-0.605,-0.655,-0.721,-0.796,-0.878,-0.979,-1.108,-1.263,-1.447,-1.677,-1.975,-2.358,-2.853,-3.519,-4.454,-5.805,-7.857,-11.300,-18.682,-23.568,-12.366,-7.838,-5.258,-3.658,-2.643,-2.002,-1.615,-1.411,-1.352,-1.422,-1.622,-1.965,-2.478,-3.206,-4.219,-5.615,-7.543,-10.268,-14.378,-21.487,-23.632,-16.393,-12.491,-10.059,-8.375,-7.130,-6.160,-5.370,-4.698,-4.102,-3.558,-3.057,-2.606,-2.210,-1.856,-1.532,-1.239,-0.992,-0.801,-0.660,-0.555,-0.481,-0.439,-0.422,-0.422,-0.437,-0.468,-0.516,-0.576,-0.646,-0.731,-0.832,-0.943,-1.060,-1.179,-1.295,-1.397,-1.488,-1.590,-1.740,-1.971,-2.327,-2.857,-3.641,-4.803,-6.539,-9.041,-11.733,-11.555,-8.832,-6.480,-4.924,-3.946,-3.332,-2.956,-2.755,-2.684,-2.700,-2.783,-2.935,-3.160,-3.444,-3.776,-4.166,-4.620,-5.108,-5.577,-5.978,-6.268,-6.402,-6.378,-6.271,-6.178,-6.143,-6.148,-6.173,-6.214,-6.262,-6.286,-6.251,-6.164,-6.058,-5.948,-5.821,-5.677,-5.552,-5.485,-5.474,-5.508,-5.612,-5.852,-6.268
780,5.5013,0.5932,3.8990,1.5456,1.0735,6.4000,-2.088,-2.086,-2.082,-2.100,-2.113,-2.119,-2.147,-2.185,-2.220,-2.278,-2.367,-2.472,-2.614,-2.823,-3.101,-3.466,-3.966,-4.624,-5.405,-6.193,-6.721,-6.685,-6.089,-5.242,-4.422,-3.733,-3.180,-2.768,-2.474,-2.218,-1.955,-1.728,-1.562,-1.420,-1.291,-1.193,-1.108,-1.021,-0.954,-0.901,-0.842,-0.794,-0.767,-0.744,-0.753,-0.801,-0.792,-0.741,-0.848,-1.108,-1.177,-0.919,-0.656,-0.572,-0.549,-0.510,-0.502,-0.519,-0.522,-0.540,-0.584,-0.628,-0.688,-0.787,-0.915,-1.085,-1.338,-1.689,-2.158,-2.767,-3.426,-3.905,-4.014,-3.782,-3.397,-3.039,-2.769,-2.577,-2.466,-2.429,-2.443,-2.508,-2.632,-2.806,-3.031,-3.331,-3.709,-4.174,-4.765,-5.512,-6.440,-7.616,-9.089,-10.789,-12.363,-12.797,-11.488,-9.459,-7.526,-5.910,-4.633,-3.634,-2.846,-2.236,-1.769,-1.402,-1.121,-0.918,-0.768,-0.666,-0.620,-0.617,-0.652,-0.744,-0.886,-1.062,-1.279,-1.510,-1.695,-1.815,-1.856,-1.794,-1.676,-1.547,-1.396,-1.254,-1.154,-1.060,-0.977,-0.952,-0.943,-0.939,-1.030,-1.197,-1.443,-2.097,-3.310,-4.106,-3.605,-2.959,-2.888,-3.091,-3.259,-3.423,-3.490,-3.370,-3.210,-3.052,-2.859,-2.707,-2.614,-2.520,-2.455,-2.445,-2.438,-2.440,-2.491,-2.548,-2.603,-2.700,-2.812,-2.916,-3.053,-3.216,-3.368,-3.543,-3.751,-3.947,-4.149,-4.384,-4.605,-4.806,-5.027,-5.231,-5.387,-5.538,-5.684,-5.782,-5.862,-5.958,-6.027,-6.051,-6.072,-6.078,-6.025,-5.953,-5.895,-5.810,-5.706,-5.639,-5.584,-5.512,-5.481,-5.492,-5.492,-5.525,-5.622,-5.720,-5.840,-6.041,-6.268
784,4.9992,0.6079,3.1191,1.0689,1.0829,8.6000,-1.669,-1.702,-1.700,-1.682,-1.691,-1.719,-1.719,-1.690,-1.676,-1.689,-1.686,-1.647,-1.611,-1.605,-1.597,-1.553,-1.500,-1.476,-1.463,-1.419,-1.356,-1.318,-1.303,-1.265,-1.199,-1.153,-1.140,-1.112,-1.051,-1.003,-0.996,-0.986,-0.937,-0.895,-0.908,-0.934,-0.917,-0.909,-0.992,-1.141,-1.288,-1.545,-2.205,-3.411,-4.608,-4.472,-3.150,-1.959,-1.318,-1.035,-0.844,-0.669,-0.563,-0.523,-0.485,-0.426,-0.386,-0.379,-0.369,-0.342,-0.323,-0.325,-0.327,-0.316,-0.308,-0.317,-0.328,-0.328,-0.330,-0.346,-0.365,-0.378,-0.391,-0.416,-0.447,-0.474,-0.502,-0.542,-0.591,-0.639,-0.692,-0.758,-0.837,-0.922,-1.017,-1.133,-1.272,-1.432,-1.616,-1.842,-2.121,-2.459,-2.874,-3.401,-4.086,-4.984,-6.190,-7.885,-10.415,-14.594,-22.885,-19.703,-12.645,-8.816,-6.387,-4.739,-3.583,-2.756,-2.165,-1.751,-1.467,-1.285,-1.191,-1.184,-1.269,-1.455,-1.774,-2.278,-3.050,-4.218,-5.993,-8.757,-13.325,-20.771,-17.084,-11.740,-8.748,-6.876,-5.620,-4.741,-4.104,-3.620,-3.243,-2.943,-2.696,-2.476,-2.269,-2.073,-1.879,-1.679,-1.473,-1.274,-1.088,-0.918,-0.770,-0.655,-0.576,-0.529,-0.510,-0.522,-0.563,-0.622,-0.688,-0.756,-0.827,-0.895,-0.958,-1.025,-1.106,-1.195,-1.287,-1.383,-1.490,-1.602,-1.716,-1.846,-2.016,-2.245,-2.545,-2.941,-3.466,-4.146,-4.997,-6.044,-7.336,-8.929,-10.811,-12.692,-13.596,-12.657,-10.751,-8.900,-7.392,-6.222,-5.342,-4.709,-4.273,-3.982,-3.803,-3.735,-3.778,-3.910,-4.109,-4.379,-4.738,-5.178,-5.660,-6.154,-6.651,-7.126,-7.503
788,4.7176,0.4374,3.1070,0.4946,1.1871,8.2000,-1.583,-1.630,-1.666,-1.662,-1.644,-1.656,-1.694,-1.717,-1.702,-1.674,-1.673,-1.693,-1.696,-1.661,-1.617,-1.599,-1.600,-1.581,-1.527,-1.469,-1.441,-1.428,-1.392,-1.326,-1.265,-1.235,-1.219,-1.177,-1.108,-1.053,-1.035,-1.026,-0.985,-0.923,-0.889,-0.900,-0.912,-0.886,-0.854,-0.883,-0.984,-1.094,-1.193,-1.405,-1.932,-2.857,-3.884,-4.204,-3.437,-2.318,-1.490,-1.057,-0.862,-0.726,-0.587,-0.481,-0.438,-0.425,-0.395,-0.350,-0.321,-0.322,-0.328,-0.316,-0.298,-0.295,-0.311,-0.324,-0.323,-0.322,-0.338,-0.366,-0.388,-0.401,-0.420,-0.456,-0.502,-0.542,-0.578,-0.627,-0.699,-0.782,-0.862,-0.949,-1.067,-1.222,-1.403,-1.603,-1.853,-2.199,-2.671,-3.281,-4.095,-5.290,-7.098,-9.318,-9.823,-7.459,-4.896,-3.131,-2.097,-1.581,-1.378,-1.336,-1.389,-1.535,-1.782,-2.110,-2.495,-2.943,-3.489,-4.161,-4.964,-5.899,-7.004,-8.363,-10.094,-12.360,-15.523,-20.715,-29.765,-20.517,-14.495,-10.764,-8.090,-6.063,-4.522,-3.380,-2.563,-1.992,-1.591,-1.311,-1.128,-1.024,-0.972,-0.944,-0.931,-0.942,-0.983,-1.035,-1.078,-1.115,-1.171,-1.252,-1.339,-1.417,-1.504,-1.620,-1.738,-1.793,-1.776,-1.767,-1.865,-2.115,-2.542,-3.276,-4.660,-7.348,-12.722,-16.994,-9.711,-5.729,-3.738,-2.830,-2.495,-2.364,-2.254,-2.168,-2.151,-2.161,-2.125,-2.045,-1.991,-1.999,-2.030,-2.036,-2.036,-2.083,-2.183,-2.291,-2.373,-2.459,-2.591,-2.760,-2.912,-3.028,-3.147,-3.309,-3.494,-3.657,-3.796,-3.963,-4.193,-4.459,-4.703,-4.904,-5.096,-5.303,-5.491,-5.592,-5.580
792,4.8782,0.5809,2.9808,1.8842,0.7118,6.0000,-2.398,-2.375,-2.360,-2.327,-2.294,-2.266,-2.224,-2.189,-2.154,-2.107,-2.071,-2.029,-1.981,-1.943,-1.894,-1.848,-1.807,-1.753,-1.709,-1.663,-1.610,-1.568,-1.517,-1.468,-1.427,-1.375,-1.334,-1.293,-1.245,-1.212,-1.173,-1.137,-1.114,-1.083,-1.068,-1.064,-1.058,-1.092,-1.142,-1.240,-1.455,-1.804,-2.511,-3.480,-3.580,-2.679,-1.856,-1.297,-0.937,-0.776,-0.671,-0.598,-0.583,-0.563,-0.581,-0.642,-0.726,-0.931,-1.281,-1.945,-3.050,-3.581,-2.708,-1.712,-1.201,-0.985,-0.978,-1.176,-1.404,-1.362,-1.052,-0.756,-0.564,-0.429,-0.343,-0.283,-0.235,-0.205,-0.177,-0.156,-0.142,-0.126,-0.117,-0.109,-0.102,-0.098,-0.094,-0.092,-0.092,-0.091,-0.093,-0.095,-0.098,-0.103,-0.107,-0.114,-0.121,-0.128,-0.138,-0.148,-0.160,-0.173,-0.186,-0.202,-0.219,-0.238,-0.259,-0.281,-0.307,-0.334,-0.364,-0.400,-0.437,-0.480,-0.529,-0.583,-0.647,-0.720,-0.805,-0.908,-1.029,-1.180,-1.365,-1.599,-1.901,-2.281,-2.753,-3.287,-3.789,-4.166,-4.412,-4.700,-5.202,-5.967,-6.540,-5.685,-3.941,-2.737,-2.292,-2.331,-2.693,-3.356,-4.361,-5.878,-8.247,-12.244,-19.910,-17.333,-10.749,-7.229,-5.104,-3.734,-2.818,-2.196,-1.763,-1.461,-1.252,-1.107,-1.012,-0.955,-0.926,-0.921,-0.931,-0.954,-0.987,-1.027,-1.075,-1.129,-1.189,-1.258,-1.333,-1.417,-1.512,-1.614,-1.730,-1.857,-1.997,-2.155,-2.329,-2.526,-2.748,-2.995,-3.277,-3.592,-3.946,-4.344,-4.781,-5.262,-5.782,-6.324,-6.881,-7.416,-7.890,-8.267,-8.492,-8.545,-8.435,-8.176,-7.820,-7.410,-6.974
796,5.1998,0.4474,3.9340,1.4931,1.2277,6.6000,-2.237,-2.232,-2.235,-2.319,-2.358,-2.361,-2.447,-2.544,-2.589,-2.695,-2.879,-3.040,-3.233,-3.552,-3.927,-4.289,-4.687,-5.081,-5.279,-5.183,-4.917,-4.605,-4.228,-3.835,-3.606,-3.558,-3.613,-4.067,-5.352,-6.827,-6.246,-4.387,-3.095,-2.421,-2.000,-1.703,-1.505,-1.349,-1.222,-1.123,-1.030,-0.957,-0.905,-0.844,-0.817,-0.868,-0.918,-0.872,-0.765,-0.688,-0.704,-0.808,-0.866,-0.761,-0.593,-0.508,-0.488,-0.463,-0.445,-0.450,-0.454,-0.461,-0.486,-0.523,-0.571,-0.650,-0.766,-0.929,-1.158,-1.443,-1.696,-1.800,-1.724,-1.556,-1.395,-1.278,-1.205,-1.170,-1.169,-1.195,-1.246,-1.321,-1.424,-1.558,-1.726,-1.939,-2.212,-2.560,-3.014,-3.622,-4.454,-5.633,-7.394,-10.219,-15.472,-27.040,-15.246,-9.660,-6.669,-4.864,-3.741,-3.044,-2.621,-2.382,-2.284,-2.288,-2.368,-2.517,-2.721,-2.954,-3.205,-3.446,-3.627,-3.721,-3.713,-3.581,-3.354,-3.080,-2.771,-2.460,-2.184,-1.930,-1.700,-1.519,-1.367,-1.227,-1.131,-1.063,-0.996,-0.969,-0.984,-0.996,-1.067,-1.249,-1.500,-2.025,-3.197,-4.542,-4.473,-3.496,-3.036,-3.132,-3.338,-3.534,-3.672,-3.567,-3.306,-3.052,-2.782,-2.534,-2.377,-2.252,-2.140,-2.092,-2.072,-2.046,-2.062,-2.106,-2.136,-2.191,-2.278,-2.351,-2.433,-2.548,-2.650,-2.746,-2.875,-3.001,-3.120,-3.292,-3.512,-3.765,-4.110,-4.553,-5.033,-5.564,-6.166,-6.763,-7.320,-7.879,-8.382,-8.739,-8.993,-9.169,-9.187,-9.075,-8.941,-8.752,-8.472,-8.200,-7.942,-7.611,-7.266,-6.958,-6.608,-6.239,-5.941,-5.660,-5.375,-5.180,-5.045
800,4.7125,0.5218,3.3368,1.9744,1.1603,6.0000,-2.216,-2.194,-2.175,-2.153,-2.130,-2.110,-2.085,-2.062,-2.039,-2.011,-1.985,-1.958,-1.926,-1.896,-1.863,-1.827,-1.793,-1.754,-1.715,-1.676,-1.634,-1.593,-1.551,-1.507,-1.466,-1.423,-1.380,-1.341,-1.301,-1.264,-1.230,-1.197,-1.171,-1.149,-1.131,-1.128,-1.133,-1.155,-1.211,-1.300,-1.468,-1.768,-2.289,-3.256,-4.364,-4.250,-3.116,-2.252,-1.828,-1.761,-2.079,-2.857,-4.604,-7.655,-8.147,-5.151,-3.141,-2.090,-1.483,-1.124,-0.888,-0.721,-0.606,-0.514,-0.445,-0.391,-0.346,-0.313,-0.282,-0.249,-0.221,-0.197,-0.177,-0.161,-0.146,-0.134,-0.122,-0.113,-0.105,-0.097,-0.091,-0.086,-0.081,-0.078,-0.075,-0.074,-0.073,-0.073,-0.073,-0.074,-0.076,-0.079,-0.082,-0.087,-0.092,-0.097,-0.104,-0.111,-0.120,-0.129,-0.138,-0.150,-0.162,-0.175,-0.190,-0.205,-0.223,-0.242,-0.263,-0.287,-0.311,-0.340,-0.371,-0.406,-0.446,-0.490,-0.541,-0.600,-0.667,-0.749,-0.843,-0.958,-1.099,-1.269,-1.484,-1.744,-2.046,-2.379,-2.685,-2.936,-3.132,-3.338,-3.683,-4.237,-5.040,-5.522,-4.598,-3.197,-2.476,-2.420,-2.755,-3.444,-4.557,-6.297,-9.230,-14.922,-25.358,-13.292,-8.222,-5.499,-3.852,-2.813,-2.130,-1.668,-1.358,-1.139,-0.990,-0.891,-0.822,-0.784,-0.766,-0.761,-0.774,-0.795,-0.826,-0.868,-0.913,-0.970,-1.033,-1.099,-1.177,-1.257,-1.346,-1.444,-1.544,-1.657,-1.777,-1.904,-2.048,-2.199,-2.368,-2.560,-2.766,-3.008,-3.277,-3.581,-3.937,-4.334,-4.792,-5.320,-5.908,-6.583,-7.332,-8.133,-8.989,-9.825,-10.558,-11.133,-11.443,-11.489,-11.379
