3,5.0994,0.7702,3.1847,1.8648,1.0225,5.2000,-3.158,-3.066,-2.939,-2.820,-2.687,-2.560,-2.447,-2.327,-2.229,-2.128,-2.035,-1.956,-1.868,-1.800,-1.725,-1.657,-1.597,-1.529,-1.478,-1.416,-1.365,-1.314,-1.260,-1.219,-1.166,-1.128,-1.084,-1.042,-1.011,-0.967,-0.943,-0.908,-0.884,-0.867,-0.843,-0.849,-0.843,-0.878,-0.932,-1.042,-1.289,-1.729,-2.628,-3.195,-2.570,-1.853,-1.300,-0.870,-0.679,-0.550,-0.470,-0.421,-0.370,-0.345,-0.312,-0.293,-0.276,-0.259,-0.256,-0.249,-0.263,-0.272,-0.253,-0.220,-0.199,-0.196,-0.197,-0.212,-0.235,-0.272,-0.312,-0.312,-0.261,-0.191,-0.143,-0.112,-0.093,-0.084,-0.076,-0.074,-0.073,-0.073,-0.076,-0.078,-0.083,-0.087,-0.093,-0.100,-0.107,-0.116,-0.125,-0.136,-0.147,-0.160,-0.174,-0.188,-0.205,-0.222,-0.242,-0.262,-0.284,-0.309,-0.335,-0.365,-0.396,-0.431,-0.469,-0.510,-0.557,-0.608,-0.666,-0.730,-0.803,-0.886,-0.979,-1.089,-1.212,-1.358,-1.525,-1.718,-1.938,-2.180,-2.435,-2.675,-2.868,-2.972,-2.976,-2.906,-2.810,-2.753,-2.769,-2.895,-3.124,-3.377,-3.374,-2.836,-2.217,-2.045,-2.346,-3.033,-4.162,-5.940,-8.855,-13.953,-17.730,-11.485,-7.395,-5.026,-3.572,-2.643,-2.033,-1.622,-1.343,-1.150,-1.018,-0.930,-0.874,-0.843,-0.830,-0.834,-0.851,-0.879,-0.918,-0.966,-1.025,-1.093,-1.170,-1.259,-1.357,-1.467,-1.589,-1.724,-1.874,-2.039,-2.222,-2.424,-2.647,-2.894,-3.167,-3.473,-3.811,-4.189,-4.613,-5.086,-5.621,-6.216,-6.884,-7.621,-8.413,-9.241,-10.033,-10.705,-11.139,-11.239,-11.026,-10.574,-10.009,-9.440,-8.914,-8.484,-8.157
7,5.3992,0.4070,3.6133,0.8741,1.3472,6.8000,-1.701,-1.685,-1.690,-1.710,-1.708,-1.689,-1.691,-1.709,-1.703,-1.682,-1.682,-1.700,-1.695,-1.675,-1.683,-1.714,-1.725,-1.727,-1.775,-1.865,-1.953,-2.069,-2.307,-2.707,-3.286,-4.268,-6.257,-10.541,-20.619,-12.552,-6.936,-4.362,-3.085,-2.359,-1.861,-1.525,-1.323,-1.175,-1.034,-0.928,-0.867,-0.813,-0.749,-0.712,-0.721,-0.728,-0.689,-0.614,-0.550,-0.515,-0.504,-0.501,-0.497,-0.500,-0.535,-0.596,-0.631,-0.598,-0.533,-0.504,-0.525,-0.562,-0.597,-0.646,-0.720,-0.809,-0.912,-1.047,-1.227,-1.451,-1.733,-2.100,-2.576,-3.165,-3.872,-4.681,-5.510,-6.198,-6.604,-6.689,-6.519,-6.215,-5.898,-5.633,-5.431,-5.297,-5.245,-5.271,-5.360,-5.512,-5.737,-6.032,-6.379,-6.776,-7.220,-7.668,-8.054,-8.317,-8.389,-8.203,-7.767,-7.174,-6.508,-5.835,-5.217,-4.702,-4.301,-4.015,-3.866,-3.880,-4.073,-4.462,-5.074,-5.859,-6.526,-6.581,-5.866,-4.775,-3.718,-2.868,-2.239,-1.778,-1.430,-1.171,-0.988,-0.852,-0.742,-0.661,-0.615,-0.586,-0.559,-0.551,-0.576,-0.612,-0.645,-0.717,-0.853,-1.023,-1.252,-1.710,-2.537,-3.513,-3.988,-3.733,-3.303,-3.074,-2.979,-2.866,-2.759,-2.718,-2.694,-2.623,-2.533,-2.465,-2.398,-2.318,-2.267,-2.267,-2.290,-2.318,-2.379,-2.484,-2.603,-2.725,-2.877,-3.067,-3.267,-3.467,-3.694,-3.954,-4.216,-4.466,-4.727,-5.002,-5.254,-5.460,-5.640,-5.800,-5.905,-5.935,-5.917,-5.876,-5.796,-5.665,-5.511,-5.370,-5.231,-5.076,-4.927,-4.813,-4.725,-4.636,-4.563,-4.535,-4.542,-4.552,-4.583,-4.667,-4.791,-4.923,-5.081
11,4.4224,0.4831,2.9154,0.9176,0.7351,8.8000,-1.960,-1.461,-0.779,-0.525,-0.442,-0.342,-0.323,-0.325,-0.287,-0.291,-0.304,-0.282,-0.288,-0.305,-0.289,-0.295,-0.313,-0.301,-0.306,-0.325,-0.316,-0.320,-0.339,-0.334,-0.336,-0.356,-0.353,-0.353,-0.375,-0.374,-0.373,-0.396,-0.398,-0.396,-0.420,-0.425,-0.422,-0.448,-0.458,-0.454,-0.484,-0.502,-0.499,-0.539,-0.572,-0.579,-0.655,-0.752,-0.851,-1.215,-1.782,-1.837,-1.293,-0.880,-0.786,-0.755,-0.722,-0.733,-0.718,-0.677,-0.673,-0.677,-0.670,-0.683,-0.700,-0.704,-0.721,-0.743,-0.753,-0.772,-0.796,-0.811,-0.831,-0.858,-0.877,-0.900,-0.930,-0.954,-0.980,-1.013,-1.043,-1.074,-1.112,-1.148,-1.186,-1.231,-1.276,-1.322,-1.377,-1.434,-1.493,-1.562,-1.636,-1.715,-1.807,-1.909,-2.020,-2.151,-2.301,-2.469,-2.669,-2.907,-3.186,-3.524,-3.937,-4.438,-5.055,-5.815,-6.718,-7.735,-8.732,-9.375,-9.323,-8.585,-7.506,-6.432,-5.511,-4.763,-4.187,-3.759,-3.442,-3.229,-3.119,-3.104,-3.218,-3.536,-4.171,-5.399,-7.814,-12.682,-22.748,-15.294,-10.351,-7.972,-6.609,-5.766,-5.216,-4.824,-4.538,-4.325,-4.149,-3.999,-3.870,-3.746,-3.625,-3.509,-3.392,-3.272,-3.155,-3.035,-2.911,-2.785,-2.651,-2.521,-2.425,-2.371,-2.339,-2.319,-2.305,-2.296,-2.294,-2.304,-2.324,-2.356,-2.406,-2.471,-2.552,-2.654,-2.773,-2.906,-3.051,-3.201,-3.345,-3.479,-3.597,-3.695,-3.779,-3.860,-3.947,-4.051,-4.182,-4.341,-4.519,-4.711,-4.908,-5.095,-5.264,-5.416,-5.545,-5.648,-5.735,-5.810,-5.872,-5.932,-6.000,-6.077,-6.171,-6.300,-6.470,-6.694,-7.003
15,5.3970,0.4132,4.0099,1.8190,1.2664,6.4000,-2.116,-2.179,-2.217,-2.257,-2.340,-2.419,-2.487,-2.605,-2.756,-2.904,-3.107,-3.398,-3.734,-4.126,-4.626,-5.175,-5.607,-5.787,-5.681,-5.327,-4.800,-4.248,-3.848,-3.602,-3.429,-3.545,-4.307,-5.355,-5.209,-3.869,-2.782,-2.262,-1.956,-1.687,-1.520,-1.415,-1.289,-1.185,-1.128,-1.056,-0.978,-0.946,-0.914,-0.878,-0.943,-1.066,-1.040,-0.916,-0.963,-1.152,-1.146,-0.895,-0.688,-0.624,-0.590,-0.551,-0.542,-0.545,-0.541,-0.555,-0.586,-0.622,-0.680,-0.775,-0.907,-1.099,-1.383,-1.754,-2.146,-2.409,-2.409,-2.209,-1.973,-1.779,-1.640,-1.562,-1.534,-1.539,-1.582,-1.662,-1.770,-1.916,-2.110,-2.351,-2.657,-3.055,-3.565,-4.233,-5.140,-6.398,-8.210,-11.008,-15.662,-20.018,-14.087,-9.383,-6.470,-4.582,-3.324,-2.483,-1.932,-1.577,-1.359,-1.251,-1.225,-1.260,-1.355,-1.500,-1.681,-1.895,-2.132,-2.362,-2.565,-2.724,-2.801,-2.791,-2.711,-2.562,-2.371,-2.174,-1.974,-1.777,-1.611,-1.465,-1.330,-1.229,-1.153,-1.081,-1.043,-1.042,-1.043,-1.095,-1.234,-1.433,-1.839,-2.670,-3.509,-3.429,-2.793,-2.498,-2.613,-2.836,-3.081,-3.309,-3.365,-3.269,-3.131,-2.947,-2.755,-2.621,-2.513,-2.415,-2.369,-2.350,-2.331,-2.346,-2.389,-2.424,-2.480,-2.565,-2.641,-2.725,-2.837,-2.941,-3.039,-3.162,-3.282,-3.387,-3.521,-3.676,-3.839,-4.057,-4.350,-4.687,-5.086,-5.568,-6.079,-6.582,-7.098,-7.585,-7.968,-8.265,-8.501,-8.619,-8.624,-8.602,-8.546,-8.415,-8.284,-8.178,-8.019,-7.829,-7.662,-7.442,-7.154,-6.885,-6.603,-6.280,-6.012,-5.806,-5.602
19,5.4212,0.5824,2.8896,1.6620,0.7993,4.8000,-2.567,-2.420,-2.282,-2.169,-2.070,-1.978,-1.905,-1.830,-1.770,-1.711,-1.655,-1.610,-1.557,-1.516,-1.471,-1.428,-1.392,-1.348,-1.315,-1.275,-1.240,-1.207,-1.168,-1.141,-1.103,-1.076,-1.045,-1.015,-0.995,-0.964,-0.951,-0.931,-0.923,-0.927,-0.932,-0.984,-1.049,-1.225,-1.552,-2.267,-3.439,-3.392,-2.130,-1.389,-1.069,-0.835,-0.683,-0.578,-0.519,-0.469,-0.432,-0.404,-0.376,-0.360,-0.342,-0.336,-0.339,-0.340,-0.333,-0.322,-0.326,-0.337,-0.365,-0.410,-0.458,-0.469,-0.408,-0.324,-0.260,-0.218,-0.194,-0.178,-0.170,-0.164,-0.163,-0.163,-0.164,-0.169,-0.173,-0.181,-0.188,-0.198,-0.209,-0.221,-0.236,-0.251,-0.269,-0.289,-0.310,-0.334,-0.359,-0.388,-0.419,-0.453,-0.491,-0.531,-0.577,-0.625,-0.680,-0.739,-0.805,-0.878,-0.957,-1.047,-1.146,-1.258,-1.382,-1.521,-1.678,-1.852,-2.049,-2.267,-2.508,-2.770,-3.047,-3.330,-3.600,-3.836,-4.010,-4.101,-4.100,-4.015,-3.874,-3.710,-3.559,-3.447,-3.394,-3.417,-3.525,-3.722,-3.985,-4.233,-4.279,-3.904,-3.182,-2.524,-2.275,-2.567,-3.494,-5.306,-8.560,-13.585,-12.680,-8.069,-5.277,-3.650,-2.662,-2.039,-1.638,-1.375,-1.204,-1.095,-1.032,-1.002,-0.998,-1.014,-1.045,-1.089,-1.142,-1.200,-1.265,-1.333,-1.408,-1.488,-1.577,-1.676,-1.786,-1.910,-2.047,-2.200,-2.370,-2.558,-2.767,-2.996,-3.250,-3.530,-3.838,-4.180,-4.552,-4.966,-5.418,-5.912,-6.455,-7.038,-7.669,-8.330,-9.011,-9.687,-10.306,-10.830,-11.192,-11.354,-11.323,-11.111,-10.790,-10.411,-10.013,-9.647,-9.314,-9.043,-8.835
23,5.1265,0.5537,3.4071,0.5042,0.8296,8.4000,-1.787,-1.837,-1.818,-1.743,-1.724,-1.762,-1.749,-1.668,-1.627,-1.651,-1.642,-1.560,-1.504,-1.520,-1.519,-1.444,-1.383,-1.404,-1.425,-1.370,-1.326,-1.384,-1.469,-1.490,-1.546,-1.786,-2.185,-2.700,-3.661,-5.909,-11.347,-25.512,-10.071,-5.547,-3.648,-2.782,-2.348,-2.321,-2.803,-3.444,-3.392,-2.524,-1.655,-1.191,-0.993,-0.831,-0.675,-0.593,-0.562,-0.512,-0.448,-0.418,-0.413,-0.390,-0.356,-0.345,-0.349,-0.340,-0.323,-0.323,-0.334,-0.335,-0.331,-0.341,-0.361,-0.373,-0.383,-0.405,-0.437,-0.464,-0.490,-0.531,-0.582,-0.632,-0.687,-0.759,-0.846,-0.940,-1.047,-1.182,-1.347,-1.538,-1.767,-2.057,-2.423,-2.881,-3.468,-4.252,-5.323,-6.823,-9.034,-12.618,-19.578,-21.645,-13.196,-8.889,-6.262,-4.534,-3.366,-2.565,-2.013,-1.646,-1.426,-1.324,-1.323,-1.423,-1.640,-1.991,-2.500,-3.209,-4.184,-5.511,-7.298,-9.751,-13.370,-19.806,-30.934,-17.416,-11.841,-8.394,-6.060,-4.525,-3.601,-3.107,-2.859,-2.708,-2.563,-2.382,-2.147,-1.867,-1.574,-1.296,-1.053,-0.851,-0.697,-0.585,-0.507,-0.457,-0.434,-0.433,-0.447,-0.477,-0.524,-0.586,-0.661,-0.749,-0.852,-0.968,-1.086,-1.198,-1.297,-1.376,-1.439,-1.506,-1.602,-1.748,-1.955,-2.243,-2.640,-3.179,-3.910,-4.919,-6.356,-8.485,-11.838,-17.839,-23.501,-15.236,-10.840,-8.372,-6.890,-6.001,-5.516,-5.348,-5.450,-5.800,-6.407,-7.319,-8.587,-10.177,-11.776,-12.592,-12.052,-10.779,-9.586,-8.769,-8.329,-8.177,-8.226,-8.420,-8.703,-9.001,-9.246,-9.432,-9.617,-9.866,-10.188,-10.508,-10.688,-10.552,-9.986
27,5.5343,0.5354,3.0901,1.5707,1.1095,8.4000,-1.613,-1.589,-1.627,-1.618,-1.581,-1.605,-1.608,-1.564,-1.569,-1.579,-1.534,-1.520,-1.532,-1.491,-1.461,-1.471,-1.439,-1.399,-1.406,-1.386,-1.344,-1.351,-1.350,-1.319,-1.337,-1.372,-1.380,-1.447,-1.576,-1.721,-2.012,-2.558,-3.483,-5.403,-9.326,-11.615,-7.093,-4.178,-2.781,-2.010,-1.559,-1.311,-1.112,-0.978,-0.927,-0.854,-0.810,-0.875,-0.921,-1.081,-1.704,-2.375,-2.048,-1.201,-0.761,-0.655,-0.555,-0.482,-0.484,-0.465,-0.439,-0.453,-0.459,-0.452,-0.474,-0.495,-0.505,-0.536,-0.575,-0.604,-0.652,-0.713,-0.772,-0.847,-0.946,-1.051,-1.181,-1.347,-1.543,-1.783,-2.097,-2.491,-2.999,-3.685,-4.621,-5.931,-7.878,-10.996,-16.877,-27.807,-14.895,-9.628,-6.664,-4.772,-3.509,-2.651,-2.057,-1.647,-1.379,-1.218,-1.145,-1.161,-1.272,-1.491,-1.859,-2.438,-3.323,-4.682,-6.819,-10.350,-17.291,-29.323,-14.547,-9.902,-7.365,-5.765,-4.689,-3.934,-3.383,-2.974,-2.669,-2.433,-2.249,-2.108,-1.993,-1.894,-1.805,-1.713,-1.604,-1.472,-1.308,-1.115,-0.914,-0.729,-0.581,-0.483,-0.435,-0.424,-0.444,-0.488,-0.545,-0.614,-0.694,-0.779,-0.868,-0.965,-1.064,-1.163,-1.265,-1.367,-1.462,-1.559,-1.659,-1.767,-1.905,-2.096,-2.357,-2.719,-3.216,-3.878,-4.757,-5.947,-7.595,-10.007,-13.973,-22.476,-22.323,-14.001,-10.287,-8.278,-7.117,-6.389,-5.906,-5.580,-5.347,-5.185,-5.097,-5.066,-5.080,-5.150,-5.268,-5.414,-5.595,-5.811,-6.034,-6.257,-6.489,-6.703,-6.883,-7.051,-7.210,-7.346,-7.473,-7.603,-7.699,-7.733,-7.730,-7.677,-7.556,-7.415,-7.269
31,4.8884,0.5968,3.0581,0.5567,0.9202,7.8000,-1.929,-1.928,-1.901,-1.900,-1.898,-1.863,-1.842,-1.833,-1.793,-1.756,-1.737,-1.695,-1.646,-1.617,-1.577,-1.522,-1.486,-1.450,-1.395,-1.357,-1.327,-1.280,-1.245,-1.225,-1.194,-1.170,-1.169,-1.164,-1.167,-1.205,-1.257,-1.332,-1.474,-1.685,-2.000,-2.540,-3.452,-5.072,-8.364,-17.000,-17.688,-8.498,-4.996,-3.232,-2.261,-1.703,-1.347,-1.090,-0.911,-0.782,-0.675,-0.596,-0.538,-0.483,-0.441,-0.413,-0.382,-0.358,-0.346,-0.330,-0.318,-0.317,-0.311,-0.308,-0.318,-0.323,-0.328,-0.348,-0.367,-0.383,-0.419,-0.457,-0.492,-0.554,-0.628,-0.703,-0.823,-0.983,-1.172,-1.475,-1.944,-2.630,-3.825,-5.427,-5.438,-3.520,-1.976,-1.270,-1.002,-0.890,-0.903,-0.993,-1.097,-1.241,-1.428,-1.619,-1.834,-2.085,-2.340,-2.608,-2.909,-3.216,-3.539,-3.913,-4.342,-4.859,-5.568,-6.577,-8.051,-10.211,-12.687,-12.858,-10.363,-8.008,-6.394,-5.323,-4.590,-4.086,-3.733,-3.462,-3.250,-3.086,-2.934,-2.787,-2.658,-2.532,-2.428,-2.400,-2.485,-2.746,-3.335,-4.384,-5.906,-7.813,-9.533,-9.325,-7.265,-5.230,-3.757,-2.749,-2.064,-1.599,-1.281,-1.060,-0.911,-0.814,-0.754,-0.724,-0.719,-0.735,-0.770,-0.823,-0.895,-0.985,-1.094,-1.226,-1.380,-1.556,-1.757,-1.978,-2.213,-2.450,-2.674,-2.858,-2.985,-3.042,-3.023,-2.944,-2.829,-2.696,-2.564,-2.451,-2.359,-2.293,-2.259,-2.253,-2.273,-2.324,-2.403,-2.506,-2.638,-2.799,-2.981,-3.191,-3.428,-3.681,-3.949,-4.229,-4.503,-4.756,-4.981,-5.157,-5.264,-5.300,-5.269,-5.164,-5.000,-4.804,-4.580,-4.337,-4.101
35,4.9777,0.7660,3.1103,1.4910,0.6949,3.8000,-4.185,-3.650,-3.208,-2.855,-2.582,-2.356,-2.179,-2.032,-1.908,-1.807,-1.714,-1.639,-1.569,-1.507,-1.453,-1.398,-1.354,-1.307,-1.266,-1.227,-1.186,-1.153,-1.115,-1.084,-1.050,-1.018,-0.990,-0.957,-0.932,-0.902,-0.877,-0.853,-0.827,-0.810,-0.786,-0.773,-0.759,-0.750,-0.757,-0.766,-0.823,-0.919,-1.164,-1.436,-1.266,-0.904,-0.729,-0.641,-0.598,-0.583,-0.575,-0.589,-0.610,-0.653,-0.722,-0.828,-0.999,-1.248,-1.564,-1.724,-1.472,-1.018,-0.670,-0.464,-0.342,-0.273,-0.229,-0.203,-0.187,-0.179,-0.178,-0.181,-0.189,-0.192,-0.181,-0.162,-0.150,-0.146,-0.145,-0.149,-0.153,-0.159,-0.167,-0.175,-0.184,-0.194,-0.205,-0.217,-0.230,-0.244,-0.259,-0.275,-0.292,-0.310,-0.329,-0.349,-0.371,-0.394,-0.419,-0.444,-0.471,-0.500,-0.530,-0.563,-0.597,-0.633,-0.671,-0.711,-0.754,-0.799,-0.847,-0.897,-0.950,-1.006,-1.063,-1.122,-1.181,-1.242,-1.300,-1.357,-1.411,-1.463,-1.513,-1.563,-1.619,-1.682,-1.759,-1.856,-1.975,-2.126,-2.309,-2.524,-2.732,-2.823,-2.564,-1.931,-1.387,-1.218,-1.323,-1.564,-1.887,-2.272,-2.731,-3.281,-3.947,-4.740,-5.628,-6.466,-6.944,-6.797,-6.123,-5.269,-4.468,-3.792,-3.235,-2.770,-2.382,-2.057,-1.794,-1.586,-1.429,-1.315,-1.238,-1.193,-1.172,-1.172,-1.189,-1.220,-1.263,-1.317,-1.381,-1.453,-1.534,-1.624,-1.722,-1.829,-1.944,-2.070,-2.207,-2.356,-2.517,-2.694,-2.887,-3.099,-3.333,-3.591,-3.878,-4.199,-4.557,-4.961,-5.417,-5.937,-6.532,-7.216,-8.011,-8.935,-10.025,-11.314,-12.848,-14.661,-16.703
39,5.0922,0.8030,2.8655,1.5284,0.6075,4.6000,-4.082,-3.850,-3.565,-3.290,-3.034,-2.799,-2.603,-2.423,-2.271,-2.138,-2.014,-1.913,-1.813,-1.729,-1.650,-1.574,-1.512,-1.443,-1.388,-1.330,-1.276,-1.229,-1.176,-1.135,-1.088,-1.047,-1.009,-0.967,-0.937,-0.897,-0.869,-0.837,-0.808,-0.789,-0.761,-0.754,-0.739,-0.745,-0.768,-0.810,-0.940,-1.162,-1.683,-2.140,-1.796,-1.240,-0.884,-0.637,-0.522,-0.448,-0.395,-0.364,-0.329,-0.311,-0.288,-0.272,-0.258,-0.242,-0.234,-0.221,-0.214,-0.206,-0.199,-0.196,-0.190,-0.187,-0.183,-0.184,-0.188,-0.194,-0.204,-0.214,-0.226,-0.232,-0.224,-0.194,-0.151,-0.116,-0.092,-0.082,-0.078,-0.080,-0.085,-0.090,-0.099,-0.107,-0.117,-0.127,-0.138,-0.150,-0.162,-0.177,-0.191,-0.206,-0.223,-0.240,-0.259,-0.278,-0.300,-0.322,-0.346,-0.372,-0.399,-0.428,-0.459,-0.492,-0.528,-0.565,-0.607,-0.650,-0.698,-0.749,-0.805,-0.866,-0.931,-1.004,-1.081,-1.167,-1.259,-1.358,-1.464,-1.571,-1.680,-1.779,-1.866,-1.933,-1.982,-2.025,-2.077,-2.165,-2.302,-2.508,-2.763,-2.971,-2.863,-2.255,-1.602,-1.328,-1.386,-1.627,-1.987,-2.442,-3.011,-3.721,-4.622,-5.773,-7.214,-8.845,-10.058,-9.775,-8.128,-6.254,-4.700,-3.535,-2.696,-2.102,-1.686,-1.397,-1.201,-1.071,-0.991,-0.949,-0.934,-0.942,-0.968,-1.009,-1.061,-1.124,-1.195,-1.276,-1.366,-1.464,-1.571,-1.689,-1.818,-1.959,-2.113,-2.283,-2.469,-2.673,-2.897,-3.145,-3.418,-3.719,-4.054,-4.424,-4.839,-5.301,-5.818,-6.401,-7.055,-7.797,-8.636,-9.591,-10.682,-11.919,-13.330,-14.885,-16.506,-17.923,-18.616
43,4.5191,0.4277,2.8613,0.9862,0.6756,7.6000,-0.600,-0.490,-0.379,-0.342,-0.340,-0.304,-0.300,-0.311,-0.292,-0.295,-0.308,-0.296,-0.302,-0.315,-0.307,-0.313,-0.327,-0.322,-0.328,-0.342,-0.339,-0.346,-0.360,-0.359,-0.366,-0.381,-0.382,-0.390,-0.406,-0.410,-0.419,-0.438,-0.445,-0.457,-0.481,-0.495,-0.514,-0.552,-0.584,-0.629,-0.713,-0.818,-0.985,-1.255,-1.461,-1.404,-1.175,-0.981,-0.912,-0.960,-1.009,-0.925,-0.764,-0.674,-0.656,-0.643,-0.638,-0.650,-0.657,-0.663,-0.680,-0.693,-0.704,-0.723,-0.741,-0.756,-0.777,-0.798,-0.817,-0.841,-0.867,-0.891,-0.920,-0.952,-0.985,-1.023,-1.068,-1.119,-1.177,-1.253,-1.344,-1.385,-1.325,-1.249,-1.261,-1.332,-1.403,-1.489,-1.593,-1.691,-1.800,-1.926,-2.045,-2.171,-2.313,-2.452,-2.604,-2.788,-2.996,-3.253,-3.607,-4.078,-4.742,-5.745,-7.259,-9.585,-13.133,-16.451,-14.429,-11.183,-8.949,-7.546,-6.666,-6.055,-5.656,-5.425,-5.240,-5.149,-5.254,-5.609,-6.703,-9.613,-13.952,-10.482,-6.658,-4.998,-4.360,-4.069,-4.003,-4.094,-4.212,-4.382,-4.628,-4.875,-5.147,-5.473,-5.788,-6.096,-6.415,-6.669,-6.841,-6.943,-6.909,-6.753,-6.526,-6.215,-5.860,-5.518,-5.179,-4.857,-4.590,-4.356,-4.154,-4.010,-3.907,-3.836,-3.821,-3.856,-3.926,-4.054,-4.244,-4.474,-4.759,-5.106,-5.480,-5.874,-6.287,-6.663,-6.971,-7.209,-7.326,-7.308,-7.196,-6.985,-6.686,-6.362,-6.018,-5.653,-5.313,-5.003,-4.704,-4.442,-4.228,-4.035,-3.872,-3.756,-3.658,-3.574,-3.526,-3.493,-3.456,-3.442,-3.441,-3.425,-3.419,-3.429,-3.417,-3.406,-3.413,-3.400,-3.378
47,5.4476,0.4549,4.2685,1.1271,0.9108,6.4000,-2.382,-2.426,-2.503,-2.598,-2.697,-2.835,-3.024,-3.237,-3.492,-3.813,-4.159,-4.465,-4.694,-4.804,-4.735,-4.492,-4.183,-3.891,-3.596,-3.321,-3.177,-3.156,-3.226,-3.684,-4.865,-5.982,-5.216,-3.575,-2.556,-2.089,-1.759,-1.509,-1.378,-1.259,-1.132,-1.060,-0.997,-0.912,-0.859,-0.823,-0.761,-0.719,-0.702,-0.659,-0.629,-0.639,-0.628,-0.640,-0.774,-0.903,-0.829,-0.648,-0.554,-0.538,-0.529,-0.532,-0.559,-0.596,-0.651,-0.739,-0.870,-1.064,-1.355,-1.761,-2.198,-2.435,-2.318,-2.008,-1.724,-1.531,-1.416,-1.371,-1.376,-1.419,-1.504,-1.629,-1.792,-2.007,-2.287,-2.641,-3.102,-3.711,-4.521,-5.631,-7.216,-9.577,-13.399,-20.180,-18.758,-12.238,-8.516,-6.190,-4.666,-3.647,-2.963,-2.520,-2.256,-2.121,-2.092,-2.156,-2.291,-2.481,-2.720,-2.974,-3.208,-3.399,-3.509,-3.512,-3.422,-3.257,-3.030,-2.784,-2.541,-2.300,-2.080,-1.892,-1.717,-1.565,-1.445,-1.336,-1.240,-1.174,-1.117,-1.063,-1.039,-1.028,-1.013,-1.033,-1.082,-1.128,-1.236,-1.437,-1.704,-2.228,-3.235,-4.158,-3.958,-3.273,-3.127,-3.547,-4.114,-4.530,-4.569,-4.174,-3.673,-3.289,-2.987,-2.767,-2.656,-2.592,-2.549,-2.561,-2.595,-2.615,-2.651,-2.691,-2.701,-2.724,-2.797,-2.898,-3.044,-3.257,-3.497,-3.748,-4.044,-4.360,-4.666,-4.995,-5.343,-5.662,-5.963,-6.268,-6.522,-6.708,-6.865,-6.970,-6.983,-6.950,-6.898,-6.785,-6.634,-6.502,-6.362,-6.198,-6.067,-5.968,-5.858,-5.776,-5.750,-5.727,-5.719,-5.777,-5.859,-5.945,-6.099,-6.303,-6.504,-6.771,-7.119,-7.471,-7.880
51,5.4328,0.6769,3.1935,1.5007,1.0059,5.6000,-2.361,-2.249,-2.149,-2.072,-1.981,-1.915,-1.848,-1.777,-1.729,-1.665,-1.613,-1.568,-1.510,-1.471,-1.421,-1.375,-1.339,-1.288,-1.254,-1.213,-1.169,-1.141,-1.096,-1.066,-1.034,-0.996,-0.977,-0.941,-0.921,-0.905,-0.880,-0.885,-0.878,-0.899,-0.952,-1.024,-1.223,-1.559,-2.292,-3.384,-3.330,-2.151,-1.356,-0.998,-0.794,-0.667,-0.557,-0.488,-0.448,-0.408,-0.392,-0.384,-0.394,-0.453,-0.506,-0.463,-0.373,-0.331,-0.319,-0.327,-0.367,-0.439,-0.523,-0.512,-0.396,-0.293,-0.230,-0.192,-0.172,-0.155,-0.148,-0.142,-0.138,-0.138,-0.137,-0.140,-0.143,-0.147,-0.154,-0.160,-0.169,-0.179,-0.190,-0.204,-0.217,-0.234,-0.252,-0.271,-0.294,-0.317,-0.345,-0.374,-0.406,-0.443,-0.482,-0.526,-0.575,-0.628,-0.690,-0.756,-0.832,-0.917,-1.013,-1.123,-1.248,-1.392,-1.559,-1.753,-1.982,-2.252,-2.574,-2.961,-3.426,-3.990,-4.668,-5.477,-6.416,-7.432,-8.398,-9.054,-9.173,-8.748,-8.029,-7.277,-6.631,-6.157,-5.846,-5.674,-5.573,-5.415,-5.068,-4.458,-3.729,-3.120,-2.828,-3.039,-4.018,-6.480,-11.892,-12.756,-7.100,-4.280,-2.856,-2.064,-1.605,-1.317,-1.137,-1.026,-0.954,-0.919,-0.904,-0.909,-0.929,-0.959,-1.004,-1.057,-1.120,-1.193,-1.274,-1.367,-1.469,-1.581,-1.707,-1.843,-1.994,-2.159,-2.339,-2.539,-2.755,-2.992,-3.251,-3.531,-3.837,-4.164,-4.517,-4.893,-5.284,-5.692,-6.102,-6.505,-6.889,-7.230,-7.517,-7.736,-7.873,-7.939,-7.934,-7.877,-7.790,-7.682,-7.580,-7.498,-7.442,-7.436,-7.480,-7.588,-7.778,-8.051,-8.437,-8.950,-9.615
55,5.3949,0.8531,2.7717,1.5028,0.6162,6.0000,-2.796,-2.681,-2.553,-2.435,-2.332,-2.220,-2.125,-2.038,-1.944,-1.870,-1.794,-1.717,-1.656,-1.588,-1.524,-1.472,-1.409,-1.359,-1.311,-1.254,-1.214,-1.168,-1.121,-1.088,-1.044,-1.009,-0.981,-0.942,-0.922,-0.900,-0.875,-0.876,-0.866,-0.879,-0.925,-0.979,-1.130,-1.395,-1.900,-2.897,-3.608,-2.846,-1.751,-1.196,-0.941,-0.762,-0.624,-0.514,-0.452,-0.410,-0.368,-0.347,-0.328,-0.311,-0.316,-0.327,-0.371,-0.477,-0.533,-0.439,-0.306,-0.239,-0.202,-0.174,-0.162,-0.150,-0.140,-0.137,-0.131,-0.130,-0.131,-0.133,-0.141,-0.151,-0.167,-0.191,-0.207,-0.204,-0.180,-0.154,-0.139,-0.131,-0.129,-0.132,-0.136,-0.144,-0.153,-0.162,-0.175,-0.188,-0.203,-0.221,-0.238,-0.259,-0.282,-0.306,-0.334,-0.364,-0.398,-0.435,-0.475,-0.521,-0.571,-0.627,-0.691,-0.762,-0.842,-0.934,-1.039,-1.160,-1.301,-1.466,-1.662,-1.895,-2.178,-2.526,-2.959,-3.507,-4.213,-5.140,-6.382,-8.066,-10.339,-13.043,-14.366,-12.486,-9.875,-7.896,-6.595,-5.823,-5.415,-5.149,-4.722,-4.001,-3.251,-2.812,-2.848,-3.466,-4.926,-7.936,-15.029,-22.591,-10.269,-6.180,-4.095,-2.891,-2.151,-1.671,-1.350,-1.132,-0.981,-0.879,-0.813,-0.771,-0.753,-0.751,-0.763,-0.791,-0.828,-0.877,-0.939,-1.009,-1.094,-1.189,-1.296,-1.419,-1.555,-1.708,-1.880,-2.068,-2.281,-2.517,-2.777,-3.069,-3.390,-3.743,-4.133,-4.550,-4.996,-5.462,-5.926,-6.380,-6.795,-7.139,-7.400,-7.548,-7.579,-7.511,-7.346,-7.116,-6.852,-6.559,-6.267,-5.989,-5.718,-5.478,-5.263,-5.068,-4.911,-4.776,-4.666
59,5.1898,0.5663,3.2846,0.5861,0.8932,5.4000,-2.009,-1.912,-1.837,-1.773,-1.701,-1.653,-1.595,-1.543,-1.503,-1.449,-1.412,-1.368,-1.323,-1.290,-1.243,-1.209,-1.171,-1.129,-1.100,-1.057,-1.025,-0.992,-0.953,-0.928,-0.890,-0.863,-0.836,-0.803,-0.786,-0.757,-0.739,-0.727,-0.709,-0.716,-0.715,-0.745,-0.806,-0.918,-1.164,-1.474,-2.064,-2.833,-2.583,-1.630,-1.065,-0.788,-0.602,-0.497,-0.422,-0.379,-0.347,-0.325,-0.316,-0.311,-0.324,-0.349,-0.409,-0.520,-0.729,-0.996,-0.987,-0.692,-0.453,-0.326,-0.251,-0.213,-0.185,-0.170,-0.161,-0.154,-0.154,-0.152,-0.155,-0.159,-0.163,-0.171,-0.179,-0.189,-0.200,-0.213,-0.228,-0.244,-0.262,-0.283,-0.304,-0.329,-0.356,-0.386,-0.418,-0.454,-0.494,-0.537,-0.585,-0.638,-0.696,-0.762,-0.834,-0.916,-1.008,-1.111,-1.228,-1.362,-1.514,-1.688,-1.888,-2.118,-2.381,-2.679,-3.012,-3.373,-3.751,-4.121,-4.454,-4.721,-4.910,-5.032,-5.121,-5.225,-5.392,-5.670,-6.106,-6.758,-7.697,-9.017,-10.803,-12.840,-13.727,-11.960,-9.242,-6.925,-5.203,-3.993,-3.187,-2.724,-2.576,-2.787,-3.535,-5.238,-9.085,-19.762,-12.708,-6.724,-4.161,-2.836,-2.084,-1.633,-1.341,-1.157,-1.035,-0.957,-0.915,-0.892,-0.891,-0.904,-0.929,-0.968,-1.014,-1.073,-1.140,-1.215,-1.304,-1.399,-1.507,-1.626,-1.755,-1.902,-2.059,-2.235,-2.428,-2.638,-2.874,-3.129,-3.412,-3.725,-4.064,-4.442,-4.850,-5.295,-5.779,-6.288,-6.829,-7.383,-7.928,-8.454,-8.916,-9.297,-9.584,-9.754,-9.835,-9.841,-9.788,-9.726,-9.656,-9.605,-9.602,-9.634,-9.740,-9.919,-10.178,-10.562,-11.059
63,5.2758,0.7467,3.0925,0.6782,0.7755,6.4000,-2.028,-1.997,-1.956,-1.929,-1.900,-1.860,-1.833,-1.809,-1.774,-1.752,-1.739,-1.717,-1.709,-1.719,-1.726,-1.755,-1.819,-1.902,-2.033,-2.251,-2.567,-3.058,-3.879,-5.248,-7.679,-12.485,-19.072,-11.749,-7.248,-4.885,-3.543,-2.725,-2.175,-1.814,-1.588,-1.405,-1.298,-1.308,-1.352,-1.613,-2.429,-3.173,-2.542,-1.466,-1.002,-0.868,-0.705,-0.675,-0.746,-0.771,-1.066,-1.684,-1.810,-1.222,-0.730,-0.573,-0.503,-0.447,-0.445,-0.450,-0.454,-0.483,-0.519,-0.560,-0.624,-0.703,-0.800,-0.933,-1.103,-1.323,-1.619,-2.010,-2.527,-3.206,-4.054,-5.019,-5.934,-6.511,-6.568,-6.214,-5.694,-5.189,-4.776,-4.468,-4.259,-4.138,-4.089,-4.105,-4.179,-4.304,-4.477,-4.696,-4.956,-5.254,-5.586,-5.939,-6.303,-6.657,-6.971,-7.216,-7.356,-7.363,-7.229,-6.963,-6.587,-6.141,-5.656,-5.159,-4.675,-4.215,-3.787,-3.396,-3.041,-2.721,-2.437,-2.184,-1.959,-1.761,-1.586,-1.431,-1.297,-1.179,-1.076,-0.989,-0.914,-0.850,-0.800,-0.762,-0.734,-0.724,-0.729,-0.754,-0.818,-0.930,-1.132,-1.497,-1.994,-2.445,-2.782,-3.154,-3.647,-4.159,-4.516,-4.596,-4.412,-4.115,-3.826,-3.570,-3.344,-3.139,-2.954,-2.802,-2.688,-2.606,-2.556,-2.536,-2.539,-2.564,-2.613,-2.679,-2.764,-2.871,-2.994,-3.137,-3.302,-3.485,-3.689,-3.917,-4.165,-4.432,-4.722,-5.027,-5.344,-5.669,-5.991,-6.294,-6.571,-6.801,-6.966,-7.058,-7.070,-6.996,-6.849,-6.643,-6.389,-6.105,-5.809,-5.508,-5.212,-4.930,-4.663,-4.413,-4.186,-3.979,-3.791,-3.627,-3.486,-3.367,-3.276,-3.216,-3.187
67,5.3492,0.5100,3.4173,0.8183,0.6692,5.2000,-1.845,-1.778,-1.710,-1.659,-1.606,-1.559,-1.518,-1.473,-1.438,-1.397,-1.362,-1.327,-1.289,-1.259,-1.221,-1.190,-1.156,-1.122,-1.093,-1.057,-1.029,-0.996,-0.966,-0.939,-0.907,-0.885,-0.856,-0.834,-0.813,-0.793,-0.783,-0.770,-0.775,-0.787,-0.825,-0.916,-1.082,-1.301,-1.544,-2.163,-2.938,-2.587,-1.619,-1.063,-0.795,-0.638,-0.537,-0.461,-0.422,-0.389,-0.370,-0.364,-0.361,-0.381,-0.412,-0.485,-0.619,-0.860,-1.209,-1.295,-0.971,-0.637,-0.449,-0.338,-0.278,-0.240,-0.216,-0.202,-0.191,-0.187,-0.185,-0.186,-0.190,-0.194,-0.202,-0.210,-0.222,-0.235,-0.249,-0.267,-0.286,-0.308,-0.331,-0.358,-0.388,-0.421,-0.458,-0.499,-0.544,-0.594,-0.650,-0.713,-0.782,-0.861,-0.948,-1.047,-1.159,-1.285,-1.429,-1.592,-1.778,-1.988,-2.224,-2.487,-2.773,-3.076,-3.379,-3.662,-3.898,-4.061,-4.142,-4.143,-4.093,-4.022,-3.966,-3.952,-3.999,-4.130,-4.359,-4.708,-5.205,-5.886,-6.806,-8.013,-9.518,-11.057,-11.699,-10.572,-8.503,-6.532,-4.971,-3.841,-3.074,-2.632,-2.503,-2.735,-3.512,-5.183,-8.804,-17.854,-12.909,-6.982,-4.372,-3.004,-2.225,-1.749,-1.443,-1.248,-1.117,-1.037,-0.989,-0.967,-0.967,-0.980,-1.011,-1.051,-1.104,-1.168,-1.241,-1.327,-1.421,-1.529,-1.647,-1.777,-1.922,-2.080,-2.256,-2.447,-2.659,-2.892,-3.146,-3.429,-3.736,-4.077,-4.449,-4.855,-5.303,-5.784,-6.308,-6.866,-7.453,-8.063,-8.669,-9.259,-9.800,-10.262,-10.637,-10.901,-11.074,-11.170,-11.207,-11.226,-11.234,-11.263,-11.331,-11.444,-11.642,-11.921,-12.325,-12.880,-13.624
71,4.5268,0.4563,2.7427,1.7811,0.6700,4.0000,-0.343,-0.343,-0.356,-0.500,-0.806,-1.114,-1.170,-0.925,-0.598,-0.400,-0.359,-0.373,-0.356,-0.316,-0.303,-0.323,-0.337,-0.325,-0.313,-0.321,-0.339,-0.344,-0.335,-0.335,-0.349,-0.362,-0.361,-0.358,-0.365,-0.380,-0.387,-0.385,-0.387,-0.400,-0.412,-0.416,-0.416,-0.424,-0.439,-0.449,-0.453,-0.459,-0.478,-0.503,-0.517,-0.518,-0.512,-0.509,-0.510,-0.514,-0.519,-0.529,-0.540,-0.549,-0.555,-0.564,-0.576,-0.589,-0.598,-0.607,-0.619,-0.634,-0.648,-0.661,-0.676,-0.697,-0.723,-0.752,-0.782,-0.808,-0.821,-0.817,-0.801,-0.789,-0.789,-0.796,-0.803,-0.808,-0.815,-0.823,-0.829,-0.832,-0.839,-0.855,-0.875,-0.891,-0.902,-0.916,-0.935,-0.954,-0.968,-0.980,-0.996,-1.017,-1.036,-1.050,-1.064,-1.085,-1.108,-1.126,-1.141,-1.160,-1.185,-1.210,-1.229,-1.247,-1.272,-1.303,-1.331,-1.352,-1.376,-1.411,-1.450,-1.481,-1.509,-1.547,-1.597,-1.648,-1.689,-1.734,-1.796,-1.873,-1.946,-2.010,-2.087,-2.192,-2.307,-2.404,-2.492,-2.611,-2.776,-2.951,-3.113,-3.319,-3.668,-4.144,-4.489,-4.372,-3.840,-3.303,-3.072,-3.204,-3.579,-4.027,-4.466,-4.956,-5.592,-6.396,-7.329,-8.394,-9.709,-11.467,-13.844,-16.945,-20.352,-20.781,-17.268,-13.813,-11.229,-9.325,-7.863,-6.680,-5.709,-4.939,-4.352,-3.901,-3.536,-3.239,-3.023,-2.890,-2.818,-2.774,-2.749,-2.762,-2.823,-2.913,-3.003,-3.093,-3.209,-3.363,-3.534,-3.696,-3.855,-4.045,-4.277,-4.521,-4.750,-4.981,-5.254,-5.577,-5.906,-6.214,-6.530,-6.909,-7.347,-7.783,-8.186,-8.611,-9.125,-9.712,-10.278
75,4.7780,0.4228,2.9713,1.2250,0.6055,4.2000,-3.025,-2.797,-2.593,-2.420,-2.282,-2.156,-2.059,-1.970,-1.895,-1.834,-1.772,-1.725,-1.676,-1.634,-1.597,-1.555,-1.524,-1.486,-1.454,-1.422,-1.387,-1.359,-1.323,-1.295,-1.263,-1.231,-1.203,-1.169,-1.143,-1.111,-1.083,-1.058,-1.027,-1.008,-0.981,-0.965,-0.950,-0.939,-0.946,-0.955,-1.014,-1.114,-1.352,-1.659,-1.553,-1.177,-0.968,-0.891,-0.878,-0.929,-1.025,-1.210,-1.527,-2.047,-2.767,-3.120,-2.548,-1.706,-1.139,-0.799,-0.599,-0.474,-0.388,-0.333,-0.289,-0.258,-0.234,-0.216,-0.204,-0.194,-0.191,-0.188,-0.179,-0.164,-0.153,-0.147,-0.143,-0.143,-0.143,-0.144,-0.147,-0.150,-0.156,-0.161,-0.168,-0.175,-0.184,-0.194,-0.204,-0.216,-0.229,-0.243,-0.258,-0.274,-0.292,-0.310,-0.330,-0.351,-0.374,-0.399,-0.425,-0.453,-0.482,-0.514,-0.548,-0.585,-0.624,-0.666,-0.711,-0.759,-0.811,-0.868,-0.928,-0.994,-1.064,-1.139,-1.220,-1.305,-1.394,-1.485,-1.576,-1.664,-1.748,-1.825,-1.896,-1.966,-2.040,-2.127,-2.240,-2.387,-2.585,-2.844,-3.178,-3.566,-3.880,-3.754,-2.938,-2.044,-1.641,-1.680,-1.966,-2.422,-3.024,-3.809,-4.838,-6.186,-7.891,-9.644,-10.367,-9.319,-7.614,-6.151,-5.087,-4.334,-3.772,-3.320,-2.921,-2.560,-2.236,-1.956,-1.728,-1.547,-1.413,-1.318,-1.256,-1.222,-1.209,-1.217,-1.239,-1.277,-1.325,-1.384,-1.455,-1.533,-1.622,-1.719,-1.827,-1.945,-2.072,-2.214,-2.365,-2.532,-2.713,-2.911,-3.131,-3.369,-3.635,-3.926,-4.251,-4.615,-5.019,-5.479,-5.994,-6.585,-7.261,-8.040,-8.956,-10.028,-11.326,-12.910,-14.918
79,4.8989,0.5840,2.7755,0.8217,0.7678,4.0000,-3.193,-2.855,-2.582,-2.363,-2.193,-2.046,-1.932,-1.831,-1.745,-1.674,-1.604,-1.549,-1.493,-1.444,-1.400,-1.354,-1.317,-1.274,-1.238,-1.202,-1.164,-1.133,-1.095,-1.066,-1.032,-1.000,-0.972,-0.938,-0.914,-0.882,-0.857,-0.832,-0.805,-0.789,-0.763,-0.753,-0.739,-0.735,-0.748,-0.770,-0.855,-1.001,-1.360,-1.718,-1.445,-0.959,-0.721,-0.588,-0.518,-0.477,-0.443,-0.429,-0.411,-0.408,-0.407,-0.415,-0.438,-0.469,-0.511,-0.479,-0.366,-0.276,-0.238,-0.225,-0.222,-0.227,-0.236,-0.251,-0.272,-0.294,-0.295,-0.266,-0.236,-0.221,-0.217,-0.219,-0.223,-0.231,-0.240,-0.250,-0.262,-0.274,-0.288,-0.302,-0.318,-0.335,-0.353,-0.373,-0.393,-0.416,-0.439,-0.464,-0.490,-0.518,-0.549,-0.580,-0.614,-0.650,-0.688,-0.729,-0.772,-0.818,-0.867,-0.920,-0.976,-1.037,-1.102,-1.171,-1.247,-1.328,-1.416,-1.511,-1.614,-1.727,-1.849,-1.981,-2.124,-2.278,-2.442,-2.615,-2.797,-2.984,-3.176,-3.374,-3.581,-3.806,-4.060,-4.352,-4.679,-5.009,-5.237,-5.162,-4.594,-3.618,-2.611,-1.897,-1.574,-1.600,-1.916,-2.506,-3.414,-4.763,-6.776,-9.726,-12.765,-11.468,-8.020,-5.486,-3.847,-2.795,-2.117,-1.676,-1.388,-1.203,-1.086,-1.017,-0.981,-0.968,-0.973,-0.989,-1.015,-1.048,-1.087,-1.132,-1.183,-1.240,-1.303,-1.374,-1.452,-1.538,-1.633,-1.735,-1.849,-1.971,-2.106,-2.253,-2.414,-2.590,-2.783,-2.997,-3.233,-3.495,-3.788,-4.114,-4.483,-4.899,-5.373,-5.914,-6.539,-7.266,-8.116,-9.131,-10.352,-11.859,-13.779,-16.342,-20.121,-27.016,-38.818,-23.924,-18.780
83,5.5362,0.4152,3.9446,1.1833,0.8374,6.6000,-2.073,-2.111,-2.122,-2.188,-2.266,-2.314,-2.412,-2.565,-2.713,-2.920,-3.253,-3.673,-4.216,-4.999,-5.992,-6.937,-7.380,-7.023,-6.140,-5.140,-4.267,-3.691,-3.365,-3.157,-3.308,-4.128,-4.968,-4.416,-3.117,-2.271,-1.874,-1.595,-1.386,-1.263,-1.154,-1.051,-0.982,-0.918,-0.855,-0.807,-0.764,-0.721,-0.689,-0.659,-0.634,-0.614,-0.586,-0.569,-0.575,-0.577,-0.618,-0.743,-0.821,-0.727,-0.591,-0.555,-0.570,-0.583,-0.622,-0.689,-0.767,-0.883,-1.053,-1.282,-1.606,-2.058,-2.623,-3.210,-3.606,-3.619,-3.333,-2.966,-2.642,-2.404,-2.257,-2.180,-2.165,-2.209,-2.304,-2.451,-2.662,-2.941,-3.303,-3.779,-4.401,-5.220,-6.332,-7.880,-10.108,-13.516,-18.552,-18.221,-12.835,-9.139,-6.686,-4.988,-3.781,-2.917,-2.296,-1.845,-1.522,-1.300,-1.150,-1.061,-1.030,-1.046,-1.104,-1.214,-1.371,-1.567,-1.809,-2.074,-2.323,-2.527,-2.642,-2.628,-2.512,-2.328,-2.097,-1.870,-1.671,-1.484,-1.331,-1.220,-1.120,-1.043,-1.010,-0.980,-0.965,-1.007,-1.058,-1.129,-1.319,-1.601,-2.048,-3.111,-4.798,-5.328,-4.164,-3.348,-3.341,-3.617,-3.889,-4.134,-4.112,-3.823,-3.524,-3.231,-2.950,-2.778,-2.672,-2.571,-2.538,-2.557,-2.562,-2.605,-2.694,-2.765,-2.851,-2.983,-3.098,-3.207,-3.360,-3.506,-3.638,-3.830,-4.076,-4.357,-4.742,-5.222,-5.691,-6.146,-6.606,-6.979,-7.248,-7.495,-7.674,-7.726,-7.751,-7.765,-7.686,-7.578,-7.519,-7.422,-7.293,-7.241,-7.206,-7.135,-7.140,-7.210,-7.244,-7.341,-7.544,-7.726,-7.951,-8.325,-8.715,-9.126,-9.745,-10.446,-11.158
87,5.4191,0.4718,3.7442,1.5365,1.0613,7.2000,-1.867,-1.894,-1.898,-1.887,-1.910,-1.926,-1.915,-1.935,-1.964,-1.965,-1.988,-2.041,-2.073,-2.123,-2.228,-2.342,-2.487,-2.735,-3.082,-3.545,-4.259,-5.334,-6.769,-8.324,-9.017,-8.115,-6.612,-5.374,-4.806,-5.160,-5.926,-5.508,-4.003,-2.853,-2.267,-1.881,-1.576,-1.394,-1.253,-1.110,-1.015,-0.942,-0.856,-0.793,-0.750,-0.693,-0.647,-0.627,-0.602,-0.574,-0.552,-0.522,-0.496,-0.489,-0.477,-0.465,-0.473,-0.483,-0.495,-0.539,-0.607,-0.706,-0.894,-1.088,-1.077,-0.864,-0.658,-0.552,-0.507,-0.491,-0.501,-0.526,-0.567,-0.624,-0.699,-0.799,-0.932,-1.104,-1.336,-1.649,-2.061,-2.600,-3.269,-4.004,-4.675,-5.116,-5.239,-5.139,-4.967,-4.821,-4.764,-4.837,-5.047,-5.425,-6.034,-6.945,-8.299,-10.409,-13.946,-20.619,-20.245,-12.863,-8.757,-6.187,-4.470,-3.304,-2.504,-1.937,-1.533,-1.254,-1.052,-0.901,-0.804,-0.740,-0.692,-0.674,-0.680,-0.689,-0.721,-0.780,-0.842,-0.922,-1.037,-1.148,-1.247,-1.337,-1.340,-1.246,-1.134,-1.021,-0.930,-0.944,-1.030,-1.142,-1.412,-1.890,-2.601,-4.194,-7.983,-11.938,-7.441,-4.490,-3.501,-3.239,-3.122,-3.205,-3.360,-3.372,-3.341,-3.278,-3.081,-2.876,-2.730,-2.559,-2.421,-2.372,-2.330,-2.301,-2.353,-2.423,-2.486,-2.617,-2.780,-2.926,-3.124,-3.373,-3.601,-3.856,-4.175,-4.473,-4.757,-5.090,-5.397,-5.620,-5.829,-5.992,-6.006,-5.922,-5.797,-5.567,-5.259,-4.997,-4.791,-4.599,-4.487,-4.474,-4.458,-4.431,-4.464,-4.489,-4.462,-4.486,-4.539,-4.537,-4.575,-4.681,-4.743,-4.823,-5.005,-5.167,-5.319
91,5.1173,0.4222,3.4322,1.4389,1.3568,4.6000,-2.476,-2.352,-2.245,-2.160,-2.065,-2.003,-1.933,-1.874,-1.829,-1.771,-1.736,-1.688,-1.649,-1.615,-1.570,-1.543,-1.499,-1.468,-1.433,-1.393,-1.367,-1.322,-1.295,-1.257,-1.221,-1.194,-1.152,-1.129,-1.090,-1.063,-1.038,-1.005,-0.995,-0.966,-0.965,-0.962,-0.976,-1.033,-1.111,-1.331,-1.720,-2.579,-3.484,-2.898,-1.954,-1.475,-1.053,-0.791,-0.662,-0.560,-0.508,-0.453,-0.420,-0.389,-0.361,-0.346,-0.325,-0.320,-0.315,-0.329,-0.367,-0.446,-0.535,-0.500,-0.386,-0.302,-0.251,-0.220,-0.199,-0.185,-0.175,-0.167,-0.162,-0.158,-0.157,-0.155,-0.156,-0.158,-0.161,-0.166,-0.171,-0.179,-0.187,-0.197,-0.209,-0.222,-0.237,-0.254,-0.273,-0.294,-0.318,-0.345,-0.374,-0.408,-0.446,-0.488,-0.537,-0.591,-0.653,-0.724,-0.806,-0.900,-1.010,-1.138,-1.287,-1.464,-1.672,-1.919,-2.208,-2.544,-2.929,-3.356,-3.808,-4.248,-4.631,-4.902,-5.026,-5.006,-4.873,-4.679,-4.471,-4.284,-4.141,-4.056,-4.040,-4.099,-4.245,-4.487,-4.830,-5.268,-5.743,-6.108,-6.118,-5.656,-4.932,-4.217,-3.601,-3.085,-2.667,-2.337,-2.084,-1.891,-1.746,-1.639,-1.561,-1.507,-1.471,-1.451,-1.444,-1.448,-1.462,-1.483,-1.513,-1.548,-1.588,-1.630,-1.668,-1.698,-1.702,-1.663,-1.569,-1.450,-1.374,-1.377,-1.443,-1.541,-1.653,-1.772,-1.892,-2.017,-2.146,-2.280,-2.422,-2.572,-2.733,-2.904,-3.091,-3.293,-3.513,-3.755,-4.018,-4.310,-4.629,-4.984,-5.377,-5.812,-6.295,-6.826,-7.410,-8.040,-8.702,-9.372,-9.991,-10.490,-10.780,-10.793,-10.537,-10.064,-9.476,-8.861,-8.272
95,5.3724,0.5120,3.5906,0.8611,0.9805,4.0000,-1.681,-1.612,-1.552,-1.502,-1.457,-1.419,-1.383,-1.350,-1.322,-1.292,-1.266,-1.240,-1.215,-1.192,-1.166,-1.145,-1.120,-1.098,-1.077,-1.053,-1.035,-1.011,-0.994,-0.976,-0.959,-0.951,-0.937,-0.946,-0.956,-1.003,-1.113,-1.351,-1.925,-2.210,-1.669,-1.244,-1.134,-1.111,-1.287,-1.634,-2.480,-3.366,-2.687,-1.652,-1.243,-0.977,-0.738,-0.606,-0.522,-0.471,-0.431,-0.403,-0.382,-0.364,-0.356,-0.349,-0.353,-0.365,-0.395,-0.454,-0.553,-0.664,-0.654,-0.525,-0.409,-0.338,-0.298,-0.275,-0.262,-0.256,-0.253,-0.254,-0.258,-0.264,-0.272,-0.282,-0.295,-0.310,-0.327,-0.346,-0.369,-0.394,-0.422,-0.454,-0.489,-0.529,-0.574,-0.624,-0.681,-0.745,-0.818,-0.900,-0.993,-1.099,-1.219,-1.355,-1.507,-1.675,-1.855,-2.040,-2.219,-2.372,-2.482,-2.533,-2.521,-2.456,-2.357,-2.250,-2.152,-2.078,-2.034,-2.024,-2.052,-2.115,-2.221,-2.368,-2.567,-2.823,-3.151,-3.571,-4.107,-4.802,-5.699,-6.856,-8.282,-9.733,-10.347,-9.272,-7.285,-5.403,-3.988,-3.048,-2.550,-2.421,-2.503,-2.862,-3.987,-6.772,-11.842,-10.649,-6.350,-4.062,-2.821,-2.106,-1.665,-1.380,-1.195,-1.067,-0.986,-0.933,-0.903,-0.890,-0.889,-0.902,-0.921,-0.950,-0.987,-1.029,-1.080,-1.136,-1.200,-1.270,-1.348,-1.435,-1.528,-1.635,-1.749,-1.878,-2.021,-2.179,-2.359,-2.558,-2.788,-3.046,-3.345,-3.691,-4.093,-4.571,-5.137,-5.824,-6.664,-7.709,-9.047,-10.797,-13.201,-16.698,-21.930,-23.705,-18.503,-14.888,-12.694,-11.343,-10.498,-9.973,-9.635,-9.442,-9.372,-9.418,-9.600,-9.909,-10.374
99,5.4767,0.7548,3.0606,1.3877,0.9714,5.4000,-2.757,-2.614,-2.473,-2.329,-2.224,-2.110,-2.006,-1.929,-1.836,-1.762,-1.698,-1.620,-1.566,-1.507,-1.443,-1.401,-1.342,-1.293,-1.254,-1.198,-1.163,-1.121,-1.074,-1.047,-1.003,-0.969,-0.945,-0.904,-0.887,-0.863,-0.836,-0.838,-0.822,-0.834,-0.873,-0.918,-1.072,-1.325,-1.877,-2.872,-3.159,-2.183,-1.345,-0.988,-0.790,-0.654,-0.549,-0.474,-0.435,-0.397,-0.375,-0.362,-0.352,-0.361,-0.379,-0.436,-0.544,-0.761,-1.089,-1.164,-0.859,-0.564,-0.408,-0.308,-0.255,-0.219,-0.191,-0.177,-0.161,-0.152,-0.146,-0.139,-0.138,-0.136,-0.135,-0.138,-0.139,-0.144,-0.149,-0.155,-0.164,-0.173,-0.184,-0.199,-0.212,-0.230,-0.249,-0.269,-0.295,-0.321,-0.351,-0.386,-0.423,-0.468,-0.516,-0.572,-0.636,-0.708,-0.792,-0.889,-1.000,-1.134,-1.290,-1.478,-1.705,-1.979,-2.319,-2.740,-3.266,-3.930,-4.761,-5.790,-7.009,-8.282,-9.250,-9.390,-8.639,-7.473,-6.313,-5.339,-4.569,-3.988,-3.567,-3.273,-3.095,-3.017,-3.034,-3.154,-3.373,-3.690,-4.061,-4.335,-4.320,-3.988,-3.768,-4.019,-4.274,-3.837,-3.043,-2.381,-1.909,-1.591,-1.379,-1.232,-1.137,-1.074,-1.034,-1.015,-1.008,-1.013,-1.029,-1.051,-1.082,-1.118,-1.161,-1.211,-1.265,-1.326,-1.393,-1.466,-1.546,-1.632,-1.725,-1.827,-1.936,-2.055,-2.184,-2.323,-2.474,-2.639,-2.819,-3.018,-3.237,-3.482,-3.759,-4.075,-4.444,-4.884,-5.420,-6.091,-6.939,-8.005,-9.291,-10.698,-11.995,-12.900,-13.282,-13.246,-12.969,-12.569,-12.110,-11.610,-11.084,-10.546,-10.002,-9.464,-8.944,-8.444,-7.974,-7.534,-7.126
103,5.4388,0.7085,3.6081,1.3688,0.6753,5.4000,-2.075,-1.986,-1.887,-1.817,-1.744,-1.676,-1.625,-1.561,-1.518,-1.465,-1.419,-1.380,-1.329,-1.297,-1.250,-1.215,-1.179,-1.137,-1.110,-1.067,-1.040,-1.005,-0.972,-0.947,-0.910,-0.891,-0.859,-0.838,-0.819,-0.793,-0.787,-0.767,-0.769,-0.769,-0.781,-0.821,-0.870,-0.992,-1.172,-1.474,-1.953,-2.959,-4.211,-3.587,-2.676,-2.731,-2.256,-1.437,-1.012,-0.756,-0.618,-0.528,-0.466,-0.438,-0.417,-0.430,-0.467,-0.564,-0.752,-1.043,-1.175,-0.929,-0.631,-0.447,-0.335,-0.273,-0.227,-0.201,-0.180,-0.165,-0.157,-0.148,-0.146,-0.142,-0.143,-0.144,-0.146,-0.153,-0.158,-0.167,-0.176,-0.188,-0.203,-0.217,-0.237,-0.256,-0.280,-0.306,-0.335,-0.369,-0.406,-0.449,-0.496,-0.550,-0.612,-0.681,-0.761,-0.850,-0.955,-1.073,-1.209,-1.363,-1.534,-1.725,-1.925,-2.128,-2.314,-2.462,-2.551,-2.569,-2.523,-2.429,-2.316,-2.206,-2.118,-2.064,-2.048,-2.076,-2.149,-2.274,-2.455,-2.704,-3.037,-3.474,-4.050,-4.806,-5.788,-7.000,-8.238,-8.793,-7.922,-6.194,-4.572,-3.436,-2.820,-2.685,-3.002,-3.860,-5.622,-9.063,-16.500,-19.004,-10.456,-6.705,-4.639,-3.387,-2.583,-2.046,-1.681,-1.425,-1.249,-1.127,-1.046,-0.998,-0.972,-0.969,-0.982,-1.010,-1.052,-1.106,-1.174,-1.252,-1.344,-1.448,-1.565,-1.698,-1.843,-2.007,-2.187,-2.388,-2.611,-2.855,-3.129,-3.427,-3.759,-4.124,-4.524,-4.967,-5.444,-5.967,-6.524,-7.109,-7.718,-8.313,-8.881,-9.377,-9.761,-10.026,-10.140,-10.136,-10.036,-9.862,-9.671,-9.461,-9.274,-9.120,-8.998,-8.944,-8.933,-8.997,-9.134
107,4.9486,0.7300,3.2334,1.3417,0.7198,4.6000,-3.273,-3.002,-2.762,-2.560,-2.388,-2.237,-2.112,-1.998,-1.901,-1.814,-1.733,-1.664,-1.595,-1.536,-1.478,-1.423,-1.374,-1.322,-1.278,-1.232,-1.188,-1.148,-1.105,-1.069,-1.029,-0.994,-0.959,-0.923,-0.894,-0.860,-0.833,-0.804,-0.777,-0.756,-0.731,-0.717,-0.699,-0.694,-0.696,-0.710,-0.764,-0.861,-1.081,-1.208,-1.010,-0.785,-0.681,-0.637,-0.649,-0.695,-0.786,-0.945,-1.213,-1.655,-2.283,-2.685,-2.282,-1.536,-1.003,-0.683,-0.497,-0.384,-0.311,-0.267,-0.239,-0.231,-0.238,-0.270,-0.316,-0.313,-0.248,-0.180,-0.140,-0.114,-0.100,-0.092,-0.087,-0.085,-0.084,-0.085,-0.087,-0.091,-0.096,-0.101,-0.108,-0.115,-0.124,-0.133,-0.143,-0.156,-0.168,-0.182,-0.196,-0.213,-0.230,-0.248,-0.269,-0.290,-0.314,-0.339,-0.366,-0.395,-0.426,-0.461,-0.497,-0.537,-0.579,-0.625,-0.676,-0.730,-0.789,-0.852,-0.920,-0.992,-1.067,-1.144,-1.219,-1.291,-1.354,-1.407,-1.448,-1.477,-1.500,-1.519,-1.546,-1.585,-1.643,-1.729,-1.846,-2.007,-2.216,-2.484,-2.789,-3.029,-2.909,-2.268,-1.608,-1.348,-1.430,-1.713,-2.149,-2.725,-3.431,-4.179,-4.835,-5.387,-5.975,-6.730,-7.659,-8.574,-9.001,-8.488,-7.233,-5.809,-4.560,-3.575,-2.837,-2.297,-1.909,-1.632,-1.439,-1.307,-1.222,-1.173,-1.151,-1.152,-1.171,-1.206,-1.255,-1.316,-1.389,-1.474,-1.569,-1.677,-1.796,-1.928,-2.074,-2.236,-2.413,-2.610,-2.827,-3.067,-3.334,-3.631,-3.964,-4.336,-4.755,-5.229,-5.766,-6.380,-7.083,-7.893,-8.828,-9.914,-11.178,-12.634,-14.277,-15.981,-17.362,-17.787,-17.031
111,4.6338,0.5687,3.0985,0.7654,1.1400,7.8000,-1.748,-1.774,-1.784,-1.802,-1.824,-1.830,-1.833,-1.845,-1.843,-1.831,-1.826,-1.814,-1.787,-1.765,-1.742,-1.704,-1.667,-1.634,-1.589,-1.542,-1.502,-1.454,-1.402,-1.359,-1.313,-1.261,-1.218,-1.177,-1.131,-1.093,-1.061,-1.025,-0.997,-0.979,-0.962,-0.953,-0.962,-0.980,-1.018,-1.094,-1.208,-1.392,-1.707,-2.215,-3.065,-4.391,-5.609,-5.234,-3.739,-2.513,-1.767,-1.298,-0.999,-0.813,-0.676,-0.575,-0.511,-0.455,-0.409,-0.383,-0.359,-0.334,-0.325,-0.317,-0.304,-0.306,-0.310,-0.307,-0.317,-0.334,-0.342,-0.361,-0.394,-0.417,-0.452,-0.509,-0.561,-0.627,-0.736,-0.857,-1.015,-1.282,-1.648,-2.199,-3.122,-3.910,-3.356,-2.053,-1.184,-0.850,-0.736,-0.698,-0.748,-0.830,-0.908,-1.018,-1.144,-1.259,-1.387,-1.530,-1.660,-1.796,-1.949,-2.100,-2.265,-2.473,-2.724,-3.043,-3.492,-4.122,-5.013,-6.338,-8.354,-11.528,-17.105,-24.309,-16.307,-11.596,-8.878,-7.136,-5.963,-5.127,-4.507,-4.054,-3.714,-3.442,-3.250,-3.150,-3.150,-3.320,-3.776,-4.642,-6.238,-9.302,-13.490,-10.563,-6.374,-4.134,-3.054,-2.536,-2.302,-2.265,-2.351,-2.501,-2.706,-2.912,-3.011,-2.938,-2.706,-2.399,-2.147,-2.010,-1.965,-1.984,-2.050,-2.122,-2.174,-2.208,-2.207,-2.162,-2.095,-2.012,-1.909,-1.808,-1.720,-1.632,-1.559,-1.507,-1.464,-1.432,-1.423,-1.424,-1.432,-1.461,-1.501,-1.544,-1.603,-1.676,-1.745,-1.824,-1.918,-2.005,-2.096,-2.205,-2.313,-2.426,-2.567,-2.723,-2.886,-3.085,-3.312,-3.545,-3.802,-4.089,-4.363,-4.622,-4.880,-5.094,-5.229,-5.314,-5.341
115,4.8915,0.6297,2.7934,0.6393,0.8286,4.8000,-3.505,-3.283,-3.054,-2.837,-2.650,-2.474,-2.327,-2.195,-2.074,-1.975,-1.875,-1.792,-1.713,-1.637,-1.573,-1.504,-1.448,-1.388,-1.333,-1.283,-1.229,-1.185,-1.134,-1.091,-1.049,-1.004,-0.968,-0.925,-0.892,-0.856,-0.822,-0.794,-0.760,-0.741,-0.714,-0.699,-0.688,-0.681,-0.702,-0.728,-0.822,-0.989,-1.356,-1.871,-1.807,-1.264,-0.875,-0.629,-0.489,-0.416,-0.356,-0.324,-0.292,-0.269,-0.251,-0.233,-0.222,-0.208,-0.201,-0.193,-0.189,-0.191,-0.195,-0.215,-0.248,-0.315,-0.369,-0.329,-0.246,-0.192,-0.162,-0.145,-0.137,-0.132,-0.130,-0.130,-0.131,-0.133,-0.137,-0.141,-0.147,-0.153,-0.161,-0.169,-0.179,-0.189,-0.200,-0.212,-0.225,-0.240,-0.255,-0.272,-0.290,-0.309,-0.331,-0.353,-0.378,-0.404,-0.432,-0.464,-0.497,-0.534,-0.574,-0.618,-0.667,-0.720,-0.781,-0.848,-0.925,-1.012,-1.112,-1.227,-1.363,-1.523,-1.714,-1.944,-2.225,-2.568,-2.990,-3.506,-4.125,-4.838,-5.597,-6.300,-6.822,-7.099,-7.192,-7.246,-7.391,-7.676,-8.008,-8.033,-7.341,-6.116,-5.089,-4.838,-5.751,-8.235,-11.273,-9.596,-6.452,-4.452,-3.257,-2.521,-2.045,-1.729,-1.512,-1.359,-1.254,-1.178,-1.127,-1.093,-1.072,-1.063,-1.061,-1.068,-1.080,-1.098,-1.121,-1.148,-1.180,-1.216,-1.256,-1.300,-1.348,-1.401,-1.457,-1.520,-1.587,-1.662,-1.743,-1.832,-1.932,-2.043,-2.169,-2.314,-2.482,-2.683,-2.924,-3.226,-3.608,-4.105,-4.768,-5.667,-6.904,-8.598,-10.875,-13.708,-16.335,-16.895,-15.570,-14.112,-13.050,-12.394,-12.045,-11.939,-12.029,-12.274,-12.668,-13.184,-13.821
119,4.9301,0.7115,3.2029,0.5113,0.7367,4.8000,-2.512,-2.322,-2.153,-2.030,-1.906,-1.812,-1.725,-1.642,-1.580,-1.507,-1.455,-1.397,-1.343,-1.299,-1.244,-1.208,-1.159,-1.119,-1.082,-1.037,-1.007,-0.963,-0.933,-0.897,-0.862,-0.836,-0.798,-0.775,-0.743,-0.717,-0.695,-0.665,-0.652,-0.625,-0.615,-0.600,-0.588,-0.592,-0.586,-0.615,-0.639,-0.717,-0.849,-1.111,-1.555,-1.652,-1.766,-2.230,-1.965,-1.224,-0.787,-0.544,-0.418,-0.340,-0.286,-0.256,-0.226,-0.213,-0.197,-0.190,-0.187,-0.187,-0.197,-0.214,-0.252,-0.313,-0.389,-0.388,-0.291,-0.209,-0.165,-0.142,-0.132,-0.127,-0.127,-0.128,-0.132,-0.137,-0.143,-0.152,-0.159,-0.170,-0.180,-0.192,-0.205,-0.218,-0.234,-0.249,-0.268,-0.286,-0.306,-0.328,-0.350,-0.376,-0.401,-0.430,-0.460,-0.493,-0.528,-0.565,-0.606,-0.649,-0.696,-0.747,-0.802,-0.863,-0.928,-1.001,-1.080,-1.168,-1.265,-1.373,-1.493,-1.626,-1.774,-1.937,-2.115,-2.306,-2.504,-2.706,-2.901,-3.085,-3.258,-3.429,-3.617,-3.848,-4.152,-4.559,-5.092,-5.740,-6.380,-6.646,-6.061,-4.757,-3.431,-2.542,-2.172,-2.265,-2.796,-3.842,-5.659,-8.857,-15.003,-18.937,-11.641,-8.026,-6.123,-4.965,-4.109,-3.382,-2.756,-2.244,-1.849,-1.556,-1.345,-1.196,-1.095,-1.032,-0.995,-0.981,-0.984,-1.002,-1.033,-1.073,-1.126,-1.186,-1.257,-1.336,-1.425,-1.524,-1.633,-1.755,-1.888,-2.035,-2.199,-2.378,-2.579,-2.800,-3.049,-3.326,-3.637,-3.988,-4.383,-4.834,-5.345,-5.928,-6.597,-7.357,-8.227,-9.204,-10.285,-11.423,-12.498,-13.316,-13.624,-13.333,-12.613,-11.698,-10.788,-9.976,-9.291
123,4.8045,0.4323,3.1954,1.6874,0.9209,8.0000,-1.548,-1.600,-1.576,-1.561,-1.619,-1.678,-1.668,-1.645,-1.686,-1.742,-1.736,-1.705,-1.724,-1.768,-1.762,-1.720,-1.717,-1.746,-1.737,-1.687,-1.666,-1.683,-1.674,-1.624,-1.595,-1.610,-1.614,-1.581,-1.564,-1.600,-1.646,-1.667,-1.714,-1.838,-2.019,-2.230,-2.531,-3.034,-3.814,-4.947,-6.601,-8.888,-10.739,-9.748,-7.548,-5.955,-4.903,-4.002,-3.143,-2.452,-1.988,-1.674,-1.420,-1.212,-1.060,-0.943,-0.838,-0.748,-0.681,-0.623,-0.567,-0.521,-0.489,-0.456,-0.422,-0.399,-0.385,-0.367,-0.346,-0.337,-0.337,-0.330,-0.320,-0.324,-0.338,-0.342,-0.345,-0.366,-0.398,-0.420,-0.442,-0.492,-0.560,-0.621,-0.693,-0.819,-0.992,-1.181,-1.446,-1.875,-2.342,-2.430,-1.951,-1.288,-0.843,-0.694,-0.720,-0.795,-0.897,-1.047,-1.235,-1.435,-1.646,-1.884,-2.152,-2.437,-2.733,-3.048,-3.394,-3.776,-4.191,-4.660,-5.253,-6.060,-7.193,-8.941,-12.188,-20.404,-19.223,-10.356,-6.464,-4.458,-3.455,-2.968,-2.705,-2.565,-2.538,-2.579,-2.622,-2.649,-2.669,-2.649,-2.530,-2.313,-2.051,-1.791,-1.573,-1.453,-1.478,-1.651,-1.950,-2.398,-3.119,-4.312,-6.088,-7.840,-7.647,-5.675,-3.826,-2.615,-1.896,-1.444,-1.134,-0.941,-0.843,-0.783,-0.734,-0.717,-0.740,-0.773,-0.797,-0.840,-0.914,-0.994,-1.063,-1.148,-1.266,-1.388,-1.498,-1.624,-1.783,-1.943,-2.083,-2.233,-2.406,-2.567,-2.691,-2.808,-2.938,-3.042,-3.099,-3.152,-3.229,-3.293,-3.328,-3.380,-3.483,-3.599,-3.700,-3.830,-4.028,-4.255,-4.461,-4.674,-4.937,-5.215,-5.424,-5.549,-5.641,-5.699,-5.650
127,5.1308,0.7932,3.1067,1.9648,0.7210,5.2000,-3.239,-3.085,-2.921,-2.772,-2.618,-2.483,-2.358,-2.238,-2.138,-2.035,-1.948,-1.865,-1.784,-1.716,-1.642,-1.581,-1.518,-1.457,-1.405,-1.345,-1.299,-1.246,-1.199,-1.156,-1.107,-1.071,-1.026,-0.991,-0.955,-0.918,-0.892,-0.857,-0.838,-0.814,-0.798,-0.796,-0.791,-0.824,-0.867,-0.987,-1.215,-1.680,-2.419,-2.436,-1.694,-1.178,-0.848,-0.631,-0.534,-0.455,-0.415,-0.380,-0.355,-0.342,-0.328,-0.331,-0.336,-0.366,-0.419,-0.515,-0.592,-0.520,-0.398,-0.335,-0.320,-0.341,-0.390,-0.470,-0.565,-0.625,-0.586,-0.467,-0.344,-0.250,-0.188,-0.147,-0.119,-0.101,-0.089,-0.082,-0.076,-0.075,-0.074,-0.075,-0.079,-0.082,-0.088,-0.094,-0.102,-0.111,-0.120,-0.131,-0.143,-0.157,-0.171,-0.187,-0.205,-0.223,-0.244,-0.266,-0.290,-0.317,-0.345,-0.377,-0.411,-0.449,-0.490,-0.535,-0.586,-0.641,-0.703,-0.771,-0.849,-0.935,-1.032,-1.143,-1.267,-1.407,-1.562,-1.731,-1.908,-2.084,-2.243,-2.362,-2.431,-2.441,-2.414,-2.378,-2.367,-2.414,-2.537,-2.758,-3.050,-3.286,-3.104,-2.403,-1.777,-1.584,-1.728,-2.094,-2.653,-3.427,-4.505,-6.028,-8.231,-11.344,-14.224,-12.605,-9.216,-6.710,-5.038,-3.932,-3.196,-2.703,-2.369,-2.136,-1.964,-1.828,-1.714,-1.615,-1.531,-1.464,-1.418,-1.392,-1.388,-1.404,-1.440,-1.495,-1.568,-1.660,-1.769,-1.896,-2.043,-2.208,-2.395,-2.604,-2.838,-3.098,-3.386,-3.707,-4.061,-4.454,-4.887,-5.363,-5.885,-6.452,-7.059,-7.699,-8.348,-8.980,-9.542,-9.982,-10.244,-10.292,-10.140,-9.821,-9.394,-8.916,-8.423,-7.951,-7.512
131,5.0041,0.6286,2.9403,0.8753,0.6561,4.0000,-3.052,-2.742,-2.488,-2.292,-2.130,-1.996,-1.889,-1.791,-1.714,-1.642,-1.579,-1.525,-1.470,-1.426,-1.379,-1.339,-1.300,-1.260,-1.227,-1.188,-1.157,-1.123,-1.089,-1.061,-1.026,-1.000,-0.968,-0.940,-0.914,-0.884,-0.863,-0.835,-0.816,-0.795,-0.775,-0.767,-0.751,-0.759,-0.769,-0.812,-0.912,-1.116,-1.544,-1.678,-1.221,-0.846,-0.691,-0.595,-0.560,-0.533,-0.528,-0.540,-0.565,-0.630,-0.726,-0.870,-0.916,-0.732,-0.499,-0.362,-0.293,-0.256,-0.238,-0.229,-0.226,-0.230,-0.239,-0.256,-0.277,-0.287,-0.265,-0.230,-0.208,-0.197,-0.195,-0.196,-0.200,-0.206,-0.213,-0.223,-0.232,-0.243,-0.255,-0.268,-0.283,-0.298,-0.315,-0.333,-0.352,-0.373,-0.395,-0.419,-0.444,-0.471,-0.499,-0.530,-0.563,-0.597,-0.634,-0.673,-0.715,-0.761,-0.808,-0.860,-0.915,-0.975,-1.038,-1.107,-1.181,-1.260,-1.346,-1.439,-1.539,-1.646,-1.760,-1.882,-2.011,-2.144,-2.280,-2.417,-2.552,-2.683,-2.812,-2.940,-3.077,-3.231,-3.416,-3.643,-3.915,-4.216,-4.477,-4.535,-4.170,-3.355,-2.430,-1.777,-1.519,-1.598,-1.941,-2.519,-3.358,-4.551,-6.250,-8.636,-11.340,-11.596,-8.863,-6.253,-4.441,-3.248,-2.473,-1.968,-1.640,-1.429,-1.294,-1.212,-1.162,-1.137,-1.126,-1.127,-1.138,-1.157,-1.187,-1.225,-1.274,-1.332,-1.399,-1.477,-1.563,-1.660,-1.767,-1.885,-2.015,-2.155,-2.311,-2.480,-2.666,-2.870,-3.095,-3.344,-3.618,-3.925,-4.267,-4.650,-5.083,-5.570,-6.129,-6.766,-7.505,-8.366,-9.377,-10.592,-12.066,-13.921,-16.344,-19.736,-25.129,-31.476,-24.706,-19.724,-16.589
135,5.4334,0.8246,2.9212,0.9115,0.6073,4.6000,-2.478,-2.274,-2.103,-1.960,-1.846,-1.739,-1.654,-1.575,-1.504,-1.444,-1.382,-1.333,-1.280,-1.235,-1.192,-1.147,-1.112,-1.069,-1.035,-0.999,-0.963,-0.935,-0.898,-0.872,-0.840,-0.812,-0.788,-0.757,-0.740,-0.711,-0.695,-0.677,-0.660,-0.658,-0.646,-0.667,-0.688,-0.761,-0.912,-1.228,-1.850,-1.993,-1.340,-0.851,-0.638,-0.505,-0.444,-0.390,-0.359,-0.336,-0.314,-0.307,-0.296,-0.305,-0.330,-0.397,-0.533,-0.608,-0.534,-0.430,-0.374,-0.339,-0.325,-0.321,-0.321,-0.316,-0.284,-0.239,-0.203,-0.185,-0.179,-0.178,-0.182,-0.186,-0.193,-0.201,-0.209,-0.220,-0.231,-0.245,-0.258,-0.274,-0.291,-0.309,-0.330,-0.351,-0.375,-0.401,-0.428,-0.459,-0.490,-0.526,-0.563,-0.604,-0.649,-0.696,-0.748,-0.804,-0.865,-0.931,-1.003,-1.082,-1.167,-1.262,-1.364,-1.478,-1.603,-1.741,-1.893,-2.061,-2.246,-2.449,-2.671,-2.910,-3.164,-3.427,-3.688,-3.936,-4.152,-4.321,-4.435,-4.491,-4.509,-4.511,-4.533,-4.599,-4.726,-4.906,-5.077,-5.106,-4.805,-4.117,-3.238,-2.469,-2.001,-1.890,-2.156,-2.856,-4.156,-6.432,-10.468,-16.137,-12.283,-7.672,-5.073,-3.544,-2.601,-2.001,-1.611,-1.354,-1.188,-1.083,-1.023,-0.998,-0.996,-1.016,-1.051,-1.099,-1.158,-1.225,-1.302,-1.385,-1.478,-1.580,-1.693,-1.819,-1.958,-2.114,-2.286,-2.477,-2.688,-2.920,-3.178,-3.461,-3.774,-4.119,-4.499,-4.920,-5.380,-5.888,-6.442,-7.045,-7.698,-8.389,-9.115,-9.846,-10.547,-11.173,-11.650,-11.938,-11.998,-11.843,-11.531,-11.107,-10.643,-10.175,-9.726,-9.329,-8.974,-8.682,-8.448
139,5.0147,0.6545,3.1535,0.7673,0.8724,6.0000,-2.434,-2.335,-2.229,-2.161,-2.064,-1.999,-1.928,-1.852,-1.803,-1.726,-1.678,-1.617,-1.558,-1.515,-1.449,-1.411,-1.354,-1.306,-1.265,-1.208,-1.176,-1.122,-1.086,-1.046,-1.000,-0.974,-0.926,-0.902,-0.865,-0.836,-0.817,-0.782,-0.777,-0.752,-0.753,-0.756,-0.766,-0.819,-0.877,-1.038,-1.285,-1.719,-1.998,-1.819,-1.941,-2.153,-2.568,-3.731,-3.603,-2.208,-1.367,-0.922,-0.682,-0.545,-0.447,-0.396,-0.353,-0.339,-0.343,-0.381,-0.478,-0.643,-0.697,-0.516,-0.341,-0.247,-0.188,-0.159,-0.134,-0.122,-0.111,-0.102,-0.099,-0.093,-0.093,-0.090,-0.092,-0.093,-0.095,-0.100,-0.102,-0.109,-0.114,-0.122,-0.131,-0.139,-0.151,-0.161,-0.175,-0.189,-0.204,-0.222,-0.239,-0.261,-0.282,-0.307,-0.333,-0.362,-0.395,-0.429,-0.468,-0.510,-0.557,-0.610,-0.668,-0.735,-0.808,-0.892,-0.988,-1.098,-1.227,-1.377,-1.555,-1.766,-2.023,-2.337,-2.723,-3.205,-3.807,-4.558,-5.478,-6.561,-7.753,-8.930,-9.989,-10.933,-11.921,-12.986,-13.506,-12.241,-9.635,-7.104,-5.177,-3.883,-3.116,-2.790,-2.867,-3.394,-4.566,-6.857,-11.595,-24.079,-13.269,-7.799,-5.222,-3.789,-2.889,-2.271,-1.831,-1.516,-1.294,-1.136,-1.028,-0.956,-0.912,-0.890,-0.885,-0.897,-0.920,-0.956,-1.003,-1.060,-1.128,-1.206,-1.296,-1.396,-1.509,-1.636,-1.775,-1.932,-2.105,-2.299,-2.513,-2.750,-3.016,-3.308,-3.633,-3.988,-4.375,-4.793,-5.231,-5.686,-6.139,-6.571,-6.961,-7.276,-7.502,-7.619,-7.624,-7.535,-7.361,-7.138,-6.881,-6.612,-6.354,-6.105,-5.886,-5.695,-5.534,-5.414,-5.324
143,4.7019,0.4426,3.2363,0.4284,0.6302,4.4000,-2.093,-1.968,-1.865,-1.791,-1.711,-1.660,-1.603,-1.556,-1.519,-1.472,-1.446,-1.405,-1.376,-1.347,-1.311,-1.292,-1.255,-1.235,-1.209,-1.181,-1.169,-1.139,-1.136,-1.121,-1.121,-1.144,-1.163,-1.254,-1.374,-1.649,-2.212,-3.447,-6.495,-8.704,-5.165,-2.963,-2.050,-1.548,-1.335,-1.204,-1.176,-1.278,-1.491,-2.071,-2.593,-2.441,-1.972,-1.391,-0.919,-0.702,-0.565,-0.478,-0.426,-0.374,-0.346,-0.315,-0.293,-0.275,-0.256,-0.246,-0.231,-0.224,-0.215,-0.209,-0.208,-0.206,-0.213,-0.223,-0.243,-0.253,-0.231,-0.206,-0.192,-0.188,-0.188,-0.190,-0.195,-0.200,-0.208,-0.216,-0.225,-0.236,-0.247,-0.261,-0.274,-0.289,-0.305,-0.323,-0.342,-0.362,-0.384,-0.407,-0.432,-0.459,-0.488,-0.519,-0.551,-0.587,-0.625,-0.666,-0.711,-0.758,-0.811,-0.867,-0.928,-0.994,-1.066,-1.145,-1.228,-1.318,-1.412,-1.509,-1.606,-1.699,-1.787,-1.867,-1.940,-2.009,-2.081,-2.161,-2.257,-2.377,-2.525,-2.710,-2.940,-3.228,-3.587,-4.036,-4.598,-5.282,-6.052,-6.698,-6.735,-5.791,-4.331,-3.096,-2.409,-2.248,-2.433,-2.895,-3.747,-5.151,-7.431,-11.449,-21.012,-19.285,-10.819,-7.058,-4.902,-3.565,-2.698,-2.121,-1.731,-1.463,-1.280,-1.154,-1.072,-1.020,-0.990,-0.980,-0.982,-0.997,-1.021,-1.054,-1.094,-1.140,-1.194,-1.252,-1.319,-1.391,-1.469,-1.556,-1.649,-1.753,-1.865,-1.990,-2.128,-2.281,-2.455,-2.648,-2.872,-3.129,-3.428,-3.784,-4.208,-4.731,-5.377,-6.198,-7.265,-8.678,-10.631,-13.447,-17.970,-28.064,-27.257,-18.645,-14.982,-12.900,-11.633,-10.887,-10.473
147,5.0309,0.6924,3.1674,1.3660,0.8520,6.2000,-2.501,-2.432,-2.343,-2.298,-2.220,-2.144,-2.101,-2.019,-1.960,-1.913,-1.833,-1.787,-1.732,-1.661,-1.623,-1.560,-1.501,-1.465,-1.398,-1.354,-1.313,-1.250,-1.219,-1.171,-1.120,-1.096,-1.045,-1.011,-0.989,-0.943,-0.930,-0.907,-0.880,-0.891,-0.880,-0.898,-0.955,-1.012,-1.177,-1.448,-1.933,-2.813,-3.311,-2.625,-1.704,-1.198,-0.989,-0.900,-0.952,-1.179,-1.630,-2.721,-4.366,-4.340,-2.704,-1.631,-1.134,-0.834,-0.708,-0.677,-0.718,-0.945,-1.222,-1.178,-0.836,-0.555,-0.413,-0.314,-0.254,-0.220,-0.183,-0.166,-0.149,-0.132,-0.126,-0.115,-0.109,-0.107,-0.100,-0.100,-0.100,-0.098,-0.102,-0.102,-0.106,-0.112,-0.115,-0.123,-0.130,-0.137,-0.149,-0.159,-0.171,-0.186,-0.200,-0.218,-0.236,-0.256,-0.281,-0.305,-0.333,-0.365,-0.398,-0.438,-0.481,-0.529,-0.585,-0.646,-0.718,-0.801,-0.895,-1.008,-1.139,-1.297,-1.490,-1.725,-2.021,-2.398,-2.883,-3.524,-4.379,-5.533,-7.094,-9.163,-11.783,-14.591,-16.066,-14.816,-12.158,-9.428,-7.054,-5.189,-3.849,-2.965,-2.467,-2.299,-2.449,-2.996,-4.147,-6.418,-11.348,-35.728,-12.397,-6.897,-4.380,-3.033,-2.260,-1.799,-1.504,-1.303,-1.164,-1.062,-0.991,-0.945,-0.918,-0.909,-0.914,-0.930,-0.960,-0.998,-1.047,-1.106,-1.171,-1.248,-1.333,-1.426,-1.532,-1.645,-1.771,-1.912,-2.066,-2.241,-2.437,-2.658,-2.911,-3.196,-3.516,-3.879,-4.278,-4.716,-5.189,-5.681,-6.185,-6.674,-7.110,-7.472,-7.717,-7.821,-7.793,-7.638,-7.383,-7.075,-6.731,-6.378,-6.044,-5.723,-5.432,-5.178,-4.946,-4.755,-4.594
151,5.5189,0.5996,3.5370,1.5753,1.0509,4.6000,-1.952,-1.859,-1.776,-1.710,-1.645,-1.593,-1.542,-1.496,-1.456,-1.413,-1.378,-1.340,-1.306,-1.273,-1.238,-1.209,-1.175,-1.146,-1.115,-1.084,-1.057,-1.026,-1.001,-0.972,-0.946,-0.922,-0.895,-0.876,-0.852,-0.836,-0.819,-0.808,-0.805,-0.807,-0.829,-0.873,-0.971,-1.176,-1.538,-1.751,-1.811,-2.335,-2.574,-1.910,-1.557,-1.392,-0.989,-0.722,-0.584,-0.493,-0.448,-0.406,-0.391,-0.377,-0.382,-0.402,-0.445,-0.542,-0.704,-0.933,-0.995,-0.789,-0.558,-0.413,-0.328,-0.277,-0.245,-0.225,-0.211,-0.204,-0.199,-0.198,-0.199,-0.202,-0.208,-0.215,-0.225,-0.237,-0.252,-0.268,-0.287,-0.310,-0.334,-0.363,-0.395,-0.431,-0.472,-0.518,-0.571,-0.629,-0.695,-0.770,-0.854,-0.950,-1.058,-1.181,-1.319,-1.474,-1.646,-1.833,-2.034,-2.240,-2.443,-2.624,-2.768,-2.859,-2.886,-2.854,-2.770,-2.657,-2.532,-2.414,-2.316,-2.244,-2.207,-2.204,-2.243,-2.325,-2.456,-2.644,-2.900,-3.242,-3.689,-4.275,-5.028,-5.962,-7.009,-7.839,-7.851,-6.808,-5.325,-3.991,-3.043,-2.508,-2.386,-2.729,-3.635,-5.628,-9.831,-12.979,-8.381,-5.227,-3.526,-2.557,-1.969,-1.594,-1.351,-1.188,-1.082,-1.013,-0.974,-0.956,-0.955,-0.969,-0.994,-1.031,-1.077,-1.131,-1.196,-1.269,-1.352,-1.444,-1.546,-1.660,-1.784,-1.923,-2.075,-2.244,-2.431,-2.638,-2.868,-3.124,-3.411,-3.731,-4.092,-4.500,-4.961,-5.488,-6.091,-6.789,-7.602,-8.557,-9.694,-11.052,-12.685,-14.620,-16.804,-19.013,-20.741,-21.533,-21.443,-20.814,-19.966,-19.059,-18.188,-17.426,-16.788,-16.306,-15.982,-15.826,-15.860
155,4.9810,0.4583,3.0932,1.0286,1.0600,4.8000,-2.350,-2.232,-2.119,-2.025,-1.951,-1.872,-1.818,-1.756,-1.705,-1.662,-1.609,-1.576,-1.528,-1.492,-1.455,-1.412,-1.384,-1.339,-1.310,-1.272,-1.235,-1.207,-1.164,-1.140,-1.102,-1.072,-1.048,-1.011,-0.999,-0.968,-0.962,-0.960,-0.965,-1.039,-1.149,-1.530,-2.009,-1.841,-1.391,-1.307,-1.454,-1.879,-2.730,-2.917,-2.140,-1.576,-1.171,-0.810,-0.648,-0.534,-0.462,-0.418,-0.371,-0.350,-0.319,-0.304,-0.289,-0.278,-0.280,-0.282,-0.311,-0.362,-0.459,-0.517,-0.435,-0.322,-0.250,-0.210,-0.187,-0.171,-0.163,-0.155,-0.153,-0.151,-0.151,-0.153,-0.155,-0.160,-0.164,-0.172,-0.179,-0.188,-0.199,-0.209,-0.223,-0.237,-0.253,-0.271,-0.289,-0.311,-0.333,-0.359,-0.386,-0.416,-0.449,-0.484,-0.525,-0.568,-0.616,-0.669,-0.727,-0.793,-0.865,-0.948,-1.040,-1.144,-1.264,-1.399,-1.557,-1.736,-1.945,-2.186,-2.462,-2.779,-3.133,-3.522,-3.925,-4.319,-4.665,-4.926,-5.084,-5.139,-5.132,-5.102,-5.101,-5.167,-5.327,-5.608,-6.002,-6.458,-6.772,-6.600,-5.749,-4.553,-3.550,-3.043,-3.196,-4.232,-6.758,-11.953,-13.238,-7.809,-4.867,-3.333,-2.476,-1.979,-1.681,-1.506,-1.411,-1.367,-1.360,-1.373,-1.395,-1.415,-1.428,-1.432,-1.429,-1.425,-1.426,-1.433,-1.450,-1.476,-1.514,-1.562,-1.620,-1.689,-1.767,-1.858,-1.959,-2.073,-2.201,-2.342,-2.502,-2.678,-2.877,-3.100,-3.350,-3.635,-3.954,-4.322,-4.739,-5.218,-5.771,-6.402,-7.132,-7.956,-8.875,-9.861,-10.821,-11.629,-12.090,-12.094,-11.724,-11.140,-10.528,-9.994,-9.564,-9.263,-9.061,-8.939,-8.892
159,5.1257,0.8639,2.8579,1.7970,0.6877,6.2000,-2.779,-2.773,-2.726,-2.688,-2.637,-2.554,-2.487,-2.418,-2.324,-2.249,-2.178,-2.085,-2.013,-1.944,-1.857,-1.791,-1.728,-1.647,-1.589,-1.531,-1.458,-1.409,-1.355,-1.290,-1.250,-1.202,-1.146,-1.117,-1.075,-1.030,-1.014,-0.982,-0.955,-0.961,-0.950,-0.960,-1.021,-1.078,-1.222,-1.508,-1.961,-2.891,-4.068,-3.920,-2.749,-2.009,-1.563,-1.080,-0.771,-0.641,-0.521,-0.444,-0.405,-0.350,-0.318,-0.298,-0.264,-0.251,-0.242,-0.231,-0.252,-0.264,-0.235,-0.205,-0.183,-0.167,-0.162,-0.157,-0.154,-0.161,-0.167,-0.181,-0.208,-0.243,-0.303,-0.399,-0.538,-0.728,-0.878,-0.851,-0.677,-0.492,-0.359,-0.273,-0.217,-0.181,-0.158,-0.142,-0.133,-0.128,-0.126,-0.126,-0.130,-0.134,-0.141,-0.149,-0.158,-0.170,-0.183,-0.197,-0.213,-0.232,-0.251,-0.274,-0.299,-0.326,-0.358,-0.392,-0.430,-0.474,-0.522,-0.577,-0.641,-0.713,-0.796,-0.895,-1.010,-1.148,-1.316,-1.522,-1.783,-2.120,-2.565,-3.177,-4.051,-5.354,-7.394,-10.714,-15.274,-14.465,-10.545,-8.035,-6.264,-4.742,-3.526,-2.759,-2.448,-2.555,-3.097,-4.209,-6.252,-10.166,-20.135,-17.460,-9.471,-6.032,-4.138,-2.992,-2.263,-1.781,-1.450,-1.222,-1.062,-0.949,-0.875,-0.825,-0.795,-0.784,-0.786,-0.798,-0.823,-0.855,-0.896,-0.947,-1.003,-1.069,-1.145,-1.227,-1.321,-1.429,-1.546,-1.680,-1.832,-2.000,-2.192,-2.410,-2.651,-2.927,-3.239,-3.585,-3.977,-4.411,-4.880,-5.389,-5.920,-6.445,-6.946,-7.379,-7.688,-7.853,-7.857,-7.691,-7.405,-7.044,-6.627,-6.200,-5.793,-5.399,-5.035,-4.716,-4.421
163,5.1034,0.6078,2.9622,1.1478,0.7557,6.2000,-2.325,-2.255,-2.195,-2.132,-2.071,-2.017,-1.960,-1.904,-1.854,-1.800,-1.748,-1.700,-1.647,-1.598,-1.551,-1.500,-1.452,-1.408,-1.358,-1.313,-1.270,-1.224,-1.183,-1.143,-1.101,-1.065,-1.030,-0.994,-0.967,-0.940,-0.914,-0.901,-0.890,-0.886,-0.909,-0.944,-1.017,-1.177,-1.441,-1.973,-2.876,-3.350,-2.580,-1.602,-1.101,-0.835,-0.654,-0.583,-0.519,-0.485,-0.523,-0.564,-0.749,-1.103,-1.186,-0.887,-0.623,-0.537,-0.543,-0.621,-0.834,-1.218,-1.467,-1.218,-0.782,-0.518,-0.375,-0.277,-0.230,-0.193,-0.164,-0.152,-0.136,-0.126,-0.123,-0.116,-0.114,-0.115,-0.113,-0.117,-0.120,-0.122,-0.130,-0.136,-0.143,-0.154,-0.163,-0.174,-0.189,-0.201,-0.218,-0.237,-0.254,-0.277,-0.301,-0.326,-0.356,-0.387,-0.422,-0.462,-0.504,-0.552,-0.607,-0.666,-0.735,-0.813,-0.900,-1.003,-1.120,-1.257,-1.420,-1.611,-1.844,-2.129,-2.480,-2.925,-3.498,-4.249,-5.265,-6.682,-8.738,-11.945,-17.588,-23.659,-15.672,-11.059,-8.392,-6.681,-5.489,-4.557,-3.754,-3.069,-2.530,-2.168,-2.010,-2.062,-2.386,-3.132,-4.624,-7.773,-16.138,-17.407,-8.157,-4.766,-3.103,-2.176,-1.633,-1.298,-1.078,-0.941,-0.854,-0.801,-0.782,-0.782,-0.798,-0.833,-0.876,-0.928,-0.991,-1.056,-1.132,-1.215,-1.302,-1.401,-1.509,-1.625,-1.757,-1.899,-2.056,-2.236,-2.434,-2.656,-2.910,-3.189,-3.501,-3.847,-4.216,-4.616,-5.038,-5.462,-5.889,-6.295,-6.649,-6.944,-7.153,-7.254,-7.263,-7.179,-7.010,-6.796,-6.547,-6.274,-6.011,-5.755,-5.508,-5.294,-5.099,-4.924,-4.788,-4.670,-4.576
167,5.0758,0.6439,3.1052,1.9345,0.7782,5.0000,-2.977,-2.834,-2.691,-2.567,-2.440,-2.332,-2.233,-2.137,-2.059,-1.976,-1.907,-1.840,-1.774,-1.720,-1.658,-1.608,-1.554,-1.502,-1.457,-1.404,-1.364,-1.316,-1.272,-1.233,-1.187,-1.153,-1.110,-1.075,-1.041,-1.004,-0.979,-0.943,-0.923,-0.899,-0.881,-0.878,-0.871,-0.902,-0.942,-1.053,-1.272,-1.713,-2.482,-2.616,-1.834,-1.234,-0.912,-0.710,-0.623,-0.557,-0.529,-0.518,-0.519,-0.555,-0.610,-0.734,-0.938,-1.271,-1.568,-1.427,-1.005,-0.689,-0.521,-0.446,-0.442,-0.495,-0.576,-0.586,-0.486,-0.364,-0.275,-0.214,-0.176,-0.148,-0.129,-0.115,-0.105,-0.099,-0.093,-0.091,-0.089,-0.090,-0.091,-0.093,-0.098,-0.102,-0.108,-0.115,-0.123,-0.133,-0.143,-0.155,-0.168,-0.182,-0.198,-0.215,-0.235,-0.255,-0.278,-0.302,-0.329,-0.358,-0.390,-0.425,-0.464,-0.506,-0.553,-0.604,-0.661,-0.724,-0.795,-0.873,-0.961,-1.059,-1.168,-1.291,-1.423,-1.567,-1.717,-1.865,-2.002,-2.113,-2.186,-2.212,-2.198,-2.158,-2.112,-2.085,-2.091,-2.151,-2.273,-2.473,-2.754,-3.061,-3.196,-2.805,-2.106,-1.711,-1.769,-2.139,-2.766,-3.673,-4.958,-6.784,-9.215,-11.415,-10.857,-8.434,-6.330,-4.886,-3.943,-3.332,-2.929,-2.642,-2.414,-2.209,-2.011,-1.824,-1.653,-1.509,-1.393,-1.307,-1.249,-1.215,-1.204,-1.211,-1.236,-1.277,-1.331,-1.401,-1.482,-1.579,-1.688,-1.812,-1.951,-2.105,-2.278,-2.469,-2.681,-2.917,-3.177,-3.467,-3.788,-4.147,-4.548,-4.995,-5.500,-6.065,-6.704,-7.423,-8.229,-9.128,-10.104,-11.134,-12.139,-12.984,-13.508,-13.562,-13.179,-12.508,-11.707
171,5.2153,0.6475,3.4697,1.4551,1.0159,3.6000,-2.199,-2.016,-1.893,-1.769,-1.688,-1.611,-1.541,-1.497,-1.436,-1.403,-1.359,-1.323,-1.297,-1.255,-1.237,-1.201,-1.178,-1.154,-1.122,-1.107,-1.073,-1.057,-1.032,-1.006,-0.992,-0.961,-0.951,-0.924,-0.908,-0.894,-0.870,-0.869,-0.847,-0.849,-0.845,-0.846,-0.875,-0.892,-0.973,-1.070,-1.244,-1.488,-1.992,-2.857,-2.903,-2.818,-3.585,-3.214,-1.966,-1.275,-0.899,-0.702,-0.584,-0.495,-0.448,-0.397,-0.371,-0.343,-0.321,-0.307,-0.288,-0.282,-0.270,-0.266,-0.265,-0.266,-0.278,-0.280,-0.272,-0.250,-0.236,-0.229,-0.224,-0.226,-0.225,-0.229,-0.233,-0.239,-0.247,-0.254,-0.265,-0.275,-0.289,-0.303,-0.318,-0.337,-0.354,-0.377,-0.400,-0.425,-0.454,-0.483,-0.518,-0.554,-0.595,-0.639,-0.687,-0.741,-0.798,-0.862,-0.930,-1.003,-1.081,-1.161,-1.243,-1.320,-1.393,-1.453,-1.500,-1.531,-1.545,-1.549,-1.544,-1.539,-1.538,-1.545,-1.566,-1.600,-1.653,-1.723,-1.815,-1.932,-2.074,-2.252,-2.465,-2.729,-3.048,-3.432,-3.883,-4.357,-4.739,-4.758,-4.192,-3.222,-2.376,-1.979,-1.961,-2.284,-3.120,-4.637,-7.023,-10.137,-11.085,-8.433,-5.853,-4.126,-3.013,-2.286,-1.805,-1.479,-1.257,-1.105,-1.000,-0.932,-0.888,-0.864,-0.854,-0.856,-0.869,-0.889,-0.916,-0.949,-0.988,-1.033,-1.083,-1.139,-1.200,-1.267,-1.342,-1.422,-1.512,-1.610,-1.718,-1.839,-1.972,-2.123,-2.292,-2.483,-2.702,-2.952,-3.244,-3.583,-3.986,-4.465,-5.045,-5.759,-6.646,-7.776,-9.224,-11.100,-13.461,-16.071,-17.662,-16.726,-14.586,-12.561,-10.951,-9.694,-8.735,-8.004,-7.453
175,5.5884,0.8572,3.5629,0.4754,0.7150,6.0000,-1.784,-1.714,-1.632,-1.567,-1.509,-1.442,-1.399,-1.340,-1.294,-1.252,-1.200,-1.168,-1.119,-1.084,-1.050,-1.006,-0.982,-0.940,-0.914,-0.886,-0.851,-0.839,-0.804,-0.794,-0.782,-0.767,-0.794,-0.802,-0.895,-1.057,-1.459,-2.427,-2.801,-1.953,-1.438,-1.428,-1.655,-2.369,-2.893,-2.282,-1.431,-0.972,-0.729,-0.591,-0.510,-0.438,-0.390,-0.360,-0.338,-0.325,-0.320,-0.322,-0.339,-0.371,-0.433,-0.558,-0.779,-1.189,-1.529,-1.291,-0.813,-0.530,-0.373,-0.285,-0.238,-0.201,-0.186,-0.170,-0.163,-0.160,-0.156,-0.160,-0.160,-0.167,-0.174,-0.181,-0.193,-0.203,-0.219,-0.235,-0.252,-0.275,-0.296,-0.323,-0.351,-0.384,-0.421,-0.460,-0.508,-0.557,-0.615,-0.681,-0.754,-0.840,-0.934,-1.046,-1.174,-1.322,-1.499,-1.703,-1.948,-2.238,-2.584,-2.999,-3.482,-4.047,-4.672,-5.328,-5.955,-6.470,-6.843,-7.076,-7.270,-7.523,-7.944,-8.657,-9.778,-11.566,-14.499,-20.115,-33.256,-18.403,-12.634,-9.271,-7.028,-5.428,-4.281,-3.439,-2.824,-2.397,-2.101,-1.954,-1.949,-2.144,-2.715,-3.986,-6.980,-10.685,-6.965,-3.811,-2.378,-1.640,-1.249,-1.022,-0.876,-0.800,-0.745,-0.724,-0.719,-0.725,-0.751,-0.778,-0.823,-0.872,-0.930,-1.002,-1.076,-1.167,-1.263,-1.371,-1.495,-1.624,-1.776,-1.939,-2.121,-2.325,-2.547,-2.802,-3.080,-3.395,-3.750,-4.141,-4.584,-5.059,-5.565,-6.085,-6.583,-7.059,-7.473,-7.819,-8.096,-8.278,-8.390,-8.420,-8.382,-8.306,-8.182,-8.051,-7.910,-7.756,-7.603,-7.410,-7.197,-6.975,-6.771,-6.627,-6.522,-6.478,-6.475,-6.505,-6.579
179,5.5091,0.6275,3.7413,0.8018,0.8395,8.6000,-1.792,-1.797,-1.740,-1.683,-1.684,-1.703,-1.664,-1.593,-1.573,-1.602,-1.595,-1.531,-1.499,-1.547,-1.604,-1.598,-1.602,-1.739,-2.005,-2.308,-2.730,-3.679,-5.853,-10.719,-23.543,-11.326,-6.123,-3.858,-2.899,-2.467,-2.115,-1.850,-1.961,-2.616,-3.556,-3.939,-3.244,-2.172,-1.423,-1.086,-0.951,-0.825,-0.690,-0.610,-0.583,-0.552,-0.498,-0.457,-0.446,-0.438,-0.413,-0.389,-0.384,-0.387,-0.379,-0.367,-0.369,-0.380,-0.386,-0.386,-0.396,-0.416,-0.436,-0.451,-0.473,-0.507,-0.544,-0.581,-0.623,-0.680,-0.746,-0.817,-0.898,-0.998,-1.119,-1.258,-1.419,-1.616,-1.859,-2.153,-2.510,-2.955,-3.523,-4.246,-5.172,-6.371,-7.937,-9.928,-12.125,-13.332,-12.204,-9.957,-7.886,-6.255,-5.009,-4.055,-3.324,-2.764,-2.331,-1.986,-1.702,-1.465,-1.265,-1.096,-0.960,-0.872,-0.843,-0.873,-0.953,-1.090,-1.314,-1.666,-2.199,-3.017,-4.354,-6.674,-11.044,-22.508,-16.729,-9.665,-6.499,-4.757,-3.700,-3.007,-2.539,-2.231,-2.030,-1.889,-1.791,-1.740,-1.726,-1.731,-1.745,-1.776,-1.820,-1.857,-1.871,-1.860,-1.821,-1.740,-1.613,-1.464,-1.317,-1.187,-1.079,-1.009,-0.989,-1.018,-1.088,-1.202,-1.370,-1.587,-1.827,-2.053,-2.230,-2.336,-2.367,-2.360,-2.367,-2.421,-2.524,-2.671,-2.871,-3.133,-3.454,-3.820,-4.231,-4.697,-5.213,-5.749,-6.266,-6.730,-7.112,-7.376,-7.497,-7.480,-7.365,-7.193,-6.976,-6.714,-6.431,-6.177,-5.994,-5.883,-5.835,-5.858,-5.983,-6.221,-6.543,-6.907,-7.275,-7.601,-7.802,-7.781,-7.494,-7.002,-6.426,-5.852,-5.305,-4.783,-4.307
183,5.4118,0.7211,3.0602,1.6922,1.0415,8.8000,-1.700,-1.728,-1.710,-1.696,-1.715,-1.688,-1.673,-1.681,-1.645,-1.629,-1.625,-1.582,-1.563,-1.548,-1.501,-1.481,-1.457,-1.408,-1.388,-1.358,-1.310,-1.293,-1.259,-1.217,-1.204,-1.171,-1.140,-1.137,-1.114,-1.103,-1.122,-1.128,-1.166,-1.253,-1.359,-1.573,-1.970,-2.637,-4.007,-6.492,-8.015,-5.684,-3.422,-2.279,-1.652,-1.256,-1.054,-0.899,-0.774,-0.726,-0.660,-0.609,-0.612,-0.578,-0.574,-0.622,-0.626,-0.724,-0.915,-1.184,-2.030,-3.190,-2.772,-1.487,-0.868,-0.673,-0.519,-0.471,-0.459,-0.426,-0.440,-0.451,-0.453,-0.487,-0.511,-0.538,-0.588,-0.628,-0.681,-0.753,-0.821,-0.911,-1.020,-1.136,-1.286,-1.464,-1.671,-1.937,-2.261,-2.663,-3.187,-3.860,-4.750,-5.975,-7.691,-10.248,-14.492,-22.927,-19.647,-12.665,-8.928,-6.554,-4.932,-3.789,-2.958,-2.343,-1.888,-1.542,-1.279,-1.084,-0.935,-0.827,-0.757,-0.715,-0.705,-0.732,-0.795,-0.912,-1.102,-1.396,-1.858,-2.597,-3.800,-5.854,-9.556,-16.890,-16.788,-10.131,-6.863,-5.021,-3.890,-3.161,-2.666,-2.320,-2.080,-1.904,-1.779,-1.693,-1.630,-1.590,-1.567,-1.550,-1.544,-1.539,-1.527,-1.510,-1.477,-1.423,-1.352,-1.257,-1.149,-1.039,-0.933,-0.850,-0.797,-0.772,-0.786,-0.831,-0.903,-1.005,-1.126,-1.262,-1.414,-1.569,-1.725,-1.884,-2.035,-2.189,-2.358,-2.546,-2.782,-3.082,-3.454,-3.927,-4.511,-5.203,-6.024,-6.960,-7.977,-9.060,-10.129,-11.044,-11.675,-11.878,-11.606,-11.017,-10.287,-9.511,-8.788,-8.164,-7.618,-7.171,-6.832,-6.566,-6.393,-6.319,-6.315,-6.412,-6.622,-6.920,-7.355
187,5.3641,0.7845,2.7200,1.3938,0.6703,8.4000,-1.885,-1.821,-1.773,-1.824,-1.802,-1.718,-1.730,-1.743,-1.659,-1.622,-1.646,-1.587,-1.513,-1.522,-1.497,-1.410,-1.390,-1.391,-1.315,-1.265,-1.277,-1.229,-1.162,-1.170,-1.160,-1.094,-1.094,-1.124,-1.090,-1.094,-1.183,-1.238,-1.319,-1.582,-1.976,-2.598,-3.994,-6.459,-7.714,-5.496,-3.325,-2.163,-1.580,-1.221,-0.979,-0.834,-0.741,-0.657,-0.589,-0.555,-0.524,-0.482,-0.463,-0.460,-0.436,-0.420,-0.434,-0.430,-0.415,-0.439,-0.460,-0.452,-0.483,-0.538,-0.553,-0.599,-0.710,-0.792,-0.898,-1.167,-1.516,-2.039,-3.335,-5.447,-5.515,-3.239,-1.732,-1.234,-1.105,-1.019,-1.068,-1.228,-1.381,-1.595,-1.938,-2.357,-2.891,-3.685,-4.815,-6.437,-9.034,-13.633,-20.518,-14.379,-9.051,-6.008,-4.161,-2.979,-2.192,-1.688,-1.384,-1.205,-1.134,-1.180,-1.330,-1.594,-2.031,-2.705,-3.697,-5.189,-7.505,-11.253,-18.382,-23.776,-14.173,-9.980,-7.581,-6.018,-4.951,-4.204,-3.650,-3.231,-2.924,-2.685,-2.486,-2.327,-2.187,-2.035,-1.868,-1.678,-1.446,-1.191,-0.948,-0.731,-0.556,-0.441,-0.373,-0.336,-0.332,-0.354,-0.384,-0.427,-0.487,-0.550,-0.616,-0.698,-0.786,-0.873,-0.971,-1.077,-1.176,-1.276,-1.384,-1.488,-1.605,-1.771,-2.001,-2.325,-2.797,-3.461,-4.371,-5.658,-7.551,-10.458,-15.476,-23.170,-15.462,-10.242,-7.266,-5.392,-4.196,-3.456,-3.018,-2.804,-2.786,-2.919,-3.156,-3.489,-3.885,-4.270,-4.613,-4.921,-5.163,-5.345,-5.531,-5.730,-5.912,-6.112,-6.342,-6.540,-6.682,-6.796,-6.847,-6.780,-6.643,-6.488,-6.288,-6.048,-5.839,-5.658,-5.447
191,5.4471,0.4116,2.8361,1.5860,0.7076,3.8000,-2.045,-1.928,-1.817,-1.746,-1.671,-1.615,-1.571,-1.520,-1.492,-1.450,-1.423,-1.395,-1.363,-1.346,-1.312,-1.295,-1.268,-1.243,-1.227,-1.195,-1.181,-1.152,-1.132,-1.113,-1.083,-1.072,-1.041,-1.029,-1.009,-0.988,-0.984,-0.962,-0.972,-0.969,-0.993,-1.049,-1.132,-1.364,-1.769,-2.782,-3.859,-3.006,-1.766,-1.248,-0.981,-0.812,-0.696,-0.614,-0.570,-0.521,-0.494,-0.464,-0.442,-0.427,-0.411,-0.415,-0.434,-0.497,-0.547,-0.527,-0.489,-0.460,-0.446,-0.432,-0.408,-0.371,-0.335,-0.316,-0.305,-0.302,-0.303,-0.306,-0.313,-0.320,-0.330,-0.341,-0.355,-0.371,-0.387,-0.408,-0.429,-0.454,-0.481,-0.510,-0.544,-0.579,-0.619,-0.662,-0.709,-0.761,-0.816,-0.878,-0.944,-1.017,-1.096,-1.182,-1.276,-1.376,-1.487,-1.605,-1.734,-1.872,-2.021,-2.180,-2.348,-2.527,-2.711,-2.901,-3.093,-3.281,-3.461,-3.626,-3.771,-3.888,-3.977,-4.035,-4.064,-4.072,-4.063,-4.049,-4.038,-4.038,-4.056,-4.094,-4.152,-4.215,-4.263,-4.253,-4.128,-3.840,-3.381,-2.819,-2.266,-1.834,-1.593,-1.583,-1.848,-2.470,-3.631,-5.678,-8.999,-11.361,-8.438,-5.423,-3.608,-2.549,-1.920,-1.538,-1.306,-1.169,-1.096,-1.066,-1.067,-1.091,-1.133,-1.189,-1.256,-1.332,-1.417,-1.509,-1.611,-1.721,-1.841,-1.973,-2.116,-2.275,-2.447,-2.637,-2.845,-3.075,-3.327,-3.604,-3.912,-4.250,-4.628,-5.045,-5.510,-6.032,-6.613,-7.270,-8.010,-8.849,-9.806,-10.890,-12.132,-13.523,-15.042,-16.561,-17.729,-18.104,-17.519,-16.348,-15.055,-13.833,-12.771,-11.882,-11.135,-10.538,-10.056,-9.685,-9.418
195,4.4583,0.5571,2.7904,1.3411,0.7341,6.8000,-1.308,-0.767,-0.550,-0.449,-0.380,-0.353,-0.334,-0.320,-0.319,-0.313,-0.311,-0.317,-0.314,-0.315,-0.325,-0.325,-0.327,-0.339,-0.342,-0.344,-0.357,-0.363,-0.365,-0.379,-0.390,-0.393,-0.409,-0.425,-0.433,-0.453,-0.480,-0.501,-0.535,-0.592,-0.658,-0.758,-0.923,-1.103,-1.171,-1.060,-0.862,-0.718,-0.653,-0.608,-0.578,-0.581,-0.586,-0.583,-0.612,-0.657,-0.686,-0.781,-1.014,-1.211,-1.122,-0.864,-0.737,-0.767,-0.784,-0.827,-1.050,-1.313,-1.289,-1.035,-0.857,-0.818,-0.807,-0.795,-0.807,-0.824,-0.835,-0.854,-0.877,-0.896,-0.920,-0.947,-0.973,-1.001,-1.033,-1.066,-1.102,-1.142,-1.185,-1.233,-1.286,-1.347,-1.418,-1.500,-1.596,-1.710,-1.841,-1.985,-2.135,-2.275,-2.388,-2.471,-2.525,-2.557,-2.581,-2.606,-2.633,-2.669,-2.717,-2.771,-2.836,-2.916,-3.003,-3.101,-3.217,-3.344,-3.484,-3.647,-3.827,-4.024,-4.253,-4.512,-4.793,-5.117,-5.483,-5.876,-6.306,-6.767,-7.205,-7.587,-7.862,-7.912,-7.709,-7.292,-6.680,-5.987,-5.329,-4.713,-4.175,-3.779,-3.489,-3.290,-3.267,-3.444,-3.849,-4.854,-7.204,-11.888,-16.248,-12.685,-10.461,-9.614,-9.095,-8.757,-8.517,-8.156,-7.755,-7.406,-7.019,-6.632,-6.325,-6.043,-5.769,-5.572,-5.432,-5.313,-5.269,-5.306,-5.361,-5.427,-5.505,-5.530,-5.497,-5.467,-5.429,-5.367,-5.329,-5.322,-5.303,-5.296,-5.328,-5.358,-5.379,-5.432,-5.495,-5.531,-5.582,-5.653,-5.694,-5.722,-5.776,-5.810,-5.808,-5.827,-5.845,-5.816,-5.792,-5.789,-5.744,-5.682,-5.653,-5.601,-5.514,-5.460,-5.408,-5.310,-5.235
199,5.2643,0.5923,3.2877,0.7419,0.7645,7.0000,-1.921,-1.880,-1.871,-1.863,-1.821,-1.795,-1.792,-1.757,-1.718,-1.712,-1.691,-1.648,-1.637,-1.634,-1.603,-1.593,-1.615,-1.617,-1.628,-1.694,-1.772,-1.863,-2.047,-2.331,-2.717,-3.358,-4.474,-6.382,-10.003,-18.933,-16.569,-9.264,-6.146,-4.468,-3.709,-3.911,-4.492,-3.939,-2.544,-1.630,-1.289,-1.082,-0.879,-0.784,-0.733,-0.652,-0.609,-0.587,-0.516,-0.457,-0.452,-0.434,-0.400,-0.406,-0.415,-0.402,-0.425,-0.478,-0.521,-0.636,-0.866,-1.011,-0.884,-0.634,-0.476,-0.428,-0.417,-0.417,-0.438,-0.474,-0.514,-0.565,-0.634,-0.717,-0.814,-0.938,-1.093,-1.282,-1.519,-1.821,-2.199,-2.671,-3.268,-4.002,-4.875,-5.879,-6.945,-7.931,-8.677,-9.059,-9.069,-8.851,-8.554,-8.256,-8.026,-7.892,-7.844,-7.892,-8.046,-8.288,-8.611,-9.020,-9.470,-9.894,-10.219,-10.300,-10.016,-9.383,-8.484,-7.448,-6.417,-5.457,-4.591,-3.846,-3.218,-2.685,-2.243,-1.887,-1.590,-1.345,-1.153,-0.998,-0.868,-0.771,-0.700,-0.638,-0.598,-0.582,-0.571,-0.573,-0.605,-0.649,-0.708,-0.826,-0.998,-1.209,-1.509,-1.928,-2.520,-3.610,-5.606,-7.798,-7.614,-6.140,-5.340,-5.073,-4.852,-4.576,-4.245,-3.817,-3.393,-3.051,-2.759,-2.521,-2.366,-2.261,-2.181,-2.154,-2.166,-2.188,-2.242,-2.334,-2.435,-2.555,-2.713,-2.888,-3.073,-3.295,-3.544,-3.798,-4.078,-4.388,-4.696,-5.003,-5.323,-5.623,-5.875,-6.092,-6.262,-6.342,-6.345,-6.296,-6.177,-5.990,-5.778,-5.553,-5.298,-5.040,-4.804,-4.569,-4.334,-4.130,-3.945,-3.759,-3.599,-3.471,-3.352,-3.258,-3.219,-3.218,-3.261
203,4.7360,0.4876,2.6582,0.4472,0.8645,7.6000,-1.758,-1.779,-1.804,-1.794,-1.794,-1.816,-1.811,-1.791,-1.797,-1.795,-1.763,-1.747,-1.741,-1.706,-1.669,-1.653,-1.621,-1.573,-1.545,-1.518,-1.469,-1.432,-1.411,-1.373,-1.336,-1.324,-1.308,-1.287,-1.296,-1.321,-1.347,-1.416,-1.543,-1.715,-2.004,-2.519,-3.377,-4.982,-8.420,-16.312,-12.645,-6.534,-3.863,-2.673,-2.100,-1.716,-1.377,-1.095,-0.907,-0.783,-0.675,-0.589,-0.538,-0.488,-0.438,-0.412,-0.391,-0.359,-0.344,-0.341,-0.323,-0.313,-0.322,-0.319,-0.313,-0.333,-0.348,-0.350,-0.380,-0.421,-0.441,-0.490,-0.578,-0.649,-0.758,-0.974,-1.243,-1.664,-2.528,-3.473,-3.178,-1.942,-1.075,-0.780,-0.700,-0.652,-0.690,-0.776,-0.839,-0.921,-1.035,-1.128,-1.210,-1.312,-1.399,-1.462,-1.540,-1.627,-1.710,-1.831,-2.020,-2.277,-2.650,-3.218,-4.039,-5.208,-6.920,-9.473,-13.453,-21.061,-27.690,-16.662,-12.354,-9.838,-8.150,-6.976,-6.119,-5.456,-5.027,-4.949,-5.349,-6.534,-9.372,-16.487,-16.546,-8.700,-5.325,-3.710,-2.872,-2.373,-2.080,-1.925,-1.824,-1.760,-1.749,-1.761,-1.778,-1.824,-1.892,-1.959,-2.043,-2.150,-2.257,-2.367,-2.497,-2.624,-2.735,-2.848,-2.944,-3.000,-3.028,-3.027,-2.972,-2.880,-2.770,-2.627,-2.467,-2.317,-2.168,-2.017,-1.892,-1.786,-1.685,-1.606,-1.553,-1.505,-1.471,-1.466,-1.468,-1.475,-1.508,-1.556,-1.604,-1.673,-1.767,-1.860,-1.968,-2.110,-2.261,-2.419,-2.616,-2.840,-3.068,-3.332,-3.641,-3.954,-4.271,-4.616,-4.945,-5.211,-5.444,-5.640,-5.736,-5.745,-5.719,-5.631,-5.454,-5.258,-5.068,-4.834,-4.580
207,4.7598,0.5265,3.0694,1.0719,1.0145,3.8000,-3.629,-3.239,-2.918,-2.642,-2.432,-2.255,-2.109,-1.996,-1.890,-1.811,-1.735,-1.670,-1.618,-1.560,-1.519,-1.472,-1.431,-1.396,-1.353,-1.324,-1.284,-1.254,-1.221,-1.186,-1.160,-1.123,-1.098,-1.066,-1.036,-1.013,-0.979,-0.960,-0.930,-0.909,-0.891,-0.868,-0.863,-0.847,-0.857,-0.871,-0.913,-1.023,-1.218,-1.642,-1.860,-1.466,-1.049,-0.866,-0.788,-0.784,-0.854,-1.006,-1.326,-1.677,-1.490,-0.952,-0.629,-0.470,-0.379,-0.336,-0.297,-0.280,-0.261,-0.248,-0.240,-0.230,-0.228,-0.221,-0.220,-0.219,-0.219,-0.224,-0.226,-0.229,-0.223,-0.220,-0.220,-0.222,-0.228,-0.232,-0.240,-0.247,-0.256,-0.266,-0.275,-0.288,-0.299,-0.313,-0.327,-0.342,-0.359,-0.375,-0.394,-0.413,-0.433,-0.455,-0.477,-0.503,-0.527,-0.555,-0.584,-0.614,-0.646,-0.680,-0.716,-0.754,-0.795,-0.838,-0.884,-0.934,-0.986,-1.044,-1.104,-1.170,-1.240,-1.315,-1.397,-1.484,-1.578,-1.677,-1.782,-1.894,-2.012,-2.140,-2.278,-2.432,-2.611,-2.822,-3.082,-3.403,-3.801,-4.267,-4.711,-4.856,-4.310,-3.218,-2.278,-1.865,-1.935,-2.379,-3.188,-4.468,-6.524,-10.016,-16.002,-14.964,-9.231,-5.996,-4.124,-2.991,-2.279,-1.823,-1.523,-1.324,-1.194,-1.107,-1.055,-1.025,-1.014,-1.015,-1.026,-1.048,-1.074,-1.107,-1.145,-1.187,-1.235,-1.284,-1.341,-1.399,-1.463,-1.532,-1.605,-1.686,-1.771,-1.866,-1.968,-2.079,-2.204,-2.338,-2.493,-2.663,-2.858,-3.081,-3.338,-3.643,-4.000,-4.436,-4.965,-5.625,-6.466,-7.549,-9.006,-11.004,-13.918,-18.454,-23.652,-19.186,-14.479,-11.521,-9.552
211,5.1405,0.6901,3.1433,1.9616,0.6870,5.0000,-3.120,-2.955,-2.789,-2.648,-2.502,-2.382,-2.270,-2.162,-2.078,-1.986,-1.912,-1.840,-1.768,-1.712,-1.645,-1.594,-1.537,-1.483,-1.439,-1.383,-1.344,-1.294,-1.251,-1.212,-1.165,-1.133,-1.089,-1.056,-1.022,-0.985,-0.962,-0.925,-0.908,-0.883,-0.866,-0.864,-0.856,-0.888,-0.925,-1.037,-1.253,-1.692,-2.454,-2.556,-1.777,-1.192,-0.881,-0.689,-0.602,-0.538,-0.505,-0.488,-0.479,-0.494,-0.520,-0.583,-0.694,-0.882,-1.171,-1.364,-1.183,-0.824,-0.589,-0.469,-0.430,-0.455,-0.526,-0.626,-0.650,-0.556,-0.420,-0.311,-0.238,-0.188,-0.156,-0.133,-0.117,-0.106,-0.097,-0.093,-0.089,-0.088,-0.088,-0.089,-0.092,-0.095,-0.101,-0.107,-0.114,-0.123,-0.132,-0.143,-0.154,-0.168,-0.182,-0.198,-0.216,-0.234,-0.255,-0.277,-0.302,-0.329,-0.357,-0.390,-0.424,-0.462,-0.504,-0.550,-0.602,-0.657,-0.721,-0.790,-0.868,-0.956,-1.053,-1.162,-1.282,-1.414,-1.555,-1.699,-1.839,-1.961,-2.052,-2.098,-2.100,-2.066,-2.014,-1.974,-1.959,-1.992,-2.083,-2.245,-2.489,-2.782,-2.987,-2.731,-2.072,-1.635,-1.637,-1.920,-2.400,-3.075,-3.989,-5.251,-6.979,-9.231,-11.300,-11.106,-8.962,-6.891,-5.403,-4.399,-3.735,-3.279,-2.943,-2.668,-2.415,-2.179,-1.958,-1.765,-1.604,-1.476,-1.384,-1.321,-1.287,-1.276,-1.286,-1.316,-1.361,-1.425,-1.501,-1.593,-1.700,-1.820,-1.958,-2.110,-2.281,-2.470,-2.679,-2.911,-3.165,-3.449,-3.760,-4.107,-4.491,-4.914,-5.389,-5.912,-6.497,-7.142,-7.850,-8.625,-9.442,-10.288,-11.104,-11.804,-12.311,-12.511,-12.404,-12.039,-11.493
215,5.5057,0.7338,3.6157,0.4110,1.2311,7.0000,-1.769,-1.720,-1.710,-1.651,-1.596,-1.585,-1.535,-1.477,-1.465,-1.425,-1.367,-1.357,-1.329,-1.277,-1.272,-1.263,-1.225,-1.235,-1.259,-1.257,-1.312,-1.420,-1.529,-1.761,-2.196,-2.877,-4.234,-7.049,-10.528,-8.217,-4.764,-2.949,-2.073,-1.539,-1.198,-1.025,-0.887,-0.762,-0.720,-0.684,-0.624,-0.652,-0.709,-0.758,-1.088,-1.661,-1.695,-1.090,-0.641,-0.522,-0.461,-0.404,-0.405,-0.407,-0.405,-0.431,-0.463,-0.508,-0.585,-0.708,-0.909,-1.058,-0.955,-0.731,-0.628,-0.630,-0.649,-0.703,-0.790,-0.878,-0.996,-1.149,-1.322,-1.540,-1.820,-2.158,-2.587,-3.144,-3.846,-4.750,-5.939,-7.484,-9.524,-12.315,-16.243,-21.646,-22.765,-18.172,-14.963,-12.875,-11.455,-10.481,-9.790,-9.289,-8.935,-8.664,-8.428,-8.207,-7.957,-7.646,-7.277,-6.838,-6.339,-5.812,-5.274,-4.744,-4.251,-3.799,-3.396,-3.053,-2.768,-2.539,-2.374,-2.274,-2.239,-2.284,-2.419,-2.653,-2.992,-3.394,-3.731,-3.814,-3.543,-3.030,-2.478,-2.006,-1.637,-1.367,-1.176,-1.041,-0.954,-0.908,-0.892,-0.908,-0.960,-1.049,-1.186,-1.396,-1.707,-2.166,-2.875,-3.866,-4.884,-5.498,-5.615,-5.421,-5.007,-4.486,-3.985,-3.530,-3.130,-2.812,-2.572,-2.394,-2.286,-2.234,-2.217,-2.244,-2.307,-2.392,-2.505,-2.650,-2.809,-2.991,-3.201,-3.422,-3.657,-3.912,-4.168,-4.417,-4.666,-4.893,-5.078,-5.231,-5.337,-5.376,-5.365,-5.313,-5.207,-5.066,-4.917,-4.748,-4.571,-4.412,-4.261,-4.115,-4.001,-3.909,-3.827,-3.781,-3.767,-3.767,-3.806,-3.887,-3.987,-4.133,-4.336,-4.569,-4.856,-5.219,-5.613
219,5.5269,0.5181,4.2103,0.9742,0.9956,4.4000,-1.340,-1.288,-1.288,-1.245,-1.231,-1.216,-1.178,-1.183,-1.141,-1.141,-1.119,-1.096,-1.103,-1.067,-1.085,-1.068,-1.080,-1.115,-1.136,-1.260,-1.393,-1.763,-2.498,-4.342,-9.169,-9.344,-4.695,-2.821,-1.988,-1.552,-1.316,-1.160,-1.072,-1.021,-1.020,-1.064,-1.231,-1.573,-2.398,-3.203,-2.515,-1.504,-1.043,-0.794,-0.675,-0.583,-0.506,-0.472,-0.428,-0.415,-0.397,-0.393,-0.406,-0.425,-0.493,-0.604,-0.824,-1.024,-0.917,-0.649,-0.469,-0.373,-0.316,-0.288,-0.269,-0.259,-0.256,-0.256,-0.262,-0.269,-0.282,-0.298,-0.318,-0.345,-0.375,-0.415,-0.464,-0.525,-0.605,-0.707,-0.846,-1.032,-1.290,-1.631,-2.014,-2.257,-2.108,-1.667,-1.238,-0.947,-0.779,-0.691,-0.655,-0.652,-0.673,-0.711,-0.763,-0.827,-0.904,-0.994,-1.097,-1.215,-1.352,-1.508,-1.689,-1.900,-2.147,-2.440,-2.788,-3.209,-3.723,-4.357,-5.151,-6.155,-7.438,-9.065,-11.015,-12.801,-13.026,-11.301,-9.073,-7.155,-5.662,-4.548,-3.736,-3.167,-2.798,-2.596,-2.545,-2.607,-2.716,-2.758,-2.724,-2.892,-3.701,-5.791,-9.148,-8.613,-5.442,-3.501,-2.427,-1.812,-1.440,-1.201,-1.051,-0.949,-0.888,-0.851,-0.833,-0.832,-0.838,-0.859,-0.885,-0.920,-0.963,-1.010,-1.067,-1.127,-1.198,-1.277,-1.367,-1.476,-1.607,-1.779,-2.002,-2.289,-2.635,-3.007,-3.383,-3.744,-4.107,-4.487,-4.902,-5.378,-5.921,-6.565,-7.328,-8.247,-9.383,-10.793,-12.609,-14.988,-18.116,-21.907,-24.253,-23.570,-22.931,-23.577,-25.292,-26.612,-24.849,-21.634,-18.882,-16.762,-15.078,-13.766,-12.702,-11.832,-11.136,-10.549,-10.088
223,4.6463,0.7150,2.7961,1.9992,0.6919,6.0000,-2.173,-2.248,-2.321,-2.372,-2.426,-2.458,-2.478,-2.494,-2.484,-2.476,-2.451,-2.415,-2.382,-2.328,-2.281,-2.224,-2.162,-2.105,-2.034,-1.974,-1.906,-1.838,-1.776,-1.704,-1.645,-1.578,-1.517,-1.461,-1.397,-1.349,-1.291,-1.245,-1.201,-1.156,-1.128,-1.091,-1.077,-1.066,-1.070,-1.111,-1.171,-1.328,-1.587,-2.093,-2.843,-3.200,-2.832,-2.038,-1.317,-0.937,-0.734,-0.601,-0.523,-0.461,-0.419,-0.387,-0.361,-0.346,-0.335,-0.332,-0.340,-0.356,-0.393,-0.458,-0.570,-0.783,-1.160,-1.838,-2.436,-2.101,-1.369,-0.933,-0.712,-0.631,-0.641,-0.725,-0.907,-1.172,-1.472,-1.606,-1.452,-1.142,-0.846,-0.628,-0.472,-0.365,-0.288,-0.232,-0.192,-0.160,-0.137,-0.118,-0.105,-0.095,-0.086,-0.081,-0.076,-0.075,-0.074,-0.073,-0.076,-0.077,-0.082,-0.086,-0.092,-0.099,-0.106,-0.116,-0.124,-0.136,-0.148,-0.160,-0.176,-0.191,-0.209,-0.228,-0.249,-0.273,-0.298,-0.329,-0.360,-0.397,-0.440,-0.488,-0.548,-0.615,-0.704,-0.813,-0.953,-1.134,-1.334,-1.538,-1.706,-1.915,-2.246,-2.788,-3.392,-3.043,-2.018,-1.460,-1.345,-1.399,-1.578,-1.815,-2.137,-2.551,-3.079,-3.793,-4.744,-6.095,-8.080,-11.242,-17.305,-27.396,-14.822,-9.680,-6.770,-4.905,-3.667,-2.808,-2.209,-1.786,-1.477,-1.262,-1.103,-0.995,-0.922,-0.873,-0.855,-0.848,-0.866,-0.896,-0.940,-1.004,-1.073,-1.162,-1.255,-1.359,-1.470,-1.580,-1.704,-1.823,-1.960,-2.106,-2.267,-2.457,-2.660,-2.906,-3.178,-3.493,-3.859,-4.262,-4.741,-5.265,-5.863,-6.531,-7.238,-8.011,-8.755,-9.440,-9.977
227,5.5008,0.9869,3.0463,1.7118,0.6541,7.2000,-2.162,-2.123,-2.087,-2.047,-2.005,-1.964,-1.923,-1.880,-1.839,-1.799,-1.758,-1.721,-1.686,-1.652,-1.624,-1.599,-1.579,-1.568,-1.565,-1.574,-1.599,-1.646,-1.721,-1.840,-2.025,-2.309,-2.759,-3.503,-4.782,-7.176,-12.383,-30.950,-11.975,-6.858,-4.463,-3.144,-2.353,-1.860,-1.521,-1.280,-1.112,-0.976,-0.872,-0.795,-0.725,-0.671,-0.632,-0.588,-0.557,-0.533,-0.510,-0.503,-0.497,-0.489,-0.502,-0.513,-0.530,-0.578,-0.627,-0.711,-0.868,-1.092,-1.588,-2.447,-3.176,-3.774,-5.059,-5.979,-4.417,-2.583,-1.578,-1.062,-0.781,-0.646,-0.565,-0.529,-0.534,-0.548,-0.589,-0.657,-0.736,-0.853,-1.005,-1.192,-1.450,-1.784,-2.222,-2.821,-3.626,-4.715,-6.213,-8.195,-10.618,-12.651,-12.392,-10.443,-8.444,-6.870,-5.704,-4.819,-4.153,-3.652,-3.255,-2.952,-2.719,-2.528,-2.386,-2.280,-2.194,-2.142,-2.109,-2.089,-2.099,-2.119,-2.152,-2.214,-2.279,-2.359,-2.461,-2.551,-2.645,-2.726,-2.748,-2.723,-2.611,-2.392,-2.126,-1.809,-1.494,-1.248,-1.046,-0.924,-0.915,-0.965,-1.164,-1.605,-2.379,-4.170,-7.502,-7.554,-4.399,-2.780,-2.216,-1.966,-1.924,-2.005,-2.066,-2.164,-2.249,-2.261,-2.272,-2.238,-2.159,-2.100,-2.021,-1.943,-1.905,-1.862,-1.844,-1.865,-1.886,-1.941,-2.030,-2.120,-2.249,-2.407,-2.567,-2.775,-3.012,-3.263,-3.575,-3.921,-4.291,-4.730,-5.198,-5.680,-6.210,-6.724,-7.178,-7.587,-7.865,-7.959,-7.924,-7.736,-7.400,-7.024,-6.614,-6.168,-5.763,-5.388,-5.016,-4.706,-4.432,-4.166,-3.960,-3.780,-3.605,-3.487,-3.384,-3.285,-3.243
231,4.8750,0.4313,3.3137,1.6652,0.7505,5.8000,-2.199,-2.154,-2.100,-2.037,-2.010,-1.966,-1.918,-1.901,-1.858,-1.821,-1.806,-1.761,-1.732,-1.712,-1.664,-1.640,-1.613,-1.564,-1.543,-1.507,-1.459,-1.440,-1.396,-1.354,-1.334,-1.286,-1.252,-1.233,-1.184,-1.164,-1.145,-1.103,-1.103,-1.088,-1.067,-1.098,-1.101,-1.133,-1.231,-1.306,-1.499,-1.831,-2.277,-3.372,-4.932,-5.030,-4.715,-6.457,-11.431,-13.594,-7.998,-4.810,-3.193,-2.292,-1.710,-1.349,-1.099,-0.903,-0.773,-0.665,-0.575,-0.517,-0.465,-0.433,-0.405,-0.354,-0.311,-0.280,-0.247,-0.227,-0.208,-0.187,-0.176,-0.161,-0.148,-0.141,-0.130,-0.123,-0.119,-0.111,-0.110,-0.107,-0.104,-0.106,-0.105,-0.106,-0.111,-0.113,-0.118,-0.125,-0.130,-0.140,-0.150,-0.159,-0.173,-0.186,-0.201,-0.220,-0.238,-0.260,-0.285,-0.311,-0.343,-0.376,-0.414,-0.459,-0.506,-0.562,-0.626,-0.695,-0.776,-0.865,-0.961,-1.064,-1.167,-1.264,-1.352,-1.421,-1.475,-1.518,-1.554,-1.599,-1.659,-1.741,-1.858,-2.016,-2.228,-2.517,-2.909,-3.450,-4.225,-5.332,-6.838,-8.183,-7.480,-5.270,-3.588,-2.834,-2.736,-3.000,-3.538,-4.461,-6.019,-8.634,-13.398,-26.954,-16.826,-10.198,-6.911,-4.937,-3.676,-2.831,-2.246,-1.842,-1.554,-1.346,-1.203,-1.100,-1.030,-0.991,-0.966,-0.962,-0.974,-0.992,-1.028,-1.073,-1.123,-1.190,-1.263,-1.343,-1.440,-1.541,-1.656,-1.786,-1.922,-2.079,-2.251,-2.434,-2.647,-2.877,-3.128,-3.417,-3.728,-4.074,-4.468,-4.886,-5.351,-5.863,-6.387,-6.946,-7.512,-8.025,-8.494,-8.859,-9.052,-9.112,-9.022,-8.778,-8.482,-8.143,-7.768
235,4.3429,0.4158,2.9474,1.5704,0.6234,6.8000,-0.823,-0.556,-0.378,-0.318,-0.297,-0.271,-0.257,-0.262,-0.261,-0.252,-0.257,-0.266,-0.260,-0.262,-0.274,-0.273,-0.272,-0.285,-0.289,-0.286,-0.298,-0.306,-0.304,-0.313,-0.326,-0.326,-0.332,-0.349,-0.354,-0.360,-0.381,-0.395,-0.406,-0.437,-0.475,-0.512,-0.586,-0.692,-0.769,-0.769,-0.692,-0.589,-0.534,-0.524,-0.509,-0.508,-0.559,-0.597,-0.612,-0.725,-0.909,-0.926,-0.739,-0.587,-0.562,-0.561,-0.548,-0.583,-0.647,-0.665,-0.633,-0.603,-0.596,-0.601,-0.609,-0.617,-0.629,-0.641,-0.654,-0.667,-0.682,-0.697,-0.713,-0.730,-0.746,-0.764,-0.783,-0.802,-0.822,-0.844,-0.865,-0.888,-0.913,-0.940,-0.966,-0.997,-1.030,-1.065,-1.106,-1.151,-1.199,-1.252,-1.309,-1.361,-1.408,-1.449,-1.481,-1.506,-1.531,-1.556,-1.579,-1.607,-1.639,-1.670,-1.707,-1.749,-1.791,-1.837,-1.892,-1.947,-2.006,-2.075,-2.150,-2.227,-2.317,-2.418,-2.523,-2.644,-2.782,-2.928,-3.087,-3.268,-3.450,-3.626,-3.794,-3.915,-3.948,-3.895,-3.733,-3.466,-3.166,-2.875,-2.600,-2.387,-2.260,-2.174,-2.146,-2.234,-2.405,-2.713,-3.475,-4.858,-6.075,-5.896,-5.117,-4.705,-4.524,-4.329,-4.179,-4.071,-3.922,-3.797,-3.750,-3.733,-3.758,-3.866,-3.992,-4.070,-4.121,-4.134,-4.089,-4.044,-4.027,-4.006,-3.997,-4.034,-4.087,-4.145,-4.246,-4.382,-4.525,-4.702,-4.935,-5.190,-5.470,-5.815,-6.207,-6.610,-7.054,-7.545,-8.015,-8.428,-8.801,-9.085,-9.198,-9.161,-9.038,-8.810,-8.473,-8.122,-7.794,-7.439,-7.081,-6.787,-6.516,-6.230,-5.988,-5.798,-5.590,-5.392,-5.253
239,4.9035,0.4887,3.0874,1.8370,0.7628,8.2000,-1.557,-1.554,-1.541,-1.594,-1.624,-1.602,-1.626,-1.674,-1.660,-1.651,-1.693,-1.698,-1.666,-1.682,-1.701,-1.664,-1.645,-1.664,-1.638,-1.592,-1.595,-1.585,-1.530,-1.508,-1.512,-1.467,-1.426,-1.434,-1.418,-1.374,-1.382,-1.408,-1.391,-1.411,-1.496,-1.563,-1.647,-1.856,-2.146,-2.505,-3.142,-4.253,-6.011,-9.167,-16.549,-23.833,-13.971,-12.472,-10.782,-6.796,-3.995,-2.666,-2.061,-1.611,-1.271,-1.098,-0.959,-0.806,-0.717,-0.664,-0.584,-0.524,-0.500,-0.460,-0.416,-0.402,-0.387,-0.357,-0.347,-0.346,-0.331,-0.324,-0.333,-0.332,-0.331,-0.347,-0.362,-0.370,-0.394,-0.426,-0.452,-0.489,-0.544,-0.598,-0.661,-0.752,-0.857,-0.978,-1.143,-1.355,-1.617,-1.973,-2.464,-3.104,-3.915,-4.715,-4.832,-3.920,-2.693,-1.775,-1.265,-1.053,-1.022,-1.119,-1.320,-1.609,-1.980,-2.448,-3.023,-3.712,-4.532,-5.501,-6.620,-7.881,-9.273,-10.727,-12.093,-13.151,-13.584,-13.175,-12.025,-10.373,-8.478,-6.574,-4.839,-3.401,-2.335,-1.626,-1.202,-0.979,-0.893,-0.888,-0.930,-1.002,-1.091,-1.178,-1.255,-1.312,-1.329,-1.297,-1.223,-1.119,-1.005,-0.914,-0.863,-0.856,-0.901,-0.995,-1.126,-1.286,-1.491,-1.768,-2.174,-2.802,-3.769,-5.229,-7.226,-8.800,-7.960,-5.842,-4.118,-2.979,-2.255,-1.799,-1.513,-1.333,-1.226,-1.176,-1.160,-1.172,-1.213,-1.274,-1.348,-1.445,-1.560,-1.684,-1.826,-1.990,-2.160,-2.343,-2.546,-2.754,-2.963,-3.186,-3.410,-3.621,-3.835,-4.052,-4.254,-4.451,-4.665,-4.878,-5.086,-5.315,-5.558,-5.777,-5.976,-6.157,-6.268,-6.279,-6.213
243,5.5557,0.5387,4.1069,0.6871,0.7191,5.0000,-1.370,-1.351,-1.302,-1.290,-1.251,-1.226,-1.208,-1.168,-1.162,-1.121,-1.108,-1.085,-1.054,-1.051,-1.012,-1.016,-0.991,-0.987,-1.002,-0.997,-1.074,-1.136,-1.371,-1.818,-2.980,-5.624,-5.635,-3.089,-1.938,-1.419,-1.144,-1.019,-0.919,-0.909,-0.909,-1.020,-1.247,-1.787,-2.405,-2.037,-1.280,-0.889,-0.681,-0.576,-0.509,-0.450,-0.420,-0.393,-0.384,-0.379,-0.384,-0.409,-0.448,-0.538,-0.694,-0.989,-1.382,-1.403,-0.995,-0.654,-0.475,-0.370,-0.319,-0.283,-0.266,-0.257,-0.252,-0.256,-0.258,-0.269,-0.281,-0.296,-0.317,-0.338,-0.368,-0.399,-0.439,-0.484,-0.538,-0.604,-0.681,-0.778,-0.896,-1.045,-1.235,-1.472,-1.766,-2.090,-2.372,-2.468,-2.299,-1.965,-1.630,-1.382,-1.228,-1.151,-1.131,-1.153,-1.209,-1.291,-1.402,-1.536,-1.697,-1.889,-2.113,-2.380,-2.694,-3.069,-3.520,-4.066,-4.741,-5.579,-6.650,-8.046,-9.928,-12.609,-16.674,-22.118,-19.037,-13.813,-10.369,-8.005,-6.289,-5.020,-4.074,-3.366,-2.859,-2.508,-2.312,-2.265,-2.369,-2.593,-2.787,-3.042,-3.829,-5.984,-10.510,-10.574,-6.063,-3.703,-2.514,-1.863,-1.492,-1.258,-1.120,-1.033,-0.984,-0.965,-0.962,-0.981,-1.008,-1.050,-1.102,-1.162,-1.236,-1.315,-1.407,-1.507,-1.618,-1.741,-1.872,-2.020,-2.178,-2.352,-2.542,-2.747,-2.976,-3.223,-3.502,-3.815,-4.175,-4.605,-5.112,-5.708,-6.366,-7.063,-7.795,-8.559,-9.386,-10.289,-11.296,-12.456,-13.800,-15.415,-17.377,-19.712,-22.276,-23.913,-23.250,-21.174,-19.097,-17.347,-15.889,-14.692,-13.656,-12.769,-11.982,-11.269,-10.630,-10.028,-9.481
247,5.2093,0.6293,3.6167,0.5976,1.1089,8.2000,-1.876,-1.926,-1.918,-1.834,-1.778,-1.803,-1.827,-1.769,-1.686,-1.677,-1.719,-1.709,-1.638,-1.615,-1.683,-1.757,-1.773,-1.824,-2.033,-2.398,-2.873,-3.637,-5.186,-8.295,-13.530,-12.415,-7.595,-4.956,-3.589,-2.788,-2.236,-1.904,-1.775,-1.721,-1.686,-1.867,-2.525,-3.594,-4.286,-3.718,-2.515,-1.610,-1.178,-0.997,-0.844,-0.688,-0.596,-0.567,-0.532,-0.473,-0.428,-0.417,-0.410,-0.384,-0.358,-0.353,-0.358,-0.351,-0.338,-0.339,-0.352,-0.359,-0.361,-0.369,-0.391,-0.413,-0.431,-0.453,-0.489,-0.530,-0.573,-0.620,-0.682,-0.758,-0.843,-0.941,-1.063,-1.213,-1.396,-1.618,-1.898,-2.260,-2.733,-3.362,-4.226,-5.460,-7.309,-10.314,-16.101,-26.554,-13.931,-8.685,-5.772,-3.978,-2.840,-2.113,-1.661,-1.407,-1.312,-1.347,-1.491,-1.728,-2.042,-2.418,-2.846,-3.349,-4.022,-5.040,-6.651,-9.172,-12.846,-15.843,-13.716,-10.630,-8.496,-7.058,-6.044,-5.295,-4.709,-4.198,-3.695,-3.175,-2.650,-2.142,-1.677,-1.282,-0.977,-0.759,-0.611,-0.513,-0.458,-0.441,-0.452,-0.481,-0.525,-0.588,-0.672,-0.769,-0.875,-0.991,-1.116,-1.234,-1.327,-1.387,-1.421,-1.446,-1.480,-1.549,-1.686,-1.921,-2.283,-2.810,-3.583,-4.738,-6.446,-8.755,-10.838,-10.494,-8.389,-6.537,-5.361,-4.751,-4.553,-4.686,-5.159,-6.016,-7.216,-8.399,-8.784,-7.990,-6.655,-5.424,-4.513,-3.912,-3.539,-3.318,-3.210,-3.207,-3.298,-3.457,-3.664,-3.927,-4.265,-4.679,-5.149,-5.659,-6.202,-6.751,-7.233,-7.566,-7.723,-7.746,-7.680,-7.525,-7.274,-6.959,-6.643,-6.351,-6.058,-5.747,-5.448
251,5.3082,0.7919,3.0316,0.5611,0.8086,5.6000,-2.300,-2.159,-2.032,-1.923,-1.826,-1.736,-1.659,-1.584,-1.518,-1.455,-1.395,-1.342,-1.287,-1.239,-1.190,-1.144,-1.101,-1.056,-1.018,-0.977,-0.940,-0.904,-0.867,-0.836,-0.801,-0.773,-0.742,-0.714,-0.691,-0.664,-0.647,-0.626,-0.615,-0.607,-0.605,-0.625,-0.655,-0.746,-0.911,-1.272,-1.734,-1.595,-1.036,-0.712,-0.553,-0.447,-0.389,-0.349,-0.342,-0.329,-0.300,-0.269,-0.252,-0.249,-0.247,-0.263,-0.285,-0.334,-0.423,-0.575,-0.766,-0.754,-0.528,-0.340,-0.240,-0.184,-0.155,-0.136,-0.126,-0.121,-0.118,-0.118,-0.119,-0.122,-0.126,-0.132,-0.139,-0.147,-0.156,-0.167,-0.179,-0.192,-0.206,-0.222,-0.240,-0.259,-0.280,-0.303,-0.328,-0.355,-0.385,-0.418,-0.453,-0.492,-0.534,-0.581,-0.632,-0.688,-0.750,-0.819,-0.896,-0.981,-1.077,-1.185,-1.307,-1.446,-1.606,-1.789,-2.002,-2.250,-2.542,-2.887,-3.296,-3.785,-4.365,-5.054,-5.855,-6.764,-7.739,-8.702,-9.537,-10.149,-10.547,-10.815,-11.050,-11.206,-11.046,-10.247,-8.811,-7.128,-5.574,-4.335,-3.445,-2.902,-2.700,-2.892,-3.673,-5.539,-9.990,-22.605,-11.124,-6.059,-3.814,-2.647,-1.996,-1.612,-1.382,-1.243,-1.150,-1.083,-1.028,-0.988,-0.963,-0.953,-0.962,-0.984,-1.021,-1.070,-1.131,-1.205,-1.288,-1.386,-1.494,-1.616,-1.752,-1.902,-2.069,-2.252,-2.456,-2.679,-2.925,-3.197,-3.493,-3.820,-4.174,-4.558,-4.972,-5.409,-5.869,-6.337,-6.801,-7.241,-7.632,-7.956,-8.187,-8.318,-8.351,-8.292,-8.168,-7.994,-7.795,-7.590,-7.391,-7.215,-7.065,-6.951,-6.879,-6.849,-6.872,-6.945,-7.078
255,5.1333,0.4576,3.8700,1.9438,1.1813,7.8000,-1.837,-1.934,-1.933,-1.880,-1.912,-2.006,-2.027,-1.977,-1.985,-2.069,-2.112,-2.076,-2.070,-2.152,-2.232,-2.244,-2.265,-2.386,-2.567,-2.727,-2.902,-3.206,-3.673,-4.235,-4.816,-5.369,-5.800,-5.952,-5.734,-5.209,-4.555,-3.993,-3.644,-3.444,-3.280,-3.266,-3.754,-5.014,-6.660,-6.896,-5.216,-3.517,-2.501,-1.989,-1.671,-1.403,-1.201,-1.075,-0.981,-0.885,-0.798,-0.735,-0.687,-0.639,-0.591,-0.552,-0.522,-0.497,-0.470,-0.443,-0.426,-0.416,-0.403,-0.387,-0.379,-0.384,-0.385,-0.380,-0.384,-0.407,-0.428,-0.439,-0.466,-0.523,-0.583,-0.638,-0.729,-0.887,-1.084,-1.322,-1.721,-2.353,-2.919,-2.810,-2.039,-1.253,-0.826,-0.724,-0.767,-0.846,-0.970,-1.149,-1.336,-1.492,-1.631,-1.762,-1.866,-1.939,-2.007,-2.105,-2.280,-2.607,-3.137,-3.821,-4.529,-5.208,-6.000,-7.149,-8.930,-11.772,-16.106,-16.481,-11.316,-7.664,-5.379,-3.929,-2.990,-2.374,-1.978,-1.731,-1.575,-1.479,-1.442,-1.461,-1.513,-1.582,-1.683,-1.838,-2.056,-2.390,-3.009,-4.121,-5.632,-6.448,-5.423,-3.714,-2.425,-1.677,-1.270,-1.021,-0.865,-0.800,-0.797,-0.810,-0.836,-0.900,-0.999,-1.106,-1.223,-1.378,-1.573,-1.786,-2.019,-2.298,-2.618,-2.939,-3.238,-3.509,-3.705,-3.760,-3.673,-3.498,-3.265,-2.993,-2.726,-2.509,-2.339,-2.195,-2.085,-2.029,-2.015,-2.017,-2.040,-2.107,-2.211,-2.326,-2.457,-2.632,-2.850,-3.085,-3.336,-3.635,-3.988,-4.363,-4.741,-5.146,-5.585,-6.007,-6.352,-6.609,-6.793,-6.889,-6.865,-6.734,-6.572,-6.440,-6.326,-6.199,-6.083,-6.031,-6.026
259,5.5407,0.6253,3.5936,1.0640,1.0749,4.6000,-1.782,-1.711,-1.634,-1.579,-1.525,-1.473,-1.436,-1.387,-1.355,-1.315,-1.279,-1.250,-1.211,-1.186,-1.151,-1.122,-1.095,-1.060,-1.039,-1.004,-0.981,-0.953,-0.924,-0.904,-0.872,-0.855,-0.828,-0.808,-0.792,-0.768,-0.763,-0.745,-0.747,-0.751,-0.764,-0.814,-0.879,-1.050,-1.348,-1.994,-2.839,-2.571,-1.593,-1.061,-0.825,-0.660,-0.548,-0.471,-0.430,-0.396,-0.376,-0.364,-0.358,-0.364,-0.380,-0.415,-0.485,-0.609,-0.825,-1.079,-1.084,-0.811,-0.564,-0.420,-0.333,-0.288,-0.255,-0.239,-0.228,-0.221,-0.221,-0.221,-0.226,-0.232,-0.241,-0.253,-0.265,-0.282,-0.299,-0.321,-0.344,-0.371,-0.402,-0.435,-0.475,-0.518,-0.567,-0.622,-0.683,-0.754,-0.833,-0.923,-1.026,-1.143,-1.277,-1.428,-1.602,-1.796,-2.014,-2.252,-2.501,-2.753,-2.983,-3.172,-3.291,-3.331,-3.293,-3.195,-3.067,-2.935,-2.823,-2.745,-2.710,-2.726,-2.795,-2.928,-3.130,-3.415,-3.805,-4.325,-5.021,-5.947,-7.181,-8.780,-10.592,-11.698,-10.730,-8.512,-6.389,-4.767,-3.618,-2.868,-2.460,-2.372,-2.675,-3.466,-5.272,-9.391,-12.435,-7.601,-4.609,-3.086,-2.247,-1.758,-1.448,-1.254,-1.125,-1.044,-0.997,-0.970,-0.967,-0.974,-0.996,-1.028,-1.068,-1.120,-1.177,-1.246,-1.321,-1.405,-1.501,-1.602,-1.719,-1.843,-1.983,-2.136,-2.304,-2.492,-2.696,-2.927,-3.181,-3.464,-3.784,-4.138,-4.543,-4.997,-5.516,-6.113,-6.796,-7.601,-8.538,-9.658,-11.007,-12.612,-14.513,-16.569,-18.462,-19.720,-20.003,-19.558,-18.671,-17.649,-16.699,-15.845,-15.186,-14.702,-14.397,-14.318,-14.423,-14.793,-15.447
263,4.9436,0.4418,3.5920,1.4211,1.0528,5.6000,-2.114,-2.054,-1.970,-1.932,-1.870,-1.821,-1.791,-1.730,-1.709,-1.661,-1.623,-1.599,-1.545,-1.527,-1.481,-1.446,-1.422,-1.369,-1.353,-1.307,-1.276,-1.253,-1.206,-1.197,-1.155,-1.139,-1.127,-1.099,-1.118,-1.106,-1.143,-1.196,-1.268,-1.452,-1.691,-2.214,-3.198,-5.328,-9.927,-10.514,-6.802,-5.681,-6.481,-6.942,-5.329,-4.950,-5.084,-3.453,-2.165,-1.576,-1.167,-0.964,-0.792,-0.674,-0.599,-0.514,-0.478,-0.428,-0.409,-0.410,-0.436,-0.519,-0.505,-0.400,-0.305,-0.248,-0.216,-0.186,-0.171,-0.154,-0.142,-0.135,-0.123,-0.121,-0.113,-0.111,-0.110,-0.106,-0.110,-0.108,-0.113,-0.116,-0.120,-0.129,-0.135,-0.146,-0.156,-0.169,-0.185,-0.200,-0.222,-0.243,-0.269,-0.299,-0.332,-0.373,-0.417,-0.471,-0.532,-0.602,-0.684,-0.770,-0.863,-0.947,-1.014,-1.050,-1.047,-1.019,-0.974,-0.932,-0.900,-0.883,-0.887,-0.904,-0.942,-0.994,-1.064,-1.155,-1.264,-1.401,-1.568,-1.776,-2.039,-2.372,-2.813,-3.408,-4.245,-5.480,-7.376,-10.342,-13.283,-10.774,-7.059,-4.924,-3.962,-3.457,-3.084,-3.099,-3.743,-5.140,-7.746,-13.034,-35.379,-13.776,-8.158,-5.390,-3.783,-2.794,-2.153,-1.724,-1.436,-1.234,-1.098,-1.006,-0.945,-0.914,-0.896,-0.899,-0.914,-0.938,-0.977,-1.020,-1.078,-1.140,-1.212,-1.296,-1.383,-1.487,-1.596,-1.718,-1.854,-1.998,-2.164,-2.339,-2.535,-2.753,-2.985,-3.252,-3.535,-3.854,-4.206,-4.586,-5.018,-5.474,-5.979,-6.522,-7.078,-7.670,-8.233,-8.765,-9.240,-9.587,-9.853,-9.998,-10.053,-10.105,-10.126,-10.226,-10.411,-10.662,-11.048
267,5.0591,0.4199,3.2657,0.7214,1.0944,6.6000,-1.929,-1.929,-1.921,-1.934,-1.941,-1.931,-1.937,-1.948,-1.941,-1.942,-1.958,-1.964,-1.972,-2.003,-2.041,-2.083,-2.161,-2.276,-2.427,-2.652,-2.997,-3.499,-4.253,-5.424,-7.201,-9.551,-11.005,-9.479,-7.062,-5.220,-3.949,-3.106,-2.601,-2.293,-2.019,-1.730,-1.478,-1.292,-1.153,-1.036,-0.936,-0.857,-0.793,-0.730,-0.679,-0.642,-0.600,-0.562,-0.547,-0.533,-0.530,-0.593,-0.680,-0.656,-0.529,-0.437,-0.415,-0.402,-0.390,-0.397,-0.407,-0.415,-0.438,-0.467,-0.499,-0.547,-0.609,-0.683,-0.781,-0.912,-1.076,-1.291,-1.573,-1.927,-2.361,-2.859,-3.355,-3.757,-3.983,-4.006,-3.882,-3.699,-3.511,-3.351,-3.241,-3.179,-3.158,-3.188,-3.262,-3.374,-3.534,-3.745,-4.001,-4.316,-4.703,-5.161,-5.710,-6.375,-7.162,-8.091,-9.191,-10.418,-11.642,-12.570,-12.688,-11.845,-10.460,-8.943,-7.537,-6.325,-5.289,-4.417,-3.700,-3.101,-2.597,-2.187,-1.848,-1.560,-1.328,-1.146,-0.993,-0.882,-0.825,-0.808,-0.853,-0.991,-1.180,-1.336,-1.402,-1.350,-1.234,-1.155,-1.117,-1.093,-1.162,-1.350,-1.636,-2.304,-3.784,-5.668,-6.091,-5.301,-4.930,-4.951,-4.830,-4.561,-4.219,-3.771,-3.355,-3.049,-2.778,-2.556,-2.423,-2.318,-2.227,-2.194,-2.185,-2.172,-2.198,-2.252,-2.296,-2.364,-2.468,-2.565,-2.675,-2.825,-2.978,-3.133,-3.332,-3.546,-3.754,-4.001,-4.278,-4.540,-4.824,-5.143,-5.440,-5.717,-6.012,-6.269,-6.444,-6.583,-6.665,-6.624,-6.497,-6.332,-6.092,-5.792,-5.521,-5.288,-5.064,-4.906,-4.846,-4.823,-4.834,-4.928,-5.060,-5.180,-5.353,-5.567,-5.739
271,5.5018,0.7176,3.3088,1.3983,0.9579,8.8000,-1.778,-1.735,-1.675,-1.722,-1.713,-1.632,-1.644,-1.662,-1.580,-1.554,-1.582,-1.517,-1.457,-1.481,-1.442,-1.361,-1.370,-1.359,-1.272,-1.260,-1.275,-1.200,-1.167,-1.204,-1.158,-1.112,-1.172,-1.180,-1.145,-1.247,-1.367,-1.427,-1.691,-2.187,-2.817,-4.197,-7.301,-11.044,-10.140,-8.787,-7.330,-4.617,-2.628,-1.787,-1.430,-1.098,-0.893,-0.820,-0.710,-0.611,-0.586,-0.543,-0.482,-0.468,-0.454,-0.415,-0.406,-0.407,-0.384,-0.377,-0.387,-0.379,-0.376,-0.392,-0.397,-0.400,-0.423,-0.441,-0.455,-0.485,-0.519,-0.547,-0.590,-0.644,-0.694,-0.759,-0.841,-0.927,-1.030,-1.161,-1.309,-1.485,-1.707,-1.975,-2.301,-2.718,-3.250,-3.928,-4.825,-6.037,-7.692,-10.024,-13.337,-16.771,-15.264,-11.387,-8.445,-6.381,-4.899,-3.817,-3.022,-2.425,-1.967,-1.618,-1.351,-1.140,-0.977,-0.855,-0.761,-0.692,-0.651,-0.632,-0.633,-0.665,-0.730,-0.835,-1.002,-1.261,-1.656,-2.280,-3.294,-4.992,-7.978,-13.772,-21.330,-12.500,-8.128,-5.742,-4.231,-3.180,-2.419,-1.885,-1.545,-1.348,-1.242,-1.196,-1.188,-1.201,-1.230,-1.274,-1.323,-1.377,-1.434,-1.484,-1.520,-1.541,-1.532,-1.489,-1.420,-1.327,-1.221,-1.123,-1.044,-0.987,-0.963,-0.974,-1.010,-1.074,-1.169,-1.284,-1.419,-1.578,-1.751,-1.931,-2.122,-2.319,-2.513,-2.725,-2.970,-3.258,-3.611,-4.047,-4.557,-5.139,-5.799,-6.515,-7.249,-7.980,-8.658,-9.196,-9.536,-9.670,-9.598,-9.344,-8.996,-8.623,-8.241,-7.876,-7.578,-7.342,-7.154,-7.049,-7.041,-7.108,-7.276,-7.593,-8.053,-8.678,-9.558,-10.731,-12.192
275,4.6565,0.4188,3.3842,0.9187,0.9594,5.2000,-2.251,-2.128,-2.060,-1.968,-1.905,-1.852,-1.782,-1.752,-1.689,-1.654,-1.614,-1.562,-1.541,-1.485,-1.460,-1.419,-1.376,-1.354,-1.300,-1.280,-1.236,-1.203,-1.180,-1.133,-1.124,-1.083,-1.069,-1.055,-1.033,-1.052,-1.044,-1.092,-1.147,-1.251,-1.462,-1.783,-2.487,-3.872,-7.018,-10.811,-7.240,-4.639,-3.782,-4.121,-4.634,-4.391,-4.642,-4.023,-2.466,-1.642,-1.183,-0.896,-0.743,-0.596,-0.525,-0.445,-0.393,-0.353,-0.307,-0.288,-0.254,-0.242,-0.227,-0.221,-0.235,-0.259,-0.286,-0.241,-0.184,-0.151,-0.127,-0.119,-0.106,-0.104,-0.099,-0.095,-0.097,-0.094,-0.099,-0.099,-0.104,-0.108,-0.112,-0.122,-0.126,-0.137,-0.146,-0.157,-0.170,-0.181,-0.199,-0.212,-0.232,-0.251,-0.271,-0.296,-0.319,-0.349,-0.378,-0.412,-0.450,-0.490,-0.539,-0.588,-0.648,-0.712,-0.784,-0.866,-0.952,-1.048,-1.139,-1.227,-1.298,-1.346,-1.372,-1.374,-1.375,-1.376,-1.392,-1.428,-1.484,-1.570,-1.679,-1.826,-2.011,-2.246,-2.552,-2.944,-3.475,-4.186,-5.166,-6.426,-7.551,-7.238,-5.386,-3.708,-2.721,-2.234,-2.144,-2.409,-2.974,-3.875,-5.250,-7.382,-10.962,-18.172,-20.377,-11.805,-7.736,-5.383,-3.904,-2.940,-2.289,-1.845,-1.539,-1.323,-1.178,-1.076,-1.012,-0.975,-0.958,-0.960,-0.973,-1.001,-1.039,-1.085,-1.143,-1.206,-1.283,-1.364,-1.457,-1.560,-1.670,-1.797,-1.929,-2.081,-2.245,-2.424,-2.627,-2.843,-3.090,-3.359,-3.659,-3.997,-4.365,-4.789,-5.252,-5.777,-6.365,-7.006,-7.732,-8.497,-9.312,-10.132,-10.859,-11.464,-11.808,-11.887,-11.783,-11.523,-11.292
279,5.5264,0.5051,3.4467,0.8654,0.8278,5.6000,-1.800,-1.722,-1.675,-1.641,-1.577,-1.545,-1.513,-1.457,-1.433,-1.399,-1.349,-1.329,-1.291,-1.246,-1.229,-1.187,-1.148,-1.131,-1.086,-1.054,-1.036,-0.991,-0.968,-0.950,-0.908,-0.895,-0.878,-0.845,-0.850,-0.842,-0.833,-0.880,-0.918,-1.013,-1.269,-1.650,-2.332,-3.254,-3.264,-2.190,-1.345,-0.976,-0.752,-0.613,-0.551,-0.487,-0.447,-0.436,-0.412,-0.412,-0.436,-0.456,-0.531,-0.668,-0.899,-1.379,-1.869,-1.726,-1.147,-0.731,-0.524,-0.392,-0.320,-0.279,-0.243,-0.227,-0.215,-0.203,-0.203,-0.201,-0.201,-0.208,-0.212,-0.221,-0.234,-0.245,-0.261,-0.280,-0.299,-0.325,-0.351,-0.381,-0.417,-0.454,-0.498,-0.548,-0.602,-0.665,-0.736,-0.815,-0.907,-1.011,-1.128,-1.266,-1.422,-1.602,-1.812,-2.050,-2.327,-2.644,-2.996,-3.390,-3.808,-4.229,-4.631,-4.967,-5.212,-5.357,-5.404,-5.404,-5.395,-5.416,-5.522,-5.735,-6.092,-6.655,-7.465,-8.629,-10.295,-12.574,-15.230,-15.753,-12.903,-9.811,-7.402,-5.653,-4.379,-3.442,-2.784,-2.317,-1.994,-1.831,-1.787,-1.898,-2.294,-3.103,-4.910,-9.066,-11.978,-6.767,-3.813,-2.502,-1.808,-1.421,-1.226,-1.088,-1.018,-0.998,-0.980,-0.999,-1.036,-1.069,-1.133,-1.202,-1.272,-1.371,-1.470,-1.576,-1.711,-1.843,-1.992,-2.168,-2.343,-2.546,-2.775,-3.008,-3.279,-3.576,-3.886,-4.245,-4.634,-5.045,-5.518,-6.026,-6.567,-7.184,-7.839,-8.527,-9.288,-10.056,-10.798,-11.539,-12.170,-12.651,-13.042,-13.251,-13.318,-13.356,-13.284,-13.192,-13.158,-13.082,-13.069,-13.144,-13.202,-13.379,-13.633,-13.872,-14.231,-14.499,-14.531
283,5.3307,0.4206,3.8003,1.3059,0.8004,8.0000,-1.775,-1.794,-1.833,-1.851,-1.848,-1.865,-1.907,-1.936,-1.944,-1.969,-2.029,-2.094,-2.151,-2.236,-2.388,-2.607,-2.897,-3.321,-3.997,-5.072,-6.684,-8.660,-9.630,-8.342,-6.435,-5.021,-4.068,-3.354,-2.848,-2.609,-2.561,-2.551,-2.675,-3.335,-4.869,-6.791,-6.735,-4.658,-2.940,-2.059,-1.663,-1.387,-1.137,-0.983,-0.910,-0.833,-0.737,-0.673,-0.646,-0.609,-0.555,-0.521,-0.509,-0.490,-0.457,-0.438,-0.437,-0.429,-0.411,-0.405,-0.413,-0.416,-0.412,-0.419,-0.439,-0.457,-0.470,-0.497,-0.537,-0.579,-0.623,-0.685,-0.768,-0.864,-0.975,-1.126,-1.327,-1.580,-1.908,-2.370,-3.028,-3.957,-5.306,-7.246,-9.344,-9.289,-6.854,-4.522,-2.941,-1.990,-1.473,-1.241,-1.192,-1.250,-1.363,-1.501,-1.666,-1.881,-2.183,-2.618,-3.249,-4.170,-5.517,-7.494,-10.432,-14.936,-20.945,-18.732,-14.257,-11.536,-9.781,-8.504,-7.412,-6.323,-5.177,-4.036,-3.011,-2.187,-1.585,-1.173,-0.901,-0.726,-0.621,-0.565,-0.538,-0.532,-0.547,-0.580,-0.621,-0.672,-0.739,-0.819,-0.906,-0.999,-1.104,-1.214,-1.317,-1.428,-1.590,-1.848,-2.255,-2.902,-3.890,-5.129,-5.983,-5.642,-4.490,-3.397,-2.671,-2.264,-2.062,-2.004,-2.074,-2.261,-2.552,-2.954,-3.491,-4.156,-4.863,-5.426,-5.610,-5.318,-4.718,-4.070,-3.531,-3.133,-2.858,-2.688,-2.611,-2.608,-2.657,-2.755,-2.903,-3.101,-3.339,-3.620,-3.955,-4.350,-4.807,-5.329,-5.935,-6.641,-7.452,-8.367,-9.380,-10.481,-11.627,-12.734,-13.695,-14.422,-14.855,-14.938,-14.679,-14.190,-13.595,-12.950,-12.282,-11.639,-11.063,-10.542,-10.054
287,5.5216,0.4452,4.2026,1.3624,1.3388,4.8000,-1.465,-1.457,-1.425,-1.384,-1.388,-1.343,-1.332,-1.325,-1.283,-1.295,-1.269,-1.255,-1.275,-1.248,-1.285,-1.316,-1.352,-1.495,-1.650,-2.016,-2.761,-4.312,-8.718,-24.235,-9.167,-4.817,-3.155,-2.320,-1.856,-1.584,-1.405,-1.281,-1.223,-1.198,-1.225,-1.382,-1.677,-2.444,-3.563,-3.333,-2.080,-1.350,-1.019,-0.829,-0.750,-0.647,-0.562,-0.523,-0.480,-0.463,-0.455,-0.455,-0.484,-0.547,-0.674,-0.938,-1.297,-1.333,-0.964,-0.650,-0.490,-0.384,-0.335,-0.300,-0.275,-0.270,-0.257,-0.260,-0.265,-0.269,-0.290,-0.306,-0.335,-0.376,-0.423,-0.501,-0.602,-0.754,-0.995,-1.349,-1.851,-2.183,-1.892,-1.297,-0.868,-0.640,-0.521,-0.470,-0.454,-0.458,-0.481,-0.513,-0.556,-0.610,-0.670,-0.743,-0.825,-0.920,-1.031,-1.157,-1.306,-1.480,-1.684,-1.930,-2.224,-2.583,-3.029,-3.585,-4.296,-5.219,-6.443,-8.114,-10.457,-13.802,-17.542,-16.309,-12.258,-9.192,-7.055,-5.542,-4.458,-3.677,-3.116,-2.723,-2.460,-2.306,-2.246,-2.274,-2.379,-2.533,-2.677,-2.718,-2.716,-2.959,-3.889,-5.903,-7.728,-6.307,-4.154,-2.830,-2.062,-1.614,-1.346,-1.172,-1.072,-1.008,-0.973,-0.965,-0.965,-0.985,-1.013,-1.048,-1.097,-1.148,-1.211,-1.283,-1.357,-1.449,-1.545,-1.656,-1.789,-1.941,-2.141,-2.390,-2.680,-2.977,-3.228,-3.464,-3.706,-3.960,-4.255,-4.570,-4.913,-5.291,-5.675,-6.087,-6.505,-6.909,-7.313,-7.668,-7.966,-8.208,-8.341,-8.392,-8.371,-8.260,-8.123,-7.964,-7.786,-7.653,-7.536,-7.460,-7.462,-7.500,-7.626,-7.848,-8.143,-8.595,-9.192,-9.983,-11.122
291,4.3149,0.4710,2.7665,0.5295,0.8939,6.6000,-0.957,-0.708,-0.453,-0.357,-0.305,-0.278,-0.270,-0.259,-0.258,-0.258,-0.257,-0.260,-0.261,-0.264,-0.268,-0.270,-0.276,-0.279,-0.283,-0.289,-0.292,-0.298,-0.304,-0.308,-0.315,-0.321,-0.327,-0.336,-0.342,-0.351,-0.362,-0.372,-0.387,-0.405,-0.427,-0.461,-0.504,-0.552,-0.574,-0.540,-0.490,-0.458,-0.440,-0.434,-0.434,-0.436,-0.442,-0.449,-0.457,-0.467,-0.474,-0.485,-0.497,-0.503,-0.510,-0.519,-0.529,-0.541,-0.553,-0.564,-0.579,-0.592,-0.606,-0.622,-0.636,-0.653,-0.671,-0.688,-0.708,-0.728,-0.749,-0.774,-0.797,-0.823,-0.853,-0.881,-0.915,-0.951,-0.988,-1.033,-1.080,-1.132,-1.194,-1.261,-1.339,-1.430,-1.528,-1.640,-1.756,-1.861,-1.947,-1.997,-2.011,-2.008,-1.993,-1.984,-1.988,-1.998,-2.024,-2.059,-2.100,-2.153,-2.208,-2.266,-2.334,-2.395,-2.459,-2.524,-2.575,-2.625,-2.662,-2.678,-2.686,-2.667,-2.627,-2.578,-2.500,-2.416,-2.328,-2.226,-2.137,-2.052,-1.965,-1.906,-1.846,-1.796,-1.777,-1.749,-1.746,-1.772,-1.785,-1.851,-1.951,-2.066,-2.338,-2.762,-3.619,-5.759,-8.587,-7.610,-5.706,-5.130,-5.048,-5.115,-5.241,-5.098,-4.846,-4.606,-4.309,-4.070,-3.864,-3.659,-3.532,-3.419,-3.320,-3.280,-3.234,-3.208,-3.223,-3.223,-3.253,-3.308,-3.350,-3.430,-3.525,-3.615,-3.751,-3.898,-4.053,-4.263,-4.483,-4.727,-5.037,-5.357,-5.717,-6.147,-6.578,-7.045,-7.561,-8.029,-8.478,-8.898,-9.163,-9.309,-9.346,-9.174,-8.887,-8.551,-8.100,-7.643,-7.232,-6.788,-6.396,-6.074,-5.735,-5.459,-5.238,-4.993,-4.812,-4.662,-4.481
295,5.4135,0.5586,3.9321,0.4809,1.0277,8.2000,-1.975,-2.018,-2.000,-1.967,-2.004,-2.092,-2.150,-2.184,-2.300,-2.552,-2.901,-3.347,-4.062,-5.330,-7.354,-9.630,-9.802,-7.648,-5.600,-4.267,-3.449,-2.870,-2.395,-2.051,-1.865,-1.751,-1.602,-1.453,-1.420,-1.494,-1.545,-1.607,-1.980,-2.926,-4.186,-4.573,-3.510,-2.217,-1.454,-1.148,-0.989,-0.817,-0.682,-0.633,-0.606,-0.548,-0.490,-0.472,-0.468,-0.440,-0.408,-0.402,-0.407,-0.396,-0.380,-0.382,-0.395,-0.398,-0.395,-0.407,-0.431,-0.448,-0.460,-0.487,-0.527,-0.564,-0.600,-0.652,-0.721,-0.795,-0.874,-0.977,-1.112,-1.267,-1.447,-1.680,-1.987,-2.373,-2.861,-3.517,-4.424,-5.668,-7.381,-9.834,-13.489,-18.875,-22.883,-18.892,-13.933,-9.711,-6.535,-4.369,-3.007,-2.213,-1.764,-1.508,-1.381,-1.369,-1.462,-1.648,-1.939,-2.381,-3.030,-3.961,-5.291,-7.217,-10.035,-13.927,-16.428,-13.607,-10.365,-8.116,-6.587,-5.523,-4.761,-4.203,-3.786,-3.463,-3.190,-2.933,-2.663,-2.360,-2.018,-1.656,-1.311,-1.019,-0.800,-0.655,-0.577,-0.557,-0.584,-0.651,-0.754,-0.890,-1.056,-1.242,-1.431,-1.596,-1.706,-1.745,-1.716,-1.649,-1.578,-1.531,-1.520,-1.553,-1.635,-1.776,-1.980,-2.253,-2.603,-3.046,-3.587,-4.264,-5.253,-6.969,-10.240,-17.100,-17.684,-10.310,-6.690,-4.712,-3.568,-2.870,-2.430,-2.173,-2.048,-2.002,-2.002,-2.052,-2.157,-2.298,-2.455,-2.636,-2.857,-3.108,-3.361,-3.613,-3.880,-4.159,-4.424,-4.661,-4.882,-5.089,-5.251,-5.341,-5.370,-5.366,-5.326,-5.229,-5.084,-4.927,-4.777,-4.613,-4.426,-4.243,-4.090,-3.947,-3.792,-3.640,-3.522
299,5.3651,0.6824,3.1489,0.4814,0.8055,7.6000,-1.856,-1.828,-1.812,-1.769,-1.744,-1.718,-1.672,-1.649,-1.613,-1.569,-1.547,-1.505,-1.468,-1.446,-1.404,-1.380,-1.360,-1.326,-1.320,-1.310,-1.301,-1.326,-1.347,-1.396,-1.494,-1.618,-1.842,-2.205,-2.786,-3.859,-5.901,-10.263,-20.392,-11.344,-6.500,-4.355,-3.406,-3.401,-3.454,-2.557,-1.611,-1.191,-0.966,-0.796,-0.713,-0.632,-0.569,-0.536,-0.492,-0.465,-0.447,-0.423,-0.414,-0.405,-0.396,-0.399,-0.399,-0.403,-0.417,-0.428,-0.449,-0.478,-0.507,-0.551,-0.606,-0.669,-0.760,-0.873,-1.021,-1.240,-1.538,-2.001,-2.774,-4.096,-6.584,-9.319,-6.772,-3.638,-2.102,-1.433,-1.122,-1.029,-1.040,-1.112,-1.259,-1.442,-1.675,-1.973,-2.310,-2.717,-3.189,-3.708,-4.298,-4.924,-5.571,-6.253,-6.933,-7.679,-8.606,-9.824,-11.335,-12.006,-10.442,-8.257,-6.645,-5.565,-4.821,-4.313,-3.932,-3.632,-3.413,-3.221,-3.062,-2.940,-2.811,-2.714,-2.637,-2.588,-2.689,-3.020,-3.835,-5.239,-5.712,-4.554,-3.680,-3.476,-3.477,-3.538,-3.588,-3.543,-3.438,-3.249,-2.997,-2.724,-2.430,-2.151,-1.898,-1.667,-1.477,-1.318,-1.188,-1.093,-1.018,-0.971,-0.949,-0.942,-0.962,-1.000,-1.058,-1.143,-1.249,-1.384,-1.552,-1.746,-1.974,-2.224,-2.476,-2.709,-2.877,-2.957,-2.943,-2.854,-2.735,-2.617,-2.522,-2.469,-2.454,-2.480,-2.547,-2.646,-2.779,-2.942,-3.129,-3.342,-3.571,-3.812,-4.062,-4.307,-4.540,-4.753,-4.927,-5.061,-5.148,-5.176,-5.158,-5.094,-4.988,-4.860,-4.710,-4.549,-4.391,-4.234,-4.087,-3.958,-3.840,-3.746,-3.677,-3.628,-3.614,-3.631,-3.684
