2,5.3233,0.7615,3.4638,1.2278,0.8875,6.6000,-2.127,-2.099,-2.063,-2.042,-2.008,-1.976,-1.955,-1.919,-1.896,-1.877,-1.849,-1.841,-1.832,-1.826,-1.847,-1.867,-1.913,-1.995,-2.098,-2.269,-2.520,-2.875,-3.436,-4.283,-5.594,-7.705,-10.810,-13.087,-10.780,-7.727,-5.615,-4.248,-3.417,-2.859,-2.531,-2.481,-2.644,-3.467,-5.205,-5.251,-3.205,-1.966,-1.470,-1.149,-1.010,-1.020,-1.055,-0.993,-0.808,-0.751,-0.799,-0.875,-1.283,-1.700,-1.381,-0.843,-0.614,-0.516,-0.450,-0.431,-0.414,-0.411,-0.421,-0.431,-0.456,-0.489,-0.532,-0.592,-0.668,-0.769,-0.903,-1.077,-1.311,-1.620,-2.026,-2.546,-3.169,-3.834,-4.402,-4.714,-4.710,-4.470,-4.136,-3.804,-3.523,-3.306,-3.152,-3.054,-3.005,-3.000,-3.036,-3.109,-3.219,-3.365,-3.548,-3.769,-4.031,-4.335,-4.682,-5.069,-5.491,-5.931,-6.362,-6.740,-7.006,-7.098,-6.975,-6.640,-6.139,-5.538,-4.905,-4.286,-3.711,-3.195,-2.741,-2.348,-2.012,-1.726,-1.485,-1.282,-1.111,-0.969,-0.851,-0.754,-0.677,-0.614,-0.567,-0.533,-0.513,-0.506,-0.513,-0.539,-0.588,-0.672,-0.817,-1.041,-1.337,-1.691,-2.128,-2.714,-3.344,-3.684,-3.700,-3.684,-3.718,-3.725,-3.664,-3.525,-3.333,-3.127,-2.927,-2.753,-2.609,-2.496,-2.415,-2.361,-2.333,-2.330,-2.347,-2.387,-2.447,-2.526,-2.626,-2.746,-2.887,-3.051,-3.237,-3.448,-3.685,-3.949,-4.243,-4.564,-4.914,-5.291,-5.689,-6.101,-6.517,-6.917,-7.282,-7.586,-7.800,-7.907,-7.896,-7.768,-7.543,-7.240,-6.888,-6.508,-6.119,-5.734,-5.361,-5.006,-4.670,-4.354,-4.058,-3.782,-3.525,-3.287,-3.071,-2.877,-2.711
6,5.0838,0.5672,3.5837,1.1071,0.7158,3.6000,-1.714,-1.620,-1.560,-1.485,-1.448,-1.397,-1.359,-1.332,-1.290,-1.275,-1.238,-1.220,-1.197,-1.168,-1.157,-1.125,-1.114,-1.088,-1.068,-1.054,-1.025,-1.017,-0.990,-0.977,-0.962,-0.940,-0.936,-0.914,-0.915,-0.905,-0.908,-0.923,-0.941,-1.001,-1.089,-1.286,-1.678,-2.407,-2.717,-2.055,-1.700,-1.777,-2.299,-3.200,-3.022,-2.790,-2.911,-2.074,-1.272,-0.920,-0.689,-0.585,-0.498,-0.444,-0.408,-0.369,-0.353,-0.326,-0.315,-0.301,-0.289,-0.285,-0.276,-0.279,-0.280,-0.290,-0.305,-0.309,-0.298,-0.275,-0.265,-0.259,-0.259,-0.263,-0.266,-0.275,-0.282,-0.293,-0.304,-0.317,-0.332,-0.347,-0.366,-0.384,-0.406,-0.430,-0.454,-0.483,-0.511,-0.545,-0.579,-0.617,-0.660,-0.704,-0.754,-0.806,-0.864,-0.927,-0.994,-1.068,-1.145,-1.228,-1.313,-1.400,-1.485,-1.563,-1.633,-1.687,-1.729,-1.754,-1.769,-1.779,-1.790,-1.809,-1.839,-1.886,-1.951,-2.036,-2.144,-2.275,-2.435,-2.625,-2.851,-3.120,-3.433,-3.801,-4.215,-4.658,-5.060,-5.276,-5.098,-4.419,-3.436,-2.502,-1.891,-1.651,-1.691,-2.001,-2.656,-3.719,-5.310,-7.615,-10.458,-11.527,-9.170,-6.515,-4.616,-3.344,-2.500,-1.934,-1.552,-1.293,-1.119,-1.004,-0.931,-0.890,-0.871,-0.870,-0.884,-0.909,-0.944,-0.987,-1.038,-1.096,-1.160,-1.233,-1.310,-1.397,-1.490,-1.592,-1.705,-1.826,-1.962,-2.110,-2.275,-2.459,-2.664,-2.898,-3.161,-3.465,-3.816,-4.226,-4.711,-5.287,-5.988,-6.844,-7.915,-9.284,-11.077,-13.545,-17.134,-22.642,-24.158,-18.484,-14.587,-12.048,-10.285,-9.028,-8.134,-7.494,-7.064
10,5.2652,0.5392,3.3633,1.1344,0.9738,4.8000,-2.036,-1.941,-1.847,-1.786,-1.711,-1.659,-1.608,-1.554,-1.519,-1.467,-1.435,-1.394,-1.355,-1.326,-1.282,-1.257,-1.217,-1.186,-1.156,-1.117,-1.094,-1.055,-1.030,-0.999,-0.966,-0.945,-0.909,-0.892,-0.863,-0.841,-0.826,-0.801,-0.799,-0.783,-0.792,-0.806,-0.836,-0.918,-1.038,-1.293,-1.713,-2.588,-3.408,-2.721,-1.890,-1.598,-1.169,-0.803,-0.634,-0.512,-0.453,-0.401,-0.368,-0.349,-0.329,-0.331,-0.333,-0.360,-0.416,-0.522,-0.695,-0.778,-0.644,-0.453,-0.339,-0.270,-0.230,-0.208,-0.191,-0.184,-0.176,-0.175,-0.175,-0.176,-0.181,-0.185,-0.193,-0.202,-0.212,-0.225,-0.238,-0.255,-0.272,-0.293,-0.315,-0.340,-0.368,-0.398,-0.433,-0.470,-0.512,-0.559,-0.610,-0.669,-0.733,-0.806,-0.887,-0.978,-1.082,-1.197,-1.329,-1.476,-1.641,-1.824,-2.022,-2.232,-2.443,-2.645,-2.817,-2.944,-3.011,-3.018,-2.977,-2.905,-2.830,-2.769,-2.739,-2.753,-2.817,-2.942,-3.137,-3.418,-3.804,-4.322,-5.013,-5.912,-7.038,-8.254,-9.016,-8.523,-6.950,-5.228,-3.865,-2.971,-2.517,-2.496,-2.945,-4.034,-6.411,-11.720,-17.151,-9.563,-5.739,-3.795,-2.701,-2.042,-1.624,-1.352,-1.169,-1.048,-0.970,-0.921,-0.897,-0.889,-0.897,-0.916,-0.946,-0.986,-1.033,-1.090,-1.155,-1.228,-1.310,-1.400,-1.500,-1.610,-1.732,-1.866,-2.013,-2.177,-2.356,-2.556,-2.777,-3.024,-3.299,-3.607,-3.955,-4.346,-4.791,-5.298,-5.879,-6.550,-7.324,-8.229,-9.282,-10.506,-11.911,-13.447,-14.976,-16.183,-16.707,-16.532,-15.964,-15.319,-14.769,-14.340,-14.047,-13.872,-13.794,-13.825,-13.942
14,5.4280,0.4345,4.0814,1.5504,1.1009,7.2000,-2.095,-2.114,-2.114,-2.177,-2.235,-2.252,-2.323,-2.432,-2.511,-2.628,-2.834,-3.065,-3.342,-3.765,-4.320,-4.936,-5.576,-6.103,-6.246,-5.897,-5.281,-4.689,-4.201,-3.785,-3.529,-3.524,-3.719,-4.284,-5.800,-8.459,-9.102,-6.259,-4.051,-2.921,-2.293,-1.865,-1.594,-1.410,-1.250,-1.127,-1.038,-0.951,-0.876,-0.820,-0.766,-0.715,-0.681,-0.669,-0.669,-0.650,-0.598,-0.549,-0.528,-0.510,-0.489,-0.483,-0.486,-0.484,-0.501,-0.541,-0.594,-0.693,-0.866,-1.013,-0.982,-0.796,-0.621,-0.537,-0.505,-0.490,-0.503,-0.541,-0.588,-0.661,-0.778,-0.940,-1.170,-1.499,-1.875,-2.157,-2.233,-2.134,-1.993,-1.909,-1.894,-1.938,-2.054,-2.246,-2.510,-2.872,-3.375,-4.048,-4.964,-6.248,-8.040,-10.438,-12.926,-12.985,-10.409,-7.828,-5.898,-4.536,-3.574,-2.876,-2.373,-2.017,-1.752,-1.554,-1.423,-1.334,-1.269,-1.244,-1.250,-1.267,-1.313,-1.394,-1.483,-1.592,-1.732,-1.856,-1.943,-1.989,-1.930,-1.760,-1.560,-1.347,-1.139,-1.010,-0.945,-0.892,-0.912,-1.017,-1.126,-1.332,-1.754,-2.357,-3.502,-6.353,-11.569,-9.192,-5.181,-3.660,-3.344,-3.310,-3.409,-3.644,-3.697,-3.537,-3.337,-3.049,-2.726,-2.517,-2.364,-2.217,-2.160,-2.164,-2.156,-2.196,-2.299,-2.384,-2.488,-2.656,-2.816,-2.969,-3.181,-3.406,-3.606,-3.863,-4.178,-4.495,-4.878,-5.369,-5.868,-6.336,-6.822,-7.243,-7.497,-7.651,-7.741,-7.674,-7.487,-7.304,-7.084,-6.785,-6.518,-6.305,-6.053,-5.816,-5.667,-5.514,-5.348,-5.270,-5.225,-5.145,-5.135,-5.194,-5.214,-5.275,-5.438,-5.579,-5.726
18,4.9682,0.8289,3.0063,1.6841,0.7416,8.0000,-1.875,-1.917,-1.924,-1.924,-1.951,-1.956,-1.938,-1.946,-1.943,-1.911,-1.897,-1.886,-1.844,-1.811,-1.790,-1.743,-1.696,-1.668,-1.620,-1.565,-1.533,-1.488,-1.432,-1.398,-1.361,-1.309,-1.277,-1.252,-1.210,-1.187,-1.178,-1.156,-1.151,-1.171,-1.188,-1.226,-1.310,-1.421,-1.585,-1.866,-2.299,-2.990,-4.202,-6.356,-9.805,-11.481,-7.980,-5.114,-3.540,-2.612,-2.047,-1.777,-1.635,-1.586,-1.777,-2.203,-3.038,-5.235,-10.199,-10.263,-5.101,-2.719,-1.748,-1.214,-0.877,-0.720,-0.599,-0.492,-0.449,-0.410,-0.361,-0.351,-0.341,-0.319,-0.324,-0.332,-0.326,-0.345,-0.370,-0.382,-0.419,-0.468,-0.509,-0.581,-0.679,-0.784,-0.952,-1.193,-1.505,-1.962,-2.363,-2.163,-1.470,-0.910,-0.675,-0.626,-0.657,-0.752,-0.884,-1.041,-1.232,-1.453,-1.702,-1.986,-2.299,-2.640,-3.008,-3.392,-3.789,-4.201,-4.630,-5.104,-5.672,-6.414,-7.502,-9.261,-12.479,-20.364,-20.557,-10.968,-6.800,-4.537,-3.246,-2.479,-2.004,-1.706,-1.515,-1.387,-1.306,-1.260,-1.234,-1.228,-1.242,-1.263,-1.294,-1.340,-1.388,-1.443,-1.531,-1.664,-1.901,-2.352,-3.113,-4.390,-6.466,-8.199,-6.681,-4.343,-3.030,-2.496,-2.283,-2.195,-2.141,-2.022,-1.847,-1.661,-1.462,-1.282,-1.147,-1.037,-0.955,-0.914,-0.891,-0.883,-0.906,-0.940,-0.983,-1.050,-1.128,-1.210,-1.315,-1.431,-1.548,-1.686,-1.835,-1.980,-2.142,-2.309,-2.465,-2.628,-2.791,-2.931,-3.071,-3.209,-3.323,-3.436,-3.559,-3.668,-3.788,-3.936,-4.088,-4.260,-4.480,-4.717,-4.968,-5.262,-5.560,-5.823,-6.063,-6.246,-6.302
22,4.2483,0.4042,3.0076,1.1498,1.0933,5.0000,-0.257,-0.267,-0.327,-0.456,-0.568,-0.549,-0.421,-0.307,-0.272,-0.276,-0.267,-0.252,-0.255,-0.266,-0.264,-0.259,-0.266,-0.275,-0.276,-0.274,-0.281,-0.290,-0.291,-0.291,-0.299,-0.307,-0.309,-0.310,-0.318,-0.326,-0.329,-0.331,-0.339,-0.347,-0.351,-0.354,-0.363,-0.373,-0.378,-0.385,-0.402,-0.427,-0.445,-0.451,-0.451,-0.456,-0.466,-0.472,-0.468,-0.458,-0.454,-0.458,-0.466,-0.471,-0.476,-0.484,-0.493,-0.500,-0.506,-0.514,-0.524,-0.532,-0.539,-0.548,-0.558,-0.566,-0.574,-0.584,-0.595,-0.604,-0.612,-0.623,-0.635,-0.644,-0.654,-0.666,-0.677,-0.683,-0.685,-0.692,-0.704,-0.717,-0.729,-0.742,-0.756,-0.768,-0.779,-0.792,-0.806,-0.819,-0.830,-0.845,-0.859,-0.872,-0.885,-0.900,-0.915,-0.929,-0.942,-0.958,-0.975,-0.989,-1.003,-1.021,-1.039,-1.054,-1.069,-1.088,-1.108,-1.125,-1.141,-1.163,-1.185,-1.203,-1.223,-1.248,-1.274,-1.296,-1.319,-1.351,-1.385,-1.415,-1.448,-1.495,-1.547,-1.596,-1.653,-1.729,-1.810,-1.883,-1.964,-2.075,-2.208,-2.351,-2.555,-2.885,-3.276,-3.485,-3.352,-3.050,-2.875,-2.959,-3.269,-3.750,-4.461,-5.590,-7.438,-10.498,-15.492,-17.455,-12.237,-8.744,-6.726,-5.513,-4.726,-4.191,-3.840,-3.620,-3.467,-3.348,-3.272,-3.234,-3.205,-3.169,-3.142,-3.130,-3.118,-3.094,-3.076,-3.077,-3.084,-3.087,-3.099,-3.135,-3.185,-3.235,-3.295,-3.384,-3.493,-3.608,-3.737,-3.899,-4.095,-4.307,-4.539,-4.814,-5.140,-5.500,-5.886,-6.322,-6.824,-7.371,-7.931,-8.499,-9.083,-9.649,-10.119,-10.434,-10.605,-10.673,-10.653
26,5.5518,0.4919,4.1967,0.5036,0.9700,6.4000,-2.510,-2.658,-2.842,-3.041,-3.355,-3.806,-4.346,-4.996,-5.725,-6.264,-6.280,-5.783,-5.098,-4.442,-3.838,-3.349,-3.038,-2.809,-2.607,-2.564,-2.687,-2.921,-3.646,-5.306,-6.770,-5.508,-3.516,-2.415,-1.900,-1.549,-1.317,-1.188,-1.069,-0.967,-0.907,-0.844,-0.784,-0.750,-0.713,-0.678,-0.668,-0.659,-0.671,-0.767,-0.853,-0.777,-0.625,-0.581,-0.644,-0.676,-0.627,-0.563,-0.545,-0.566,-0.599,-0.644,-0.720,-0.825,-0.970,-1.192,-1.521,-2.002,-2.653,-3.275,-3.439,-3.067,-2.546,-2.148,-1.902,-1.773,-1.737,-1.769,-1.859,-2.006,-2.214,-2.486,-2.843,-3.305,-3.900,-4.679,-5.711,-7.092,-8.966,-11.481,-14.281,-14.802,-12.123,-9.264,-7.088,-5.506,-4.368,-3.560,-2.996,-2.619,-2.395,-2.298,-2.305,-2.404,-2.581,-2.808,-3.056,-3.290,-3.460,-3.536,-3.512,-3.394,-3.206,-2.987,-2.753,-2.520,-2.308,-2.114,-1.938,-1.789,-1.661,-1.546,-1.452,-1.378,-1.310,-1.260,-1.228,-1.199,-1.186,-1.197,-1.211,-1.244,-1.315,-1.404,-1.533,-1.759,-2.083,-2.587,-3.448,-4.306,-4.152,-3.279,-2.770,-2.888,-3.432,-4.265,-5.138,-5.422,-4.983,-4.362,-3.838,-3.447,-3.192,-2.992,-2.786,-2.612,-2.487,-2.403,-2.384,-2.424,-2.486,-2.579,-2.711,-2.852,-3.007,-3.196,-3.394,-3.596,-3.828,-4.071,-4.307,-4.561,-4.825,-5.066,-5.301,-5.537,-5.733,-5.892,-6.039,-6.142,-6.189,-6.219,-6.226,-6.185,-6.134,-6.092,-6.028,-5.963,-5.932,-5.905,-5.881,-5.903,-5.953,-6.006,-6.108,-6.257,-6.407,-6.602,-6.855,-7.105,-7.378,-7.706,-8.004,-8.279,-8.582,-8.815,-8.992
30,5.2394,0.5870,3.6239,1.6525,1.0649,6.8000,-2.059,-2.063,-2.064,-2.055,-2.054,-2.055,-2.046,-2.041,-2.044,-2.039,-2.035,-2.045,-2.054,-2.064,-2.094,-2.138,-2.189,-2.273,-2.397,-2.555,-2.776,-3.097,-3.527,-4.104,-4.883,-5.854,-6.858,-7.530,-7.460,-6.691,-5.647,-4.665,-3.871,-3.236,-2.706,-2.296,-2.007,-1.766,-1.557,-1.409,-1.282,-1.150,-1.070,-1.020,-0.949,-0.985,-1.205,-1.338,-1.149,-0.867,-0.727,-0.677,-0.631,-0.602,-0.624,-0.718,-0.817,-0.763,-0.581,-0.463,-0.440,-0.416,-0.391,-0.399,-0.404,-0.402,-0.424,-0.451,-0.474,-0.520,-0.584,-0.654,-0.756,-0.899,-1.073,-1.307,-1.616,-1.978,-2.377,-2.763,-3.033,-3.140,-3.112,-2.984,-2.821,-2.681,-2.562,-2.474,-2.433,-2.425,-2.443,-2.505,-2.603,-2.728,-2.903,-3.130,-3.403,-3.753,-4.199,-4.747,-5.444,-6.348,-7.484,-8.909,-10.584,-11.953,-11.915,-10.277,-8.137,-6.262,-4.779,-3.630,-2.771,-2.139,-1.658,-1.301,-1.051,-0.863,-0.727,-0.651,-0.611,-0.596,-0.635,-0.714,-0.820,-0.983,-1.175,-1.306,-1.348,-1.284,-1.122,-0.987,-0.932,-0.898,-0.947,-1.156,-1.467,-2.119,-3.722,-5.991,-6.013,-4.289,-3.350,-3.135,-3.076,-3.108,-3.239,-3.268,-3.206,-3.139,-2.988,-2.795,-2.653,-2.508,-2.362,-2.281,-2.223,-2.161,-2.153,-2.172,-2.184,-2.235,-2.321,-2.398,-2.505,-2.655,-2.801,-2.968,-3.189,-3.416,-3.657,-3.958,-4.282,-4.608,-4.993,-5.413,-5.816,-6.246,-6.699,-7.086,-7.409,-7.689,-7.835,-7.806,-7.674,-7.432,-7.038,-6.576,-6.106,-5.584,-5.039,-4.545,-4.077,-3.619,-3.240,-2.942,-2.681,-2.494,-2.400,-2.336,-2.305
34,5.5585,0.5002,3.7611,1.6233,0.9198,8.8000,-1.589,-1.656,-1.727,-1.675,-1.601,-1.643,-1.725,-1.695,-1.609,-1.628,-1.722,-1.724,-1.641,-1.650,-1.778,-1.852,-1.825,-1.893,-2.180,-2.560,-2.959,-3.732,-5.596,-9.759,-19.606,-12.901,-7.137,-4.550,-3.352,-2.829,-2.553,-2.342,-2.345,-2.904,-4.232,-5.827,-5.835,-4.099,-2.541,-1.741,-1.433,-1.232,-1.010,-0.860,-0.809,-0.766,-0.682,-0.614,-0.595,-0.581,-0.537,-0.496,-0.488,-0.485,-0.460,-0.436,-0.435,-0.440,-0.430,-0.418,-0.424,-0.438,-0.440,-0.441,-0.457,-0.481,-0.498,-0.516,-0.547,-0.587,-0.625,-0.666,-0.722,-0.791,-0.866,-0.949,-1.053,-1.182,-1.330,-1.503,-1.718,-1.986,-2.314,-2.718,-3.234,-3.904,-4.775,-5.924,-7.482,-9.649,-12.714,-16.649,-17.695,-14.104,-10.897,-8.680,-7.150,-6.072,-5.264,-4.548,-3.788,-2.981,-2.236,-1.659,-1.270,-1.019,-0.849,-0.733,-0.667,-0.638,-0.628,-0.638,-0.683,-0.767,-0.885,-1.051,-1.306,-1.699,-2.289,-3.202,-4.732,-7.472,-12.983,-32.636,-13.512,-8.202,-5.626,-4.181,-3.289,-2.698,-2.303,-2.048,-1.877,-1.752,-1.670,-1.633,-1.623,-1.624,-1.640,-1.680,-1.732,-1.782,-1.832,-1.886,-1.931,-1.947,-1.932,-1.894,-1.827,-1.728,-1.617,-1.521,-1.451,-1.407,-1.400,-1.446,-1.544,-1.681,-1.855,-2.073,-2.316,-2.546,-2.739,-2.902,-3.053,-3.204,-3.374,-3.591,-3.862,-4.172,-4.505,-4.865,-5.250,-5.635,-5.983,-6.277,-6.523,-6.730,-6.915,-7.117,-7.394,-7.774,-8.198,-8.534,-8.688,-8.689,-8.594,-8.417,-8.175,-7.947,-7.787,-7.676,-7.586,-7.552,-7.627,-7.799,-8.022,-8.298,-8.676,-9.149,-9.605
38,5.1428,0.4699,3.2458,0.6866,1.1757,8.8000,-1.618,-1.592,-1.605,-1.635,-1.626,-1.592,-1.589,-1.609,-1.598,-1.555,-1.534,-1.542,-1.527,-1.475,-1.438,-1.434,-1.414,-1.356,-1.307,-1.294,-1.275,-1.215,-1.158,-1.142,-1.127,-1.069,-1.010,-0.997,-0.993,-0.944,-0.889,-0.889,-0.910,-0.882,-0.849,-0.902,-1.015,-1.098,-1.253,-1.764,-2.718,-3.561,-3.335,-2.295,-1.416,-0.994,-0.831,-0.696,-0.564,-0.500,-0.484,-0.450,-0.401,-0.380,-0.382,-0.371,-0.346,-0.339,-0.348,-0.348,-0.338,-0.340,-0.355,-0.363,-0.365,-0.376,-0.399,-0.417,-0.431,-0.453,-0.487,-0.518,-0.548,-0.587,-0.637,-0.689,-0.742,-0.807,-0.887,-0.973,-1.067,-1.178,-1.313,-1.466,-1.638,-1.845,-2.095,-2.392,-2.744,-3.174,-3.710,-4.375,-5.204,-6.257,-7.612,-9.338,-11.403,-13.276,-13.462,-11.645,-9.376,-7.422,-5.874,-4.674,-3.751,-3.040,-2.485,-2.049,-1.711,-1.451,-1.249,-1.091,-0.975,-0.899,-0.854,-0.838,-0.856,-0.917,-1.025,-1.191,-1.443,-1.824,-2.393,-3.245,-4.554,-6.627,-10.022,-15.952,-19.940,-13.332,-9.475,-7.261,-5.879,-4.966,-4.337,-3.886,-3.535,-3.222,-2.913,-2.613,-2.347,-2.133,-1.966,-1.835,-1.729,-1.636,-1.546,-1.455,-1.366,-1.278,-1.191,-1.107,-1.035,-0.978,-0.940,-0.925,-0.942,-0.992,-1.067,-1.155,-1.253,-1.359,-1.467,-1.578,-1.699,-1.835,-1.985,-2.154,-2.354,-2.598,-2.889,-3.223,-3.602,-4.033,-4.509,-5.023,-5.570,-6.153,-6.757,-7.347,-7.884,-8.341,-8.688,-8.889,-8.925,-8.819,-8.625,-8.388,-8.127,-7.864,-7.638,-7.480,-7.391,-7.365,-7.421,-7.599,-7.915,-8.372,-8.994,-9.849,-10.995
42,4.5258,0.5251,3.1688,1.4631,0.8018,9.0000,-2.055,-1.171,-0.672,-0.514,-0.418,-0.358,-0.338,-0.321,-0.313,-0.306,-0.303,-0.308,-0.304,-0.304,-0.316,-0.313,-0.313,-0.328,-0.327,-0.326,-0.343,-0.344,-0.342,-0.361,-0.365,-0.361,-0.381,-0.388,-0.383,-0.405,-0.416,-0.409,-0.434,-0.451,-0.443,-0.472,-0.499,-0.493,-0.532,-0.581,-0.589,-0.672,-0.808,-0.936,-1.382,-2.229,-2.498,-1.742,-1.056,-0.848,-0.772,-0.689,-0.694,-0.717,-0.717,-0.766,-0.818,-0.805,-0.770,-0.738,-0.705,-0.700,-0.711,-0.711,-0.722,-0.742,-0.752,-0.767,-0.791,-0.805,-0.822,-0.849,-0.868,-0.888,-0.917,-0.940,-0.963,-0.995,-1.023,-1.051,-1.086,-1.121,-1.153,-1.195,-1.236,-1.276,-1.325,-1.376,-1.426,-1.485,-1.549,-1.614,-1.689,-1.773,-1.861,-1.962,-2.078,-2.204,-2.350,-2.521,-2.714,-2.942,-3.217,-3.543,-3.938,-4.430,-5.038,-5.800,-6.775,-8.007,-9.539,-11.325,-12.901,-13.240,-12.032,-10.235,-8.588,-7.263,-6.226,-5.432,-4.829,-4.362,-4.004,-3.737,-3.531,-3.379,-3.280,-3.221,-3.202,-3.242,-3.344,-3.540,-3.910,-4.568,-5.767,-8.112,-13.034,-29.107,-15.883,-10.319,-7.773,-6.352,-5.536,-5.099,-4.883,-4.798,-4.782,-4.774,-4.755,-4.721,-4.653,-4.550,-4.425,-4.270,-4.091,-3.906,-3.710,-3.510,-3.319,-3.136,-2.959,-2.800,-2.656,-2.522,-2.409,-2.316,-2.236,-2.177,-2.143,-2.126,-2.131,-2.165,-2.221,-2.298,-2.403,-2.527,-2.661,-2.808,-2.959,-3.095,-3.221,-3.334,-3.423,-3.496,-3.571,-3.643,-3.715,-3.811,-3.920,-4.031,-4.158,-4.297,-4.422,-4.544,-4.672,-4.779,-4.867,-4.960,-5.040,-5.093,-5.155
46,4.9575,0.5862,2.9290,0.4523,0.6822,8.6000,-1.793,-1.771,-1.798,-1.790,-1.754,-1.765,-1.759,-1.711,-1.704,-1.697,-1.641,-1.615,-1.606,-1.547,-1.504,-1.492,-1.435,-1.379,-1.365,-1.314,-1.251,-1.236,-1.195,-1.130,-1.116,-1.089,-1.028,-1.019,-1.013,-0.963,-0.968,-0.998,-0.977,-1.023,-1.136,-1.215,-1.428,-1.885,-2.569,-4.169,-8.337,-13.048,-7.249,-4.512,-3.901,-3.346,-2.334,-1.605,-1.215,-0.924,-0.746,-0.655,-0.554,-0.483,-0.454,-0.407,-0.370,-0.361,-0.338,-0.316,-0.317,-0.307,-0.295,-0.302,-0.301,-0.297,-0.310,-0.318,-0.322,-0.340,-0.357,-0.370,-0.395,-0.423,-0.446,-0.481,-0.522,-0.559,-0.609,-0.668,-0.727,-0.800,-0.886,-0.977,-1.087,-1.220,-1.367,-1.543,-1.758,-2.009,-2.315,-2.698,-3.168,-3.762,-4.536,-5.553,-6.927,-8.879,-11.810,-16.658,-22.753,-16.349,-11.250,-8.118,-6.019,-4.556,-3.509,-2.747,-2.197,-1.804,-1.527,-1.348,-1.257,-1.241,-1.308,-1.477,-1.764,-2.214,-2.902,-3.933,-5.482,-7.873,-11.785,-19.556,-24.426,-14.380,-10.246,-7.877,-6.335,-5.270,-4.504,-3.924,-3.473,-3.115,-2.812,-2.548,-2.313,-2.091,-1.877,-1.674,-1.475,-1.283,-1.107,-0.946,-0.802,-0.686,-0.599,-0.545,-0.535,-0.561,-0.598,-0.636,-0.670,-0.701,-0.741,-0.796,-0.859,-0.938,-1.033,-1.134,-1.241,-1.355,-1.461,-1.566,-1.688,-1.831,-2.008,-2.244,-2.539,-2.903,-3.366,-3.941,-4.646,-5.535,-6.655,-8.045,-9.775,-11.860,-13.940,-14.884,-13.909,-12.078,-10.338,-8.933,-7.889,-7.149,-6.636,-6.332,-6.236,-6.305,-6.536,-6.970,-7.599,-8.411,-9.462,-10.773,-12.264,-13.871,-15.515,-16.871,-17.460
50,5.4820,0.4707,2.9662,1.7825,1.0738,6.6000,-1.811,-1.818,-1.832,-1.838,-1.850,-1.864,-1.873,-1.889,-1.906,-1.921,-1.948,-1.975,-2.009,-2.060,-2.119,-2.201,-2.317,-2.469,-2.691,-3.011,-3.475,-4.194,-5.326,-7.160,-10.211,-14.199,-12.898,-8.825,-6.153,-4.515,-3.470,-2.787,-2.315,-1.970,-1.721,-1.525,-1.367,-1.246,-1.139,-1.052,-0.981,-0.912,-0.859,-0.812,-0.769,-0.751,-0.729,-0.699,-0.682,-0.671,-0.690,-0.703,-0.670,-0.661,-0.678,-0.702,-0.774,-0.864,-1.025,-1.324,-1.812,-2.779,-3.807,-3.247,-1.931,-1.206,-0.913,-0.772,-0.764,-0.813,-0.914,-1.100,-1.352,-1.720,-2.243,-2.930,-3.824,-4.839,-5.762,-6.328,-6.347,-5.995,-5.499,-5.004,-4.597,-4.264,-4.011,-3.832,-3.696,-3.613,-3.568,-3.546,-3.562,-3.593,-3.644,-3.719,-3.799,-3.898,-4.007,-4.115,-4.236,-4.347,-4.452,-4.550,-4.616,-4.661,-4.668,-4.624,-4.544,-4.403,-4.218,-3.996,-3.730,-3.453,-3.159,-2.860,-2.578,-2.299,-2.044,-1.815,-1.599,-1.418,-1.255,-1.110,-0.999,-0.895,-0.816,-0.762,-0.710,-0.693,-0.689,-0.699,-0.762,-0.839,-0.994,-1.288,-1.778,-2.881,-4.329,-4.200,-3.095,-2.578,-2.476,-2.497,-2.636,-2.747,-2.812,-2.844,-2.789,-2.718,-2.630,-2.527,-2.459,-2.395,-2.352,-2.345,-2.343,-2.373,-2.426,-2.487,-2.584,-2.694,-2.822,-2.986,-3.159,-3.365,-3.602,-3.854,-4.150,-4.474,-4.821,-5.218,-5.634,-6.078,-6.561,-7.038,-7.522,-7.998,-8.407,-8.766,-9.034,-9.168,-9.206,-9.123,-8.923,-8.674,-8.363,-8.016,-7.684,-7.341,-7.014,-6.726,-6.442,-6.195,-5.981,-5.774,-5.608,-5.460,-5.319,-5.219,-5.122
54,4.3964,0.6552,2.6226,1.9674,0.6667,5.2000,-0.220,-0.244,-0.244,-0.234,-0.256,-0.294,-0.305,-0.322,-0.435,-0.632,-0.752,-0.675,-0.489,-0.356,-0.318,-0.314,-0.299,-0.285,-0.288,-0.294,-0.293,-0.291,-0.297,-0.303,-0.305,-0.307,-0.313,-0.319,-0.322,-0.326,-0.332,-0.338,-0.342,-0.347,-0.354,-0.360,-0.365,-0.371,-0.378,-0.384,-0.391,-0.399,-0.408,-0.419,-0.431,-0.442,-0.446,-0.444,-0.442,-0.446,-0.452,-0.459,-0.465,-0.473,-0.481,-0.488,-0.496,-0.505,-0.513,-0.521,-0.529,-0.539,-0.548,-0.556,-0.566,-0.576,-0.586,-0.596,-0.607,-0.618,-0.630,-0.642,-0.656,-0.672,-0.690,-0.712,-0.733,-0.741,-0.733,-0.720,-0.716,-0.722,-0.730,-0.738,-0.748,-0.761,-0.773,-0.786,-0.803,-0.825,-0.846,-0.865,-0.884,-0.903,-0.918,-0.932,-0.947,-0.963,-0.978,-0.991,-1.007,-1.024,-1.039,-1.053,-1.070,-1.088,-1.104,-1.119,-1.137,-1.157,-1.174,-1.190,-1.209,-1.230,-1.248,-1.266,-1.287,-1.310,-1.330,-1.348,-1.372,-1.398,-1.421,-1.442,-1.470,-1.503,-1.531,-1.560,-1.602,-1.654,-1.703,-1.751,-1.813,-1.880,-1.935,-1.999,-2.127,-2.314,-2.449,-2.426,-2.299,-2.216,-2.247,-2.347,-2.450,-2.559,-2.707,-2.899,-3.115,-3.363,-3.679,-4.084,-4.582,-5.202,-6.009,-7.087,-8.528,-10.500,-13.370,-17.976,-24.877,-20.276,-14.885,-11.610,-9.409,-7.852,-6.715,-5.850,-5.171,-4.639,-4.227,-3.899,-3.628,-3.409,-3.242,-3.117,-3.018,-2.946,-2.911,-2.912,-2.938,-2.989,-3.079,-3.210,-3.371,-3.556,-3.775,-4.035,-4.326,-4.638,-4.981,-5.373,-5.807,-6.263,-6.737,-7.241,-7.767,-8.276,-8.733,-9.138,-9.496
58,5.4289,0.4215,2.9898,1.5018,1.0176,6.2000,-1.850,-1.827,-1.799,-1.761,-1.745,-1.721,-1.687,-1.674,-1.649,-1.616,-1.602,-1.575,-1.541,-1.526,-1.495,-1.461,-1.444,-1.410,-1.376,-1.360,-1.324,-1.293,-1.278,-1.243,-1.219,-1.212,-1.183,-1.175,-1.186,-1.180,-1.215,-1.286,-1.367,-1.575,-1.941,-2.590,-3.992,-5.773,-5.288,-3.300,-2.060,-1.473,-1.113,-0.916,-0.817,-0.715,-0.632,-0.576,-0.526,-0.495,-0.480,-0.470,-0.485,-0.558,-0.657,-0.644,-0.509,-0.427,-0.437,-0.474,-0.594,-0.772,-0.789,-0.622,-0.455,-0.356,-0.298,-0.263,-0.240,-0.225,-0.216,-0.208,-0.206,-0.206,-0.205,-0.209,-0.215,-0.219,-0.229,-0.239,-0.249,-0.264,-0.279,-0.296,-0.318,-0.339,-0.363,-0.393,-0.423,-0.458,-0.498,-0.540,-0.589,-0.646,-0.706,-0.777,-0.857,-0.946,-1.051,-1.172,-1.309,-1.474,-1.667,-1.893,-2.172,-2.507,-2.918,-3.440,-4.095,-4.940,-6.063,-7.564,-9.630,-12.519,-15.902,-16.076,-12.586,-9.468,-7.202,-5.568,-4.396,-3.536,-2.896,-2.439,-2.107,-1.865,-1.720,-1.634,-1.592,-1.608,-1.621,-1.606,-1.599,-1.587,-1.682,-2.051,-2.813,-4.618,-8.880,-11.261,-6.025,-3.248,-2.092,-1.496,-1.162,-1.017,-0.911,-0.853,-0.857,-0.849,-0.868,-0.917,-0.950,-1.008,-1.085,-1.146,-1.236,-1.337,-1.428,-1.552,-1.683,-1.811,-1.977,-2.151,-2.333,-2.562,-2.805,-3.072,-3.404,-3.759,-4.152,-4.612,-5.075,-5.541,-6.024,-6.447,-6.828,-7.197,-7.482,-7.711,-7.918,-8.021,-8.050,-8.055,-7.965,-7.819,-7.686,-7.504,-7.306,-7.162,-7.004,-6.858,-6.788,-6.721,-6.679,-6.729,-6.784,-6.881,-7.083,-7.295,-7.571
62,5.0639,0.7862,3.2124,0.4573,0.8352,6.2000,-2.432,-2.306,-2.180,-2.090,-1.985,-1.890,-1.820,-1.728,-1.657,-1.596,-1.515,-1.463,-1.402,-1.334,-1.293,-1.231,-1.178,-1.141,-1.081,-1.044,-1.005,-0.952,-0.928,-0.885,-0.846,-0.830,-0.786,-0.768,-0.754,-0.720,-0.728,-0.719,-0.718,-0.771,-0.797,-0.920,-1.144,-1.542,-2.639,-3.903,-3.937,-4.053,-4.466,-3.444,-2.149,-1.529,-1.145,-0.836,-0.641,-0.509,-0.434,-0.375,-0.329,-0.306,-0.279,-0.272,-0.272,-0.285,-0.335,-0.425,-0.619,-0.785,-0.658,-0.410,-0.270,-0.195,-0.150,-0.129,-0.109,-0.100,-0.093,-0.086,-0.086,-0.083,-0.082,-0.085,-0.085,-0.090,-0.094,-0.097,-0.106,-0.111,-0.119,-0.130,-0.138,-0.151,-0.163,-0.176,-0.193,-0.208,-0.227,-0.248,-0.268,-0.294,-0.320,-0.348,-0.381,-0.415,-0.455,-0.498,-0.545,-0.599,-0.659,-0.725,-0.802,-0.887,-0.985,-1.100,-1.230,-1.386,-1.569,-1.787,-2.054,-2.379,-2.786,-3.304,-3.968,-4.845,-6.021,-7.630,-9.911,-13.310,-19.019,-28.600,-19.416,-13.903,-10.476,-7.997,-6.112,-4.688,-3.652,-2.924,-2.451,-2.207,-2.179,-2.417,-3.066,-4.442,-7.457,-15.457,-16.665,-7.861,-4.602,-3.037,-2.168,-1.653,-1.321,-1.095,-0.950,-0.848,-0.780,-0.743,-0.718,-0.713,-0.722,-0.735,-0.765,-0.800,-0.842,-0.897,-0.954,-1.022,-1.101,-1.181,-1.277,-1.380,-1.489,-1.618,-1.754,-1.907,-2.084,-2.273,-2.493,-2.740,-3.010,-3.322,-3.661,-4.031,-4.444,-4.875,-5.329,-5.803,-6.254,-6.684,-7.066,-7.349,-7.544,-7.630,-7.592,-7.484,-7.306,-7.074,-6.850,-6.617,-6.396,-6.224,-6.067,-5.952,-5.890,-5.838,-5.827
66,5.0142,0.4687,2.7393,1.0821,0.6049,6.8000,-1.857,-1.840,-1.853,-1.879,-1.859,-1.881,-1.890,-1.872,-1.896,-1.889,-1.877,-1.897,-1.879,-1.877,-1.892,-1.873,-1.887,-1.903,-1.902,-1.946,-1.984,-2.034,-2.145,-2.268,-2.460,-2.769,-3.190,-3.871,-4.979,-6.790,-10.137,-17.295,-18.427,-10.506,-6.809,-4.803,-3.560,-2.764,-2.253,-1.863,-1.592,-1.404,-1.226,-1.117,-1.031,-0.937,-0.910,-0.872,-0.855,-0.951,-1.059,-1.443,-2.340,-2.726,-1.954,-1.315,-1.252,-1.375,-1.798,-2.914,-3.708,-2.713,-1.492,-0.944,-0.696,-0.536,-0.481,-0.440,-0.415,-0.426,-0.429,-0.453,-0.495,-0.537,-0.609,-0.696,-0.803,-0.953,-1.133,-1.365,-1.663,-2.018,-2.449,-2.934,-3.434,-3.909,-4.280,-4.509,-4.593,-4.547,-4.432,-4.281,-4.122,-3.983,-3.862,-3.769,-3.705,-3.664,-3.652,-3.664,-3.698,-3.759,-3.842,-3.948,-4.082,-4.238,-4.422,-4.634,-4.870,-5.133,-5.415,-5.705,-5.991,-6.240,-6.419,-6.489,-6.406,-6.159,-5.759,-5.241,-4.665,-4.074,-3.506,-2.992,-2.534,-2.142,-1.816,-1.543,-1.328,-1.160,-1.028,-0.946,-0.895,-0.882,-0.929,-1.019,-1.221,-1.605,-2.330,-3.906,-6.120,-6.261,-4.821,-4.026,-3.716,-3.577,-3.543,-3.445,-3.299,-3.123,-2.893,-2.691,-2.500,-2.324,-2.202,-2.090,-2.011,-1.968,-1.928,-1.925,-1.938,-1.956,-2.011,-2.068,-2.142,-2.248,-2.351,-2.487,-2.645,-2.807,-3.011,-3.226,-3.458,-3.735,-4.016,-4.329,-4.681,-5.027,-5.411,-5.805,-6.169,-6.544,-6.869,-7.109,-7.304,-7.378,-7.337,-7.239,-7.028,-6.756,-6.480,-6.148,-5.827,-5.537,-5.224,-4.961,-4.727,-4.486,-4.309,-4.141,-3.981
70,5.3507,0.5759,3.8687,1.9297,1.2848,8.4000,-3.086,-3.691,-4.696,-6.551,-10.605,-16.965,-10.770,-6.502,-4.529,-3.509,-2.904,-2.542,-2.303,-2.123,-1.993,-1.891,-1.802,-1.729,-1.667,-1.608,-1.556,-1.511,-1.469,-1.432,-1.404,-1.380,-1.363,-1.363,-1.376,-1.406,-1.480,-1.600,-1.795,-2.162,-2.801,-4.002,-6.484,-10.458,-9.484,-5.591,-3.461,-2.394,-1.759,-1.385,-1.158,-0.975,-0.854,-0.774,-0.690,-0.635,-0.597,-0.548,-0.520,-0.501,-0.469,-0.456,-0.449,-0.428,-0.427,-0.429,-0.418,-0.428,-0.440,-0.441,-0.465,-0.492,-0.509,-0.557,-0.611,-0.661,-0.763,-0.886,-1.036,-1.319,-1.729,-2.407,-3.662,-4.651,-3.705,-2.247,-1.523,-1.314,-1.274,-1.383,-1.621,-1.941,-2.415,-3.112,-4.101,-5.614,-8.059,-12.275,-19.164,-14.208,-8.796,-5.791,-3.968,-2.824,-2.096,-1.624,-1.332,-1.183,-1.144,-1.216,-1.423,-1.786,-2.365,-3.254,-4.565,-6.455,-9.092,-12.302,-14.215,-12.776,-10.418,-8.561,-7.214,-6.229,-5.503,-4.950,-4.512,-4.163,-3.867,-3.601,-3.358,-3.119,-2.875,-2.631,-2.383,-2.141,-1.929,-1.749,-1.573,-1.384,-1.191,-1.020,-0.882,-0.771,-0.688,-0.632,-0.595,-0.578,-0.581,-0.598,-0.630,-0.681,-0.745,-0.826,-0.926,-1.040,-1.170,-1.314,-1.461,-1.607,-1.755,-1.915,-2.126,-2.428,-2.851,-3.442,-4.265,-5.404,-7.015,-9.383,-13.041,-18.949,-20.000,-14.216,-10.735,-8.685,-7.498,-6.922,-6.843,-7.249,-8.201,-9.674,-11.066,-10.823,-9.034,-7.309,-6.179,-5.562,-5.327,-5.385,-5.662,-6.125,-6.773,-7.580,-8.515,-9.551,-10.569,-11.354,-11.711,-11.578,-11.067,-10.412,-9.832,-9.418,-9.196,-9.222,-9.520
74,4.7852,0.4007,3.1637,0.8354,0.7487,4.6000,-2.357,-2.208,-2.097,-2.004,-1.913,-1.855,-1.783,-1.736,-1.687,-1.637,-1.607,-1.557,-1.530,-1.490,-1.455,-1.428,-1.385,-1.363,-1.323,-1.294,-1.265,-1.225,-1.204,-1.163,-1.139,-1.106,-1.073,-1.053,-1.014,-0.999,-0.967,-0.948,-0.934,-0.909,-0.915,-0.900,-0.922,-0.948,-1.005,-1.138,-1.359,-1.773,-2.077,-2.596,-3.330,-3.244,-3.637,-4.378,-3.270,-1.994,-1.326,-0.933,-0.733,-0.583,-0.494,-0.428,-0.372,-0.340,-0.301,-0.283,-0.259,-0.245,-0.237,-0.229,-0.239,-0.253,-0.290,-0.297,-0.251,-0.206,-0.176,-0.162,-0.152,-0.148,-0.146,-0.144,-0.148,-0.149,-0.154,-0.159,-0.165,-0.173,-0.180,-0.191,-0.201,-0.214,-0.227,-0.241,-0.258,-0.274,-0.294,-0.313,-0.335,-0.359,-0.384,-0.412,-0.441,-0.474,-0.508,-0.545,-0.587,-0.629,-0.678,-0.729,-0.787,-0.849,-0.916,-0.991,-1.072,-1.163,-1.261,-1.368,-1.486,-1.610,-1.743,-1.878,-2.015,-2.144,-2.263,-2.368,-2.457,-2.538,-2.617,-2.708,-2.823,-2.977,-3.187,-3.467,-3.840,-4.325,-4.929,-5.590,-6.034,-5.743,-4.579,-3.254,-2.380,-2.072,-2.239,-2.821,-3.853,-5.328,-6.956,-8.541,-10.621,-13.615,-14.899,-11.606,-8.204,-5.859,-4.287,-3.234,-2.518,-2.026,-1.690,-1.454,-1.296,-1.189,-1.122,-1.086,-1.070,-1.076,-1.094,-1.127,-1.171,-1.223,-1.289,-1.359,-1.443,-1.533,-1.633,-1.745,-1.864,-2.000,-2.143,-2.304,-2.480,-2.671,-2.887,-3.119,-3.381,-3.670,-3.991,-4.355,-4.755,-5.215,-5.728,-6.311,-6.978,-7.726,-8.592,-9.555,-10.633,-11.800,-12.938,-13.922,-14.441,-14.330,-13.714,-12.785,-11.821
78,5.2066,0.4965,3.7791,1.9031,1.2831,6.8000,-3.597,-4.252,-5.209,-6.769,-9.193,-10.951,-9.183,-6.663,-5.013,-4.039,-3.430,-3.034,-2.777,-2.600,-2.471,-2.382,-2.318,-2.273,-2.256,-2.260,-2.282,-2.341,-2.452,-2.617,-2.870,-3.288,-3.955,-5.034,-6.932,-10.622,-19.670,-17.492,-9.699,-6.278,-4.443,-3.345,-2.626,-2.143,-1.814,-1.565,-1.364,-1.216,-1.108,-1.006,-0.922,-0.903,-0.937,-0.935,-0.844,-0.724,-0.649,-0.614,-0.577,-0.539,-0.518,-0.504,-0.483,-0.469,-0.468,-0.465,-0.463,-0.476,-0.496,-0.518,-0.558,-0.622,-0.704,-0.826,-1.024,-1.320,-1.771,-2.459,-3.240,-3.549,-3.067,-2.294,-1.690,-1.306,-1.061,-0.913,-0.839,-0.814,-0.838,-0.931,-1.109,-1.404,-1.864,-2.490,-3.178,-3.753,-4.084,-4.179,-4.153,-4.105,-4.073,-4.076,-4.131,-4.233,-4.373,-4.563,-4.802,-5.074,-5.385,-5.735,-6.096,-6.444,-6.761,-6.988,-7.061,-6.966,-6.689,-6.236,-5.683,-5.088,-4.480,-3.901,-3.385,-2.921,-2.508,-2.163,-1.873,-1.617,-1.405,-1.241,-1.098,-0.975,-0.892,-0.831,-0.772,-0.745,-0.758,-0.771,-0.810,-0.938,-1.129,-1.423,-2.100,-3.358,-4.622,-4.753,-4.112,-3.579,-3.158,-2.743,-2.519,-2.559,-2.695,-2.818,-2.935,-2.967,-2.851,-2.682,-2.514,-2.324,-2.150,-2.037,-1.950,-1.868,-1.833,-1.834,-1.833,-1.851,-1.912,-1.978,-2.044,-2.149,-2.278,-2.401,-2.548,-2.738,-2.932,-3.132,-3.379,-3.654,-3.923,-4.222,-4.566,-4.905,-5.232,-5.592,-5.954,-6.254,-6.515,-6.755,-6.912,-6.946,-6.919,-6.889,-6.851,-6.839,-6.954,-7.248,-7.663,-8.157,-8.738,-9.238,-9.351,-9.048,-8.451,-7.612,-6.724
82,5.3711,0.4414,3.3661,1.4779,0.9655,3.8000,-1.827,-1.740,-1.664,-1.604,-1.553,-1.507,-1.471,-1.434,-1.405,-1.376,-1.348,-1.325,-1.298,-1.278,-1.254,-1.232,-1.211,-1.187,-1.168,-1.144,-1.123,-1.101,-1.078,-1.059,-1.035,-1.016,-0.994,-0.975,-0.957,-0.938,-0.925,-0.909,-0.903,-0.899,-0.907,-0.929,-0.980,-1.096,-1.343,-1.839,-2.057,-1.792,-1.905,-1.999,-1.681,-1.749,-1.774,-1.274,-0.872,-0.676,-0.557,-0.496,-0.447,-0.418,-0.396,-0.380,-0.373,-0.370,-0.381,-0.405,-0.453,-0.522,-0.557,-0.507,-0.419,-0.358,-0.319,-0.297,-0.285,-0.278,-0.277,-0.277,-0.282,-0.288,-0.296,-0.307,-0.319,-0.334,-0.351,-0.370,-0.393,-0.417,-0.445,-0.475,-0.510,-0.548,-0.590,-0.637,-0.689,-0.747,-0.810,-0.881,-0.960,-1.046,-1.143,-1.249,-1.366,-1.495,-1.634,-1.786,-1.947,-2.116,-2.289,-2.460,-2.622,-2.768,-2.889,-2.979,-3.035,-3.059,-3.057,-3.038,-3.010,-2.986,-2.974,-2.982,-3.018,-3.086,-3.194,-3.347,-3.553,-3.820,-4.152,-4.559,-5.027,-5.528,-5.965,-6.174,-5.967,-5.297,-4.360,-3.404,-2.625,-2.098,-1.859,-1.959,-2.487,-3.699,-5.760,-8.621,-11.101,-9.003,-5.893,-3.986,-2.856,-2.178,-1.753,-1.475,-1.300,-1.181,-1.112,-1.071,-1.054,-1.058,-1.073,-1.105,-1.144,-1.195,-1.256,-1.322,-1.403,-1.487,-1.585,-1.690,-1.806,-1.937,-2.076,-2.236,-2.407,-2.600,-2.814,-3.050,-3.320,-3.616,-3.957,-4.342,-4.781,-5.291,-5.875,-6.568,-7.381,-8.359,-9.558,-11.037,-12.948,-15.437,-18.683,-21.740,-20.665,-17.421,-14.909,-13.243,-12.273,-11.815,-11.676,-11.755,-11.877,-11.987,-12.029,-11.977,-11.896
86,5.4738,0.5988,3.2951,0.9933,0.8973,8.4000,-1.696,-1.734,-1.705,-1.652,-1.675,-1.665,-1.600,-1.600,-1.604,-1.537,-1.512,-1.523,-1.466,-1.419,-1.431,-1.390,-1.330,-1.338,-1.319,-1.256,-1.260,-1.270,-1.219,-1.225,-1.278,-1.268,-1.305,-1.447,-1.564,-1.756,-2.220,-2.926,-4.161,-7.016,-13.004,-13.195,-8.563,-6.332,-4.440,-2.748,-1.808,-1.429,-1.158,-0.930,-0.829,-0.747,-0.645,-0.597,-0.567,-0.511,-0.481,-0.470,-0.439,-0.419,-0.418,-0.404,-0.391,-0.397,-0.396,-0.392,-0.404,-0.414,-0.420,-0.439,-0.462,-0.480,-0.510,-0.549,-0.584,-0.632,-0.692,-0.755,-0.831,-0.927,-1.035,-1.163,-1.325,-1.518,-1.752,-2.051,-2.427,-2.904,-3.535,-4.381,-5.536,-7.183,-9.654,-13.628,-19.844,-17.008,-11.335,-7.912,-5.701,-4.207,-3.174,-2.447,-1.931,-1.573,-1.334,-1.187,-1.125,-1.149,-1.260,-1.481,-1.852,-2.428,-3.302,-4.637,-6.693,-9.980,-15.963,-28.798,-16.114,-11.000,-8.246,-6.518,-5.351,-4.515,-3.895,-3.423,-3.046,-2.733,-2.467,-2.227,-1.999,-1.787,-1.589,-1.420,-1.320,-1.276,-1.198,-1.043,-0.864,-0.715,-0.601,-0.522,-0.473,-0.449,-0.445,-0.460,-0.490,-0.533,-0.591,-0.661,-0.743,-0.839,-0.946,-1.064,-1.190,-1.317,-1.437,-1.548,-1.651,-1.760,-1.905,-2.112,-2.402,-2.801,-3.342,-4.063,-5.037,-6.381,-8.293,-11.173,-16.103,-27.735,-19.532,-13.138,-9.842,-7.845,-6.574,-5.760,-5.265,-5.006,-4.925,-4.985,-5.173,-5.469,-5.860,-6.344,-6.912,-7.538,-8.197,-8.842,-9.372,-9.662,-9.636,-9.301,-8.772,-8.205,-7.690,-7.238,-6.850,-6.534,-6.273,-6.057,-5.902,-5.810,-5.772,-5.807,-5.937
90,4.6992,0.5019,2.9304,0.4128,0.9615,8.6000,-1.830,-1.786,-1.767,-1.820,-1.813,-1.752,-1.765,-1.793,-1.731,-1.684,-1.711,-1.684,-1.598,-1.585,-1.594,-1.512,-1.446,-1.463,-1.425,-1.326,-1.317,-1.338,-1.256,-1.207,-1.279,-1.288,-1.243,-1.396,-1.686,-1.969,-2.841,-5.446,-10.094,-8.070,-4.046,-2.288,-1.678,-1.328,-1.030,-0.903,-0.861,-0.784,-0.735,-0.770,-0.835,-0.922,-1.141,-1.604,-2.200,-2.451,-2.026,-1.359,-0.925,-0.721,-0.572,-0.456,-0.410,-0.378,-0.329,-0.307,-0.306,-0.287,-0.271,-0.278,-0.279,-0.269,-0.277,-0.291,-0.292,-0.299,-0.321,-0.334,-0.345,-0.371,-0.398,-0.418,-0.448,-0.488,-0.523,-0.561,-0.615,-0.670,-0.726,-0.797,-0.880,-0.964,-1.064,-1.187,-1.321,-1.473,-1.661,-1.881,-2.134,-2.445,-2.829,-3.295,-3.875,-4.624,-5.595,-6.877,-8.645,-11.193,-14.978,-19.222,-16.467,-11.869,-8.708,-6.522,-4.965,-3.850,-3.045,-2.461,-2.047,-1.776,-1.617,-1.557,-1.602,-1.765,-2.060,-2.531,-3.252,-4.323,-5.903,-8.289,-12.119,-19.423,-24.968,-15.100,-10.806,-8.317,-6.676,-5.506,-4.639,-3.974,-3.436,-2.985,-2.606,-2.276,-1.977,-1.711,-1.479,-1.269,-1.082,-0.928,-0.798,-0.687,-0.602,-0.543,-0.499,-0.473,-0.474,-0.492,-0.525,-0.586,-0.670,-0.765,-0.868,-0.971,-1.049,-1.100,-1.141,-1.180,-1.218,-1.276,-1.359,-1.457,-1.575,-1.731,-1.921,-2.147,-2.438,-2.810,-3.265,-3.837,-4.582,-5.540,-6.771,-8.416,-10.662,-13.661,-16.948,-17.181,-14.165,-11.392,-9.359,-7.903,-6.902,-6.233,-5.783,-5.524,-5.464,-5.560,-5.779,-6.164,-6.754,-7.515,-8.457,-9.672,-11.159,-12.742,-14.250
94,5.3789,0.5065,3.9218,0.4307,1.2761,8.8000,-1.963,-1.967,-2.026,-2.095,-2.132,-2.169,-2.282,-2.500,-2.790,-3.163,-3.780,-4.960,-7.098,-10.297,-11.629,-8.653,-5.922,-4.339,-3.475,-2.892,-2.395,-2.031,-1.845,-1.737,-1.579,-1.398,-1.306,-1.298,-1.253,-1.140,-1.082,-1.147,-1.227,-1.236,-1.351,-1.867,-2.806,-3.579,-3.324,-2.325,-1.467,-1.041,-0.886,-0.774,-0.646,-0.561,-0.535,-0.513,-0.468,-0.429,-0.418,-0.414,-0.396,-0.376,-0.370,-0.374,-0.371,-0.364,-0.365,-0.374,-0.384,-0.389,-0.398,-0.416,-0.437,-0.457,-0.479,-0.508,-0.545,-0.585,-0.626,-0.676,-0.737,-0.808,-0.884,-0.972,-1.078,-1.206,-1.351,-1.518,-1.722,-1.975,-2.278,-2.640,-3.091,-3.671,-4.411,-5.340,-6.529,-8.093,-10.104,-12.415,-14.467,-15.219,-13.760,-10.984,-8.333,-6.293,-4.830,-3.778,-2.992,-2.393,-1.943,-1.608,-1.350,-1.142,-0.981,-0.862,-0.776,-0.711,-0.668,-0.649,-0.656,-0.686,-0.744,-0.839,-0.986,-1.207,-1.539,-2.040,-2.817,-4.078,-6.200,-9.900,-16.463,-16.200,-10.412,-7.318,-5.584,-4.531,-3.848,-3.407,-3.141,-2.988,-2.898,-2.864,-2.887,-2.946,-3.008,-3.064,-3.111,-3.125,-3.069,-2.938,-2.756,-2.539,-2.293,-2.045,-1.829,-1.655,-1.512,-1.397,-1.320,-1.282,-1.266,-1.265,-1.288,-1.341,-1.415,-1.497,-1.597,-1.726,-1.878,-2.039,-2.210,-2.409,-2.640,-2.899,-3.192,-3.543,-3.957,-4.414,-4.891,-5.397,-5.946,-6.516,-7.063,-7.560,-8.009,-8.396,-8.678,-8.816,-8.830,-8.779,-8.692,-8.555,-8.376,-8.208,-8.100,-8.042,-8.003,-8.003,-8.113,-8.375,-8.793,-9.412,-10.380,-11.901,-14.150,-17.007,-18.561
98,4.9552,0.7225,3.0966,1.8342,0.8593,8.4000,-1.684,-1.711,-1.777,-1.766,-1.750,-1.803,-1.823,-1.784,-1.797,-1.831,-1.796,-1.765,-1.788,-1.771,-1.712,-1.703,-1.701,-1.639,-1.595,-1.593,-1.546,-1.478,-1.461,-1.436,-1.364,-1.327,-1.318,-1.262,-1.208,-1.205,-1.179,-1.124,-1.119,-1.130,-1.096,-1.095,-1.148,-1.173,-1.208,-1.338,-1.504,-1.701,-2.092,-2.758,-3.783,-5.629,-8.758,-10.476,-7.854,-5.612,-4.523,-4.468,-6.099,-10.789,-12.225,-6.224,-3.338,-2.165,-1.577,-1.150,-0.912,-0.790,-0.656,-0.553,-0.514,-0.464,-0.404,-0.385,-0.370,-0.335,-0.322,-0.324,-0.309,-0.299,-0.310,-0.312,-0.309,-0.325,-0.341,-0.349,-0.371,-0.402,-0.426,-0.458,-0.507,-0.553,-0.606,-0.680,-0.764,-0.856,-0.978,-1.129,-1.305,-1.532,-1.831,-2.209,-2.710,-3.389,-4.264,-5.272,-6.028,-5.760,-4.492,-3.118,-2.112,-1.501,-1.191,-1.093,-1.146,-1.326,-1.630,-2.061,-2.636,-3.390,-4.357,-5.563,-7.032,-8.738,-10.472,-11.757,-12.054,-11.378,-10.299,-9.230,-8.284,-7.476,-6.782,-6.140,-5.497,-4.827,-4.105,-3.344,-2.607,-1.954,-1.421,-1.025,-0.759,-0.593,-0.500,-0.465,-0.470,-0.497,-0.547,-0.615,-0.688,-0.765,-0.844,-0.909,-0.947,-0.961,-0.948,-0.916,-0.895,-0.901,-0.937,-1.008,-1.114,-1.244,-1.404,-1.626,-1.939,-2.387,-3.055,-4.062,-5.578,-7.885,-11.013,-12.287,-9.506,-6.659,-4.741,-3.519,-2.745,-2.246,-1.924,-1.731,-1.625,-1.574,-1.574,-1.621,-1.695,-1.795,-1.933,-2.096,-2.275,-2.486,-2.728,-2.981,-3.255,-3.561,-3.875,-4.190,-4.530,-4.878,-5.206,-5.541,-5.889,-6.208,-6.501,-6.795,-7.045
102,4.8870,0.4517,3.3462,0.4421,0.7477,7.4000,-1.930,-1.946,-1.951,-1.943,-1.960,-1.945,-1.948,-1.950,-1.932,-1.943,-1.930,-1.930,-1.943,-1.941,-1.976,-2.011,-2.072,-2.185,-2.329,-2.577,-2.950,-3.516,-4.440,-5.848,-7.840,-9.664,-9.171,-7.103,-5.336,-4.133,-3.331,-2.851,-2.573,-2.485,-2.661,-3.167,-4.292,-5.663,-5.312,-3.695,-2.510,-1.836,-1.419,-1.159,-0.981,-0.845,-0.751,-0.670,-0.607,-0.559,-0.511,-0.480,-0.448,-0.422,-0.407,-0.384,-0.377,-0.366,-0.359,-0.365,-0.360,-0.376,-0.387,-0.407,-0.447,-0.481,-0.562,-0.654,-0.817,-1.107,-1.593,-2.516,-2.871,-1.860,-1.016,-0.716,-0.590,-0.574,-0.604,-0.650,-0.730,-0.808,-0.901,-0.991,-1.070,-1.139,-1.183,-1.215,-1.237,-1.269,-1.340,-1.482,-1.749,-2.206,-2.927,-3.962,-5.298,-6.778,-8.167,-9.227,-9.895,-10.311,-10.457,-10.277,-9.309,-7.961,-6.874,-5.971,-5.633,-6.174,-7.244,-8.693,-10.843,-14.058,-20.049,-31.734,-17.704,-12.106,-8.813,-6.575,-4.962,-3.801,-2.932,-2.291,-1.819,-1.458,-1.199,-1.001,-0.857,-0.758,-0.682,-0.642,-0.617,-0.612,-0.628,-0.652,-0.700,-0.757,-0.831,-0.927,-1.034,-1.169,-1.319,-1.492,-1.689,-1.894,-2.116,-2.321,-2.500,-2.630,-2.682,-2.669,-2.577,-2.441,-2.278,-2.104,-1.948,-1.800,-1.681,-1.583,-1.504,-1.455,-1.414,-1.400,-1.400,-1.410,-1.445,-1.482,-1.543,-1.613,-1.693,-1.798,-1.904,-2.037,-2.182,-2.339,-2.529,-2.723,-2.951,-3.203,-3.473,-3.795,-4.139,-4.534,-4.979,-5.427,-5.893,-6.291,-6.594,-6.811,-6.878,-6.868,-6.772,-6.589,-6.403,-6.160,-5.920,-5.697,-5.448,-5.255,-5.053
106,5.3390,0.8024,3.4810,1.0247,0.8136,8.6000,-1.882,-1.920,-1.888,-1.797,-1.759,-1.784,-1.769,-1.677,-1.608,-1.616,-1.615,-1.533,-1.445,-1.435,-1.446,-1.382,-1.287,-1.264,-1.289,-1.251,-1.159,-1.130,-1.175,-1.176,-1.105,-1.086,-1.176,-1.258,-1.259,-1.319,-1.582,-1.977,-2.414,-3.193,-5.054,-9.387,-23.774,-13.302,-7.390,-5.094,-3.923,-2.941,-2.043,-1.458,-1.202,-1.059,-0.878,-0.715,-0.646,-0.620,-0.555,-0.478,-0.447,-0.446,-0.419,-0.375,-0.359,-0.367,-0.359,-0.334,-0.327,-0.341,-0.346,-0.335,-0.338,-0.359,-0.376,-0.379,-0.393,-0.425,-0.456,-0.477,-0.507,-0.556,-0.609,-0.657,-0.715,-0.796,-0.889,-0.986,-1.100,-1.248,-1.426,-1.629,-1.873,-2.186,-2.582,-3.072,-3.696,-4.527,-5.655,-7.210,-9.448,-12.952,-19.127,-21.232,-14.015,-9.808,-7.155,-5.355,-4.094,-3.186,-2.513,-2.010,-1.639,-1.370,-1.173,-1.032,-0.949,-0.926,-0.958,-1.051,-1.231,-1.538,-2.015,-2.735,-3.825,-5.486,-8.043,-12.244,-21.113,-19.767,-11.539,-7.535,-5.161,-3.702,-2.815,-2.284,-1.968,-1.784,-1.684,-1.637,-1.624,-1.637,-1.663,-1.687,-1.696,-1.682,-1.632,-1.532,-1.391,-1.227,-1.062,-0.906,-0.774,-0.680,-0.620,-0.588,-0.580,-0.601,-0.647,-0.710,-0.788,-0.887,-1.009,-1.142,-1.280,-1.422,-1.563,-1.684,-1.779,-1.867,-1.972,-2.106,-2.281,-2.520,-2.841,-3.250,-3.748,-4.356,-5.110,-6.030,-7.120,-8.383,-9.805,-11.267,-12.422,-12.798,-12.290,-11.311,-10.293,-9.433,-8.771,-8.319,-8.110,-8.177,-8.517,-9.124,-10.032,-11.294,-12.799,-14.045,-14.390,-13.900,-13.134,-12.509,-12.283,-12.605,-13.471,-14.620,-15.333
110,5.0498,0.6673,2.9284,0.6157,0.7123,6.8000,-2.062,-2.033,-2.017,-1.969,-1.947,-1.915,-1.868,-1.848,-1.801,-1.764,-1.739,-1.689,-1.665,-1.633,-1.594,-1.581,-1.551,-1.538,-1.540,-1.533,-1.562,-1.599,-1.658,-1.775,-1.927,-2.179,-2.575,-3.185,-4.243,-6.104,-9.758,-19.590,-16.567,-8.768,-5.473,-3.759,-2.760,-2.125,-1.734,-1.450,-1.259,-1.147,-1.053,-1.052,-1.103,-1.304,-1.689,-1.753,-2.037,-3.220,-3.320,-1.940,-1.206,-0.946,-0.804,-0.874,-1.019,-1.497,-2.098,-1.761,-1.025,-0.663,-0.506,-0.420,-0.392,-0.371,-0.372,-0.382,-0.398,-0.428,-0.461,-0.508,-0.566,-0.636,-0.727,-0.837,-0.975,-1.150,-1.366,-1.642,-1.986,-2.413,-2.935,-3.547,-4.230,-4.924,-5.538,-5.983,-6.196,-6.202,-6.067,-5.866,-5.660,-5.478,-5.341,-5.255,-5.218,-5.235,-5.300,-5.414,-5.579,-5.788,-6.047,-6.349,-6.688,-7.058,-7.433,-7.784,-8.063,-8.210,-8.177,-7.929,-7.485,-6.896,-6.220,-5.525,-4.848,-4.220,-3.655,-3.152,-2.718,-2.343,-2.022,-1.755,-1.526,-1.338,-1.184,-1.055,-0.960,-0.885,-0.834,-0.814,-0.812,-0.856,-0.945,-1.102,-1.418,-1.983,-3.158,-5.165,-6.300,-5.435,-4.674,-4.425,-4.327,-4.249,-4.032,-3.715,-3.373,-3.029,-2.753,-2.527,-2.356,-2.249,-2.172,-2.142,-2.137,-2.137,-2.156,-2.169,-2.193,-2.235,-2.283,-2.360,-2.451,-2.559,-2.699,-2.847,-3.025,-3.228,-3.446,-3.701,-3.974,-4.271,-4.604,-4.942,-5.308,-5.684,-6.043,-6.400,-6.707,-6.949,-7.128,-7.192,-7.163,-7.051,-6.838,-6.583,-6.291,-5.963,-5.654,-5.341,-5.040,-4.778,-4.519,-4.296,-4.103,-3.917,-3.776,-3.644,-3.532
114,4.9223,0.7263,3.0186,0.4590,0.7655,5.4000,-2.765,-2.559,-2.399,-2.246,-2.115,-2.007,-1.894,-1.811,-1.720,-1.644,-1.576,-1.500,-1.446,-1.379,-1.326,-1.273,-1.215,-1.174,-1.118,-1.078,-1.032,-0.987,-0.953,-0.904,-0.876,-0.834,-0.801,-0.772,-0.733,-0.714,-0.677,-0.659,-0.635,-0.610,-0.605,-0.580,-0.587,-0.580,-0.597,-0.639,-0.692,-0.861,-1.084,-1.596,-2.221,-2.325,-2.224,-1.770,-1.079,-0.720,-0.522,-0.398,-0.340,-0.278,-0.254,-0.223,-0.207,-0.197,-0.185,-0.192,-0.193,-0.221,-0.266,-0.353,-0.447,-0.401,-0.274,-0.184,-0.139,-0.114,-0.100,-0.094,-0.089,-0.089,-0.088,-0.090,-0.094,-0.096,-0.103,-0.107,-0.115,-0.123,-0.131,-0.141,-0.151,-0.163,-0.175,-0.189,-0.204,-0.219,-0.238,-0.255,-0.276,-0.297,-0.320,-0.346,-0.372,-0.402,-0.433,-0.467,-0.504,-0.543,-0.588,-0.634,-0.687,-0.744,-0.807,-0.878,-0.955,-1.043,-1.141,-1.254,-1.381,-1.528,-1.699,-1.896,-2.129,-2.400,-2.718,-3.085,-3.499,-3.949,-4.409,-4.851,-5.251,-5.627,-6.038,-6.565,-7.296,-8.222,-9.058,-8.963,-7.494,-5.568,-4.039,-3.134,-2.808,-3.012,-3.790,-5.366,-8.355,-14.779,-25.783,-11.930,-7.466,-5.212,-3.943,-3.182,-2.684,-2.315,-2.004,-1.734,-1.504,-1.321,-1.184,-1.084,-1.019,-0.979,-0.962,-0.963,-0.977,-1.007,-1.047,-1.098,-1.160,-1.231,-1.315,-1.407,-1.512,-1.628,-1.757,-1.902,-2.059,-2.237,-2.431,-2.649,-2.891,-3.157,-3.458,-3.787,-4.157,-4.566,-5.016,-5.516,-6.052,-6.633,-7.234,-7.837,-8.415,-8.899,-9.259,-9.437,-9.413,-9.231,-8.908,-8.523,-8.123,-7.732,-7.403,-7.125,-6.928
118,4.7368,0.4899,3.2631,1.8812,0.7749,6.2000,-2.197,-2.172,-2.142,-2.101,-2.083,-2.049,-2.016,-1.998,-1.959,-1.931,-1.906,-1.862,-1.837,-1.801,-1.757,-1.729,-1.683,-1.641,-1.608,-1.555,-1.518,-1.477,-1.424,-1.392,-1.344,-1.299,-1.268,-1.218,-1.187,-1.156,-1.114,-1.098,-1.070,-1.048,-1.053,-1.039,-1.059,-1.098,-1.137,-1.256,-1.409,-1.668,-2.159,-2.727,-3.346,-3.724,-3.362,-3.145,-3.959,-6.100,-10.778,-22.703,-11.580,-6.571,-4.201,-2.895,-2.133,-1.629,-1.291,-1.059,-0.877,-0.753,-0.658,-0.595,-0.573,-0.525,-0.446,-0.380,-0.328,-0.291,-0.260,-0.232,-0.212,-0.192,-0.175,-0.163,-0.148,-0.139,-0.130,-0.121,-0.117,-0.110,-0.106,-0.104,-0.100,-0.101,-0.100,-0.100,-0.103,-0.105,-0.109,-0.114,-0.118,-0.126,-0.133,-0.141,-0.152,-0.161,-0.175,-0.188,-0.202,-0.220,-0.238,-0.259,-0.282,-0.306,-0.336,-0.366,-0.402,-0.443,-0.487,-0.540,-0.599,-0.668,-0.749,-0.842,-0.953,-1.083,-1.232,-1.404,-1.596,-1.807,-2.040,-2.296,-2.599,-2.977,-3.477,-4.183,-5.221,-6.844,-9.526,-13.705,-13.682,-8.631,-5.371,-3.615,-2.769,-2.496,-2.639,-3.170,-4.129,-5.544,-7.611,-11.130,-19.179,-22.676,-12.016,-7.846,-5.522,-4.084,-3.150,-2.521,-2.085,-1.780,-1.563,-1.409,-1.302,-1.228,-1.183,-1.157,-1.148,-1.155,-1.172,-1.200,-1.237,-1.281,-1.334,-1.392,-1.456,-1.529,-1.606,-1.693,-1.789,-1.894,-2.017,-2.151,-2.305,-2.483,-2.680,-2.907,-3.164,-3.451,-3.778,-4.137,-4.533,-4.970,-5.430,-5.916,-6.408,-6.871,-7.293,-7.623,-7.822,-7.890,-7.806,-7.590,-7.295,-6.930,-6.540,-6.159,-5.779
122,5.5873,0.5618,3.0159,0.8067,0.6743,6.6000,-1.850,-1.807,-1.820,-1.811,-1.779,-1.800,-1.778,-1.767,-1.790,-1.769,-1.788,-1.819,-1.826,-1.894,-1.966,-2.057,-2.243,-2.474,-2.841,-3.463,-4.438,-6.191,-9.630,-17.383,-16.299,-8.983,-5.752,-4.000,-2.964,-2.365,-1.931,-1.636,-1.461,-1.285,-1.191,-1.142,-1.073,-1.136,-1.241,-1.531,-2.392,-2.890,-2.053,-1.229,-0.945,-0.798,-0.674,-0.635,-0.612,-0.602,-0.656,-0.727,-0.895,-1.322,-1.579,-1.200,-0.772,-0.654,-0.616,-0.605,-0.656,-0.700,-0.775,-0.884,-1.003,-1.178,-1.400,-1.683,-2.073,-2.578,-3.251,-4.147,-5.276,-6.646,-8.072,-9.130,-9.404,-8.898,-8.088,-7.290,-6.623,-6.128,-5.767,-5.531,-5.402,-5.353,-5.388,-5.491,-5.653,-5.882,-6.159,-6.487,-6.860,-7.249,-7.645,-8.001,-8.269,-8.405,-8.354,-8.114,-7.701,-7.158,-6.551,-5.916,-5.296,-4.713,-4.173,-3.689,-3.256,-2.872,-2.538,-2.243,-1.987,-1.765,-1.571,-1.406,-1.262,-1.138,-1.034,-0.944,-0.869,-0.807,-0.756,-0.717,-0.688,-0.668,-0.660,-0.661,-0.675,-0.704,-0.751,-0.823,-0.939,-1.120,-1.420,-1.882,-2.391,-2.720,-2.904,-3.165,-3.571,-4.091,-4.641,-5.041,-5.174,-5.039,-4.718,-4.323,-3.926,-3.588,-3.330,-3.139,-3.017,-2.948,-2.919,-2.932,-2.973,-3.041,-3.139,-3.253,-3.392,-3.551,-3.723,-3.917,-4.123,-4.337,-4.565,-4.792,-5.017,-5.240,-5.439,-5.621,-5.776,-5.887,-5.966,-6.003,-5.993,-5.956,-5.882,-5.781,-5.672,-5.546,-5.419,-5.301,-5.182,-5.083,-5.001,-4.931,-4.893,-4.875,-4.880,-4.927,-4.997,-5.106,-5.267,-5.463,-5.726,-6.057,-6.457,-6.973,-7.596
126,4.7667,0.7312,2.9929,1.3194,0.8509,6.4000,-2.302,-2.300,-2.315,-2.336,-2.327,-2.317,-2.327,-2.316,-2.286,-2.279,-2.268,-2.231,-2.208,-2.201,-2.172,-2.145,-2.149,-2.149,-2.144,-2.177,-2.239,-2.307,-2.427,-2.630,-2.896,-3.273,-3.858,-4.695,-5.823,-7.281,-8.708,-9.003,-7.795,-6.227,-5.165,-4.696,-4.309,-3.581,-2.803,-2.293,-1.943,-1.638,-1.448,-1.321,-1.185,-1.207,-1.442,-1.528,-1.278,-1.044,-0.986,-0.898,-0.722,-0.612,-0.570,-0.513,-0.465,-0.448,-0.422,-0.391,-0.381,-0.370,-0.351,-0.347,-0.347,-0.340,-0.342,-0.353,-0.358,-0.370,-0.393,-0.416,-0.444,-0.488,-0.539,-0.601,-0.686,-0.795,-0.930,-1.110,-1.347,-1.643,-2.013,-2.443,-2.866,-3.186,-3.311,-3.219,-2.987,-2.714,-2.453,-2.230,-2.057,-1.925,-1.825,-1.757,-1.715,-1.688,-1.680,-1.688,-1.705,-1.734,-1.777,-1.827,-1.886,-1.958,-2.039,-2.127,-2.230,-2.344,-2.467,-2.604,-2.756,-2.916,-3.089,-3.275,-3.465,-3.656,-3.846,-4.018,-4.159,-4.260,-4.301,-4.263,-4.149,-3.952,-3.667,-3.307,-2.864,-2.316,-1.729,-1.243,-0.934,-0.771,-0.687,-0.650,-0.660,-0.725,-0.854,-1.061,-1.385,-1.876,-2.481,-2.979,-3.215,-3.286,-3.319,-3.304,-3.235,-3.145,-3.032,-2.899,-2.772,-2.655,-2.538,-2.437,-2.355,-2.279,-2.216,-2.173,-2.137,-2.109,-2.101,-2.102,-2.106,-2.129,-2.163,-2.200,-2.254,-2.323,-2.396,-2.482,-2.590,-2.704,-2.829,-2.980,-3.141,-3.310,-3.503,-3.713,-3.922,-4.153,-4.407,-4.666,-4.952,-5.289,-5.660,-6.072,-6.556,-7.089,-7.636,-8.204,-8.763,-9.216,-9.512,-9.642,-9.560,-9.249,-8.804,-8.304,-7.749
130,5.3895,0.4529,4.0095,0.8788,0.8288,4.0000,-1.360,-1.348,-1.312,-1.288,-1.279,-1.240,-1.243,-1.209,-1.200,-1.188,-1.159,-1.166,-1.131,-1.135,-1.119,-1.104,-1.119,-1.094,-1.132,-1.136,-1.191,-1.296,-1.442,-1.863,-2.641,-4.852,-8.415,-6.043,-3.283,-2.193,-1.646,-1.366,-1.212,-1.105,-1.062,-1.055,-1.091,-1.239,-1.532,-2.240,-3.392,-3.278,-2.009,-1.329,-1.056,-0.838,-0.683,-0.572,-0.519,-0.469,-0.436,-0.416,-0.391,-0.386,-0.376,-0.383,-0.404,-0.447,-0.539,-0.632,-0.615,-0.489,-0.391,-0.337,-0.302,-0.289,-0.276,-0.275,-0.274,-0.277,-0.285,-0.291,-0.305,-0.317,-0.335,-0.356,-0.377,-0.407,-0.437,-0.476,-0.519,-0.570,-0.632,-0.702,-0.792,-0.896,-1.026,-1.187,-1.384,-1.623,-1.889,-2.147,-2.303,-2.271,-2.051,-1.748,-1.475,-1.271,-1.144,-1.075,-1.052,-1.065,-1.103,-1.167,-1.249,-1.353,-1.477,-1.623,-1.797,-1.999,-2.239,-2.523,-2.863,-3.276,-3.777,-4.403,-5.185,-6.179,-7.441,-8.999,-10.711,-11.808,-11.208,-9.312,-7.325,-5.707,-4.520,-3.714,-3.216,-2.969,-2.869,-2.791,-2.647,-2.569,-2.880,-3.986,-6.639,-11.235,-10.248,-6.221,-3.987,-2.771,-2.068,-1.640,-1.362,-1.184,-1.063,-0.986,-0.939,-0.911,-0.903,-0.905,-0.920,-0.944,-0.975,-1.016,-1.061,-1.115,-1.175,-1.242,-1.319,-1.401,-1.498,-1.604,-1.726,-1.869,-2.035,-2.238,-2.484,-2.798,-3.202,-3.725,-4.405,-5.247,-6.241,-7.305,-8.342,-9.303,-10.188,-11.110,-12.162,-13.505,-15.341,-17.993,-22.398,-31.883,-28.658,-21.305,-17.877,-16.060,-15.315,-15.342,-16.015,-17.375,-19.429,-22.620,-27.846,-34.919,-27.855,-22.705,-19.462
134,5.1561,0.6857,2.6447,0.4727,0.7830,8.0000,-1.893,-1.865,-1.817,-1.836,-1.821,-1.759,-1.756,-1.748,-1.680,-1.655,-1.650,-1.584,-1.539,-1.533,-1.474,-1.415,-1.406,-1.358,-1.292,-1.279,-1.245,-1.179,-1.163,-1.145,-1.086,-1.072,-1.073,-1.031,-1.027,-1.060,-1.055,-1.090,-1.199,-1.303,-1.496,-1.903,-2.534,-3.722,-5.952,-7.770,-6.027,-3.750,-2.428,-1.708,-1.316,-1.086,-0.914,-0.858,-0.881,-0.906,-1.232,-1.987,-2.266,-1.528,-0.824,-0.605,-0.524,-0.416,-0.392,-0.394,-0.356,-0.355,-0.373,-0.361,-0.369,-0.397,-0.403,-0.423,-0.462,-0.488,-0.522,-0.580,-0.632,-0.693,-0.784,-0.880,-0.994,-1.154,-1.344,-1.585,-1.925,-2.382,-3.029,-4.030,-5.616,-8.266,-12.145,-11.157,-6.728,-3.972,-2.498,-1.737,-1.361,-1.211,-1.201,-1.287,-1.454,-1.691,-2.000,-2.391,-2.872,-3.455,-4.166,-5.025,-6.055,-7.303,-8.818,-10.668,-13.020,-16.212,-21.230,-33.586,-24.209,-16.795,-12.380,-9.157,-6.695,-4.836,-3.489,-2.562,-1.948,-1.548,-1.293,-1.136,-1.038,-0.983,-0.959,-0.956,-0.969,-1.000,-1.041,-1.092,-1.154,-1.221,-1.289,-1.361,-1.434,-1.524,-1.669,-1.916,-2.335,-3.041,-4.199,-6.101,-8.894,-10.135,-7.388,-4.697,-3.082,-2.181,-1.677,-1.414,-1.297,-1.266,-1.306,-1.402,-1.537,-1.718,-1.943,-2.200,-2.494,-2.820,-3.149,-3.467,-3.745,-3.936,-4.026,-4.019,-3.917,-3.760,-3.589,-3.415,-3.264,-3.154,-3.078,-3.039,-3.050,-3.096,-3.174,-3.299,-3.459,-3.643,-3.866,-4.122,-4.388,-4.673,-4.976,-5.261,-5.521,-5.762,-5.949,-6.058,-6.109,-6.090,-5.978,-5.809,-5.609,-5.359,-5.087,-4.832,-4.572
138,5.5984,0.7537,3.6098,0.5872,1.2655,4.8000,-2.094,-1.964,-1.850,-1.745,-1.668,-1.589,-1.519,-1.465,-1.402,-1.355,-1.308,-1.256,-1.221,-1.176,-1.136,-1.104,-1.060,-1.030,-0.997,-0.959,-0.934,-0.898,-0.869,-0.846,-0.811,-0.791,-0.765,-0.737,-0.726,-0.699,-0.687,-0.681,-0.666,-0.686,-0.700,-0.750,-0.881,-1.095,-1.645,-2.255,-1.958,-1.211,-0.823,-0.639,-0.514,-0.461,-0.407,-0.377,-0.362,-0.339,-0.339,-0.335,-0.340,-0.368,-0.401,-0.487,-0.632,-0.899,-1.303,-1.425,-1.083,-0.712,-0.503,-0.381,-0.311,-0.271,-0.242,-0.226,-0.215,-0.209,-0.207,-0.207,-0.211,-0.216,-0.224,-0.235,-0.248,-0.263,-0.281,-0.302,-0.327,-0.355,-0.387,-0.424,-0.466,-0.515,-0.571,-0.636,-0.711,-0.799,-0.902,-1.024,-1.169,-1.343,-1.552,-1.807,-2.119,-2.504,-2.981,-3.577,-4.318,-5.238,-6.356,-7.660,-9.032,-10.159,-10.586,-10.151,-9.204,-8.153,-7.209,-6.430,-5.816,-5.346,-5.000,-4.759,-4.608,-4.535,-4.531,-4.585,-4.683,-4.803,-4.910,-4.955,-4.885,-4.662,-4.286,-3.801,-3.270,-2.749,-2.276,-1.875,-1.577,-1.414,-1.372,-1.374,-1.361,-1.331,-1.293,-1.259,-1.233,-1.216,-1.211,-1.216,-1.232,-1.258,-1.290,-1.326,-1.363,-1.401,-1.438,-1.475,-1.513,-1.552,-1.592,-1.634,-1.676,-1.719,-1.761,-1.801,-1.835,-1.864,-1.885,-1.906,-1.943,-2.031,-2.199,-2.442,-2.724,-3.010,-3.286,-3.555,-3.821,-4.091,-4.371,-4.663,-4.971,-5.299,-5.645,-6.012,-6.398,-6.800,-7.215,-7.633,-8.046,-8.440,-8.794,-9.096,-9.323,-9.461,-9.509,-9.464,-9.341,-9.160,-8.938,-8.699,-8.465,-8.246,-8.062,-7.920,-7.828
142,5.5654,0.5084,2.8378,0.6569,0.6864,4.8000,-1.775,-1.704,-1.640,-1.582,-1.535,-1.486,-1.447,-1.406,-1.369,-1.335,-1.298,-1.269,-1.233,-1.203,-1.173,-1.140,-1.113,-1.079,-1.053,-1.022,-0.993,-0.968,-0.936,-0.914,-0.884,-0.862,-0.839,-0.814,-0.801,-0.778,-0.773,-0.765,-0.772,-0.802,-0.849,-0.992,-1.246,-1.855,-2.462,-2.003,-1.242,-0.892,-0.703,-0.624,-0.573,-0.533,-0.559,-0.639,-0.871,-1.015,-0.849,-0.654,-0.554,-0.504,-0.489,-0.500,-0.544,-0.627,-0.760,-0.859,-0.776,-0.582,-0.439,-0.358,-0.313,-0.291,-0.278,-0.275,-0.275,-0.279,-0.287,-0.296,-0.309,-0.323,-0.340,-0.360,-0.381,-0.406,-0.433,-0.464,-0.497,-0.533,-0.574,-0.618,-0.668,-0.722,-0.781,-0.847,-0.918,-0.998,-1.085,-1.183,-1.290,-1.409,-1.541,-1.689,-1.854,-2.038,-2.247,-2.480,-2.744,-3.043,-3.380,-3.763,-4.195,-4.683,-5.228,-5.829,-6.478,-7.148,-7.803,-8.370,-8.773,-8.943,-8.862,-8.577,-8.163,-7.710,-7.274,-6.901,-6.603,-6.386,-6.243,-6.141,-6.042,-5.866,-5.548,-5.043,-4.387,-3.679,-3.020,-2.495,-2.134,-1.966,-2.020,-2.375,-3.249,-5.145,-9.545,-17.854,-9.667,-5.332,-3.389,-2.395,-1.858,-1.550,-1.376,-1.287,-1.249,-1.253,-1.281,-1.328,-1.385,-1.444,-1.507,-1.570,-1.641,-1.721,-1.815,-1.925,-2.048,-2.189,-2.345,-2.519,-2.711,-2.919,-3.148,-3.395,-3.664,-3.953,-4.264,-4.599,-4.952,-5.329,-5.722,-6.131,-6.550,-6.968,-7.384,-7.779,-8.146,-8.476,-8.754,-8.985,-9.163,-9.300,-9.406,-9.491,-9.577,-9.667,-9.779,-9.923,-10.099,-10.322,-10.587,-10.903,-11.265,-11.664,-12.096,-12.525,-12.931
146,4.3798,0.5734,2.9592,1.5869,0.7825,3.8000,-0.244,-0.253,-0.260,-0.319,-0.429,-0.508,-0.479,-0.378,-0.297,-0.272,-0.272,-0.265,-0.257,-0.259,-0.265,-0.266,-0.266,-0.270,-0.276,-0.278,-0.281,-0.286,-0.291,-0.294,-0.298,-0.303,-0.308,-0.312,-0.316,-0.322,-0.327,-0.332,-0.337,-0.342,-0.347,-0.353,-0.358,-0.364,-0.370,-0.376,-0.382,-0.388,-0.395,-0.403,-0.411,-0.416,-0.420,-0.424,-0.430,-0.437,-0.444,-0.451,-0.459,-0.466,-0.474,-0.482,-0.491,-0.500,-0.509,-0.521,-0.533,-0.547,-0.565,-0.586,-0.608,-0.621,-0.622,-0.617,-0.613,-0.614,-0.617,-0.622,-0.629,-0.637,-0.646,-0.655,-0.664,-0.674,-0.685,-0.696,-0.707,-0.719,-0.731,-0.741,-0.744,-0.744,-0.747,-0.756,-0.770,-0.783,-0.795,-0.808,-0.822,-0.835,-0.847,-0.861,-0.875,-0.888,-0.901,-0.915,-0.930,-0.944,-0.957,-0.973,-0.989,-1.003,-1.018,-1.035,-1.052,-1.068,-1.084,-1.102,-1.122,-1.139,-1.157,-1.179,-1.201,-1.221,-1.242,-1.268,-1.294,-1.319,-1.346,-1.378,-1.412,-1.444,-1.478,-1.520,-1.564,-1.605,-1.650,-1.711,-1.779,-1.845,-1.932,-2.061,-2.187,-2.213,-2.110,-1.974,-1.921,-1.974,-2.073,-2.174,-2.285,-2.427,-2.593,-2.772,-2.977,-3.229,-3.530,-3.874,-4.273,-4.744,-5.270,-5.806,-6.298,-6.683,-6.877,-6.834,-6.588,-6.213,-5.758,-5.270,-4.795,-4.368,-3.990,-3.663,-3.394,-3.185,-3.026,-2.902,-2.816,-2.768,-2.750,-2.751,-2.773,-2.822,-2.893,-2.977,-3.075,-3.198,-3.342,-3.501,-3.673,-3.873,-4.101,-4.348,-4.614,-4.914,-5.255,-5.625,-6.025,-6.472,-6.982,-7.545,-8.156,-8.843,-9.639,-10.540,-11.543
150,4.9888,0.4091,3.2914,1.8911,0.9480,7.8000,-1.555,-1.576,-1.617,-1.616,-1.623,-1.663,-1.674,-1.669,-1.698,-1.718,-1.707,-1.718,-1.739,-1.727,-1.721,-1.736,-1.728,-1.710,-1.716,-1.715,-1.694,-1.694,-1.704,-1.695,-1.699,-1.730,-1.757,-1.792,-1.872,-1.981,-2.117,-2.334,-2.661,-3.113,-3.783,-4.820,-6.370,-8.561,-10.968,-11.241,-9.039,-6.790,-5.071,-3.812,-2.938,-2.357,-1.961,-1.667,-1.435,-1.251,-1.109,-0.992,-0.888,-0.805,-0.739,-0.675,-0.620,-0.581,-0.540,-0.502,-0.478,-0.454,-0.427,-0.413,-0.403,-0.386,-0.379,-0.382,-0.376,-0.376,-0.392,-0.402,-0.414,-0.447,-0.481,-0.515,-0.581,-0.664,-0.753,-0.905,-1.128,-1.414,-1.876,-2.442,-2.511,-1.850,-1.132,-0.781,-0.700,-0.712,-0.786,-0.915,-1.065,-1.233,-1.430,-1.644,-1.869,-2.111,-2.364,-2.626,-2.895,-3.177,-3.489,-3.839,-4.262,-4.866,-5.786,-7.344,-10.536,-18.498,-17.180,-9.911,-6.958,-5.596,-4.860,-4.432,-4.220,-4.094,-3.999,-3.960,-3.924,-3.843,-3.742,-3.595,-3.362,-3.096,-2.831,-2.583,-2.466,-2.624,-3.146,-4.145,-5.741,-7.454,-7.486,-5.734,-3.976,-2.759,-1.977,-1.467,-1.128,-0.908,-0.760,-0.658,-0.594,-0.559,-0.539,-0.535,-0.548,-0.567,-0.594,-0.635,-0.682,-0.733,-0.798,-0.871,-0.947,-1.036,-1.137,-1.241,-1.357,-1.489,-1.624,-1.766,-1.923,-2.079,-2.230,-2.385,-2.528,-2.647,-2.754,-2.840,-2.894,-2.934,-2.966,-2.980,-2.998,-3.034,-3.076,-3.135,-3.230,-3.348,-3.485,-3.663,-3.874,-4.097,-4.344,-4.618,-4.879,-5.116,-5.337,-5.504,-5.583,-5.591,-5.534,-5.387,-5.174,-4.940,-4.683,-4.396,-4.124
154,5.5788,0.6434,2.8301,1.7743,0.7061,6.0000,-2.216,-2.137,-2.081,-2.007,-1.950,-1.902,-1.838,-1.796,-1.750,-1.695,-1.661,-1.613,-1.568,-1.537,-1.487,-1.451,-1.417,-1.369,-1.342,-1.304,-1.263,-1.241,-1.200,-1.171,-1.151,-1.114,-1.103,-1.085,-1.066,-1.080,-1.080,-1.113,-1.190,-1.286,-1.525,-1.942,-2.766,-4.371,-5.327,-3.846,-2.305,-1.553,-1.150,-0.943,-0.846,-0.722,-0.618,-0.558,-0.505,-0.472,-0.450,-0.429,-0.431,-0.451,-0.502,-0.650,-0.796,-0.712,-0.498,-0.373,-0.315,-0.270,-0.252,-0.236,-0.225,-0.226,-0.226,-0.238,-0.263,-0.296,-0.335,-0.336,-0.296,-0.256,-0.225,-0.208,-0.200,-0.195,-0.197,-0.200,-0.205,-0.215,-0.223,-0.236,-0.251,-0.265,-0.285,-0.305,-0.327,-0.354,-0.381,-0.414,-0.450,-0.488,-0.534,-0.582,-0.637,-0.700,-0.768,-0.847,-0.937,-1.037,-1.155,-1.288,-1.443,-1.627,-1.839,-2.094,-2.400,-2.769,-3.225,-3.789,-4.501,-5.419,-6.611,-8.209,-10.397,-13.425,-17.044,-17.252,-13.665,-10.523,-8.286,-6.705,-5.578,-4.793,-4.264,-3.934,-3.770,-3.709,-3.672,-3.540,-3.218,-2.812,-2.518,-2.512,-2.971,-4.174,-6.924,-13.805,-16.084,-7.839,-4.555,-2.970,-2.100,-1.600,-1.293,-1.097,-0.979,-0.904,-0.864,-0.852,-0.856,-0.879,-0.916,-0.963,-1.025,-1.096,-1.179,-1.276,-1.382,-1.504,-1.639,-1.786,-1.953,-2.134,-2.334,-2.556,-2.796,-3.060,-3.349,-3.660,-3.999,-4.362,-4.746,-5.150,-5.559,-5.963,-6.348,-6.688,-6.973,-7.185,-7.312,-7.361,-7.332,-7.239,-7.102,-6.929,-6.739,-6.546,-6.353,-6.173,-6.011,-5.865,-5.746,-5.651,-5.581,-5.543,-5.531,-5.550,-5.606
158,5.3997,0.4758,2.8712,0.9578,0.9994,6.0000,-2.023,-1.959,-1.907,-1.871,-1.815,-1.780,-1.744,-1.695,-1.669,-1.628,-1.587,-1.562,-1.516,-1.484,-1.452,-1.406,-1.380,-1.341,-1.300,-1.274,-1.230,-1.199,-1.170,-1.128,-1.106,-1.074,-1.043,-1.030,-1.000,-0.992,-0.992,-0.988,-1.032,-1.084,-1.205,-1.460,-1.911,-2.869,-3.816,-3.220,-2.011,-1.335,-0.986,-0.778,-0.673,-0.586,-0.530,-0.490,-0.453,-0.439,-0.422,-0.425,-0.441,-0.476,-0.572,-0.738,-1.094,-1.526,-1.452,-0.975,-0.638,-0.468,-0.359,-0.305,-0.264,-0.236,-0.222,-0.205,-0.198,-0.192,-0.186,-0.188,-0.186,-0.188,-0.193,-0.197,-0.205,-0.214,-0.223,-0.236,-0.249,-0.265,-0.283,-0.302,-0.326,-0.350,-0.378,-0.410,-0.444,-0.483,-0.527,-0.575,-0.630,-0.691,-0.760,-0.840,-0.928,-1.031,-1.150,-1.286,-1.447,-1.635,-1.859,-2.129,-2.456,-2.859,-3.362,-3.998,-4.821,-5.903,-7.363,-9.408,-12.400,-16.939,-20.275,-15.546,-11.347,-8.583,-6.690,-5.346,-4.379,-3.679,-3.170,-2.811,-2.567,-2.415,-2.343,-2.327,-2.342,-2.345,-2.272,-2.114,-1.932,-1.860,-2.034,-2.276,-2.196,-1.864,-1.586,-1.413,-1.314,-1.281,-1.286,-1.325,-1.401,-1.505,-1.649,-1.838,-2.082,-2.402,-2.807,-3.306,-3.852,-4.279,-4.354,-4.002,-3.450,-2.949,-2.589,-2.370,-2.261,-2.228,-2.257,-2.329,-2.435,-2.575,-2.741,-2.936,-3.164,-3.422,-3.727,-4.082,-4.492,-4.963,-5.463,-5.939,-6.342,-6.628,-6.816,-6.928,-6.971,-6.973,-6.929,-6.839,-6.722,-6.569,-6.390,-6.201,-5.993,-5.784,-5.582,-5.377,-5.191,-5.016,-4.852,-4.714,-4.590,-4.485,-4.409,-4.346,-4.314
162,5.4613,0.5144,3.3755,0.6901,1.0412,8.4000,-1.684,-1.738,-1.639,-1.551,-1.606,-1.678,-1.606,-1.494,-1.509,-1.585,-1.543,-1.419,-1.397,-1.473,-1.462,-1.339,-1.289,-1.367,-1.397,-1.293,-1.229,-1.328,-1.433,-1.390,-1.364,-1.579,-1.945,-2.247,-2.735,-4.183,-7.787,-16.764,-12.992,-6.910,-4.588,-3.632,-2.903,-2.074,-1.438,-1.157,-1.058,-0.921,-0.753,-0.669,-0.656,-0.616,-0.538,-0.494,-0.496,-0.484,-0.443,-0.417,-0.424,-0.427,-0.406,-0.393,-0.406,-0.419,-0.415,-0.415,-0.435,-0.460,-0.474,-0.489,-0.522,-0.564,-0.600,-0.638,-0.694,-0.765,-0.837,-0.916,-1.019,-1.146,-1.290,-1.456,-1.664,-1.926,-2.244,-2.635,-3.135,-3.789,-4.645,-5.776,-7.310,-9.416,-12.143,-14.333,-13.076,-10.061,-7.509,-5.637,-4.287,-3.305,-2.587,-2.065,-1.694,-1.434,-1.261,-1.165,-1.146,-1.204,-1.346,-1.595,-1.988,-2.582,-3.454,-4.733,-6.626,-9.516,-14.334,-26.083,-21.490,-13.842,-10.290,-8.109,-6.595,-5.445,-4.499,-3.677,-2.952,-2.344,-1.892,-1.625,-1.528,-1.546,-1.600,-1.626,-1.588,-1.477,-1.306,-1.110,-0.927,-0.778,-0.664,-0.586,-0.543,-0.532,-0.544,-0.574,-0.624,-0.695,-0.781,-0.882,-1.000,-1.136,-1.282,-1.426,-1.558,-1.668,-1.748,-1.808,-1.880,-1.995,-2.170,-2.413,-2.737,-3.167,-3.724,-4.437,-5.363,-6.596,-8.285,-10.687,-14.378,-21.254,-28.073,-17.600,-13.112,-10.583,-9.025,-8.063,-7.524,-7.306,-7.341,-7.587,-8.032,-8.683,-9.548,-10.630,-11.912,-13.244,-14.124,-13.886,-12.698,-11.332,-10.223,-9.434,-8.890,-8.515,-8.296,-8.251,-8.376,-8.647,-9.052,-9.578,-10.083,-10.251,-9.851,-9.009,-7.990
166,5.4553,0.7206,3.0331,0.7099,0.7223,8.2000,-1.766,-1.763,-1.780,-1.700,-1.659,-1.682,-1.622,-1.552,-1.565,-1.529,-1.444,-1.438,-1.425,-1.340,-1.312,-1.316,-1.243,-1.195,-1.210,-1.160,-1.100,-1.120,-1.102,-1.043,-1.070,-1.097,-1.063,-1.118,-1.231,-1.297,-1.493,-1.912,-2.508,-3.732,-6.230,-8.225,-6.070,-3.725,-2.474,-1.838,-1.598,-1.575,-1.689,-2.448,-4.220,-5.049,-3.231,-1.672,-1.105,-0.878,-0.652,-0.558,-0.536,-0.462,-0.423,-0.434,-0.407,-0.385,-0.405,-0.403,-0.393,-0.418,-0.436,-0.439,-0.471,-0.507,-0.528,-0.572,-0.629,-0.677,-0.743,-0.833,-0.922,-1.031,-1.178,-1.344,-1.542,-1.807,-2.135,-2.546,-3.103,-3.857,-4.887,-6.388,-8.700,-12.560,-19.959,-17.875,-11.006,-7.309,-5.050,-3.598,-2.656,-2.040,-1.642,-1.414,-1.319,-1.330,-1.452,-1.702,-2.094,-2.670,-3.510,-4.710,-6.424,-8.962,-12.998,-20.978,-26.164,-15.526,-11.259,-8.777,-7.128,-5.966,-5.122,-4.481,-3.976,-3.575,-3.237,-2.926,-2.630,-2.323,-1.984,-1.626,-1.273,-0.954,-0.710,-0.559,-0.487,-0.477,-0.518,-0.586,-0.669,-0.766,-0.867,-0.959,-1.047,-1.121,-1.169,-1.197,-1.210,-1.204,-1.198,-1.210,-1.244,-1.313,-1.425,-1.569,-1.760,-2.049,-2.480,-3.112,-4.061,-5.501,-7.700,-11.009,-14.261,-12.317,-8.861,-6.498,-4.992,-4.042,-3.448,-3.077,-2.866,-2.782,-2.784,-2.861,-3.019,-3.247,-3.538,-3.918,-4.389,-4.935,-5.567,-6.257,-6.888,-7.337,-7.515,-7.393,-7.109,-6.843,-6.641,-6.495,-6.419,-6.378,-6.304,-6.198,-6.081,-5.917,-5.700,-5.483,-5.266,-5.019,-4.782,-4.580,-4.371,-4.164,-4.005,-3.856,-3.698
170,5.2544,0.5930,3.2929,1.6143,1.0087,5.8000,-2.285,-2.210,-2.129,-2.060,-2.002,-1.935,-1.882,-1.833,-1.775,-1.731,-1.686,-1.633,-1.595,-1.550,-1.502,-1.466,-1.421,-1.377,-1.343,-1.297,-1.259,-1.226,-1.181,-1.149,-1.116,-1.076,-1.051,-1.019,-0.988,-0.973,-0.947,-0.934,-0.934,-0.929,-0.956,-1.003,-1.084,-1.270,-1.587,-2.241,-3.093,-2.963,-2.082,-1.746,-1.778,-1.911,-2.729,-3.697,-3.065,-1.872,-1.245,-0.914,-0.703,-0.611,-0.537,-0.501,-0.527,-0.579,-0.753,-1.027,-1.082,-0.830,-0.559,-0.412,-0.325,-0.263,-0.230,-0.202,-0.179,-0.167,-0.153,-0.143,-0.139,-0.131,-0.128,-0.127,-0.123,-0.125,-0.127,-0.128,-0.134,-0.139,-0.144,-0.154,-0.162,-0.173,-0.186,-0.199,-0.216,-0.234,-0.252,-0.276,-0.300,-0.327,-0.360,-0.393,-0.432,-0.477,-0.525,-0.582,-0.645,-0.716,-0.800,-0.895,-1.004,-1.133,-1.280,-1.453,-1.655,-1.886,-2.152,-2.448,-2.762,-3.085,-3.385,-3.637,-3.826,-3.946,-4.023,-4.092,-4.184,-4.345,-4.605,-4.997,-5.582,-6.407,-7.542,-9.005,-10.407,-10.578,-8.910,-6.708,-4.930,-3.721,-3.051,-2.887,-3.254,-4.408,-6.911,-11.548,-15.614,-10.708,-6.697,-4.384,-3.073,-2.289,-1.786,-1.467,-1.253,-1.104,-1.013,-0.952,-0.916,-0.905,-0.907,-0.924,-0.956,-0.994,-1.046,-1.108,-1.177,-1.260,-1.352,-1.453,-1.570,-1.697,-1.837,-1.996,-2.167,-2.358,-2.572,-2.803,-3.063,-3.352,-3.667,-4.021,-4.411,-4.835,-5.305,-5.811,-6.344,-6.904,-7.460,-7.985,-8.458,-8.832,-9.080,-9.205,-9.200,-9.087,-8.913,-8.694,-8.457,-8.237,-8.034,-7.860,-7.737,-7.651,-7.614,-7.640,-7.714
174,5.4595,0.4624,3.6970,1.4444,1.2862,7.4000,-4.893,-7.859,-17.089,-15.391,-7.244,-4.472,-3.388,-2.797,-2.403,-2.226,-2.113,-1.980,-1.915,-1.891,-1.828,-1.787,-1.792,-1.770,-1.749,-1.779,-1.809,-1.835,-1.928,-2.075,-2.259,-2.594,-3.183,-4.142,-5.955,-9.889,-20.468,-13.683,-7.392,-4.648,-3.262,-2.453,-1.933,-1.604,-1.378,-1.196,-1.062,-0.969,-0.882,-0.806,-0.757,-0.711,-0.661,-0.631,-0.608,-0.574,-0.554,-0.549,-0.530,-0.518,-0.528,-0.528,-0.527,-0.557,-0.585,-0.607,-0.676,-0.767,-0.859,-1.048,-1.361,-1.800,-2.671,-4.175,-4.921,-3.524,-1.958,-1.192,-0.969,-0.951,-0.981,-0.921,-0.771,-0.721,-0.804,-0.899,-1.019,-1.232,-1.479,-1.737,-2.069,-2.417,-2.697,-2.945,-3.139,-3.236,-3.364,-3.654,-4.180,-5.199,-7.160,-10.608,-15.915,-16.739,-12.330,-9.535,-7.800,-6.607,-5.872,-5.404,-5.009,-5.026,-5.736,-6.042,-4.748,-3.347,-2.778,-2.743,-2.772,-2.821,-2.953,-3.058,-3.135,-3.254,-3.355,-3.415,-3.489,-3.538,-3.527,-3.500,-3.437,-3.307,-3.152,-2.973,-2.751,-2.523,-2.304,-2.075,-1.861,-1.676,-1.501,-1.344,-1.219,-1.108,-1.010,-0.940,-0.884,-0.834,-0.806,-0.793,-0.782,-0.788,-0.809,-0.833,-0.868,-0.923,-0.982,-1.051,-1.144,-1.245,-1.356,-1.491,-1.639,-1.789,-1.951,-2.107,-2.234,-2.340,-2.427,-2.488,-2.551,-2.640,-2.743,-2.873,-3.047,-3.245,-3.460,-3.711,-3.982,-4.252,-4.531,-4.815,-5.068,-5.289,-5.490,-5.648,-5.750,-5.830,-5.895,-5.921,-5.923,-5.927,-5.910,-5.865,-5.832,-5.813,-5.781,-5.773,-5.813,-5.869,-5.956,-6.122,-6.343,-6.614,-7.004,-7.521,-8.143
178,5.1738,0.5546,3.1368,0.5430,1.0359,5.4000,-2.336,-2.218,-2.113,-2.026,-1.941,-1.865,-1.801,-1.733,-1.673,-1.621,-1.563,-1.512,-1.466,-1.413,-1.369,-1.325,-1.276,-1.237,-1.194,-1.148,-1.113,-1.072,-1.030,-0.998,-0.958,-0.922,-0.894,-0.856,-0.827,-0.804,-0.771,-0.754,-0.739,-0.718,-0.726,-0.734,-0.760,-0.857,-1.003,-1.349,-1.964,-2.177,-1.595,-0.997,-0.728,-0.570,-0.467,-0.425,-0.376,-0.346,-0.336,-0.312,-0.312,-0.322,-0.329,-0.383,-0.466,-0.631,-0.944,-1.120,-0.902,-0.580,-0.399,-0.304,-0.241,-0.211,-0.188,-0.171,-0.164,-0.157,-0.153,-0.153,-0.153,-0.155,-0.160,-0.164,-0.172,-0.180,-0.189,-0.200,-0.213,-0.227,-0.243,-0.261,-0.281,-0.303,-0.327,-0.354,-0.384,-0.417,-0.454,-0.495,-0.540,-0.591,-0.648,-0.712,-0.785,-0.866,-0.961,-1.069,-1.194,-1.340,-1.513,-1.717,-1.963,-2.262,-2.629,-3.088,-3.667,-4.410,-5.381,-6.669,-8.422,-10.871,-14.330,-18.250,-17.305,-13.422,-10.491,-8.473,-7.073,-6.093,-5.414,-4.965,-4.690,-4.554,-4.527,-4.549,-4.543,-4.398,-4.026,-3.509,-3.046,-2.868,-3.135,-3.633,-3.703,-3.171,-2.541,-2.069,-1.738,-1.520,-1.376,-1.277,-1.218,-1.181,-1.161,-1.160,-1.167,-1.183,-1.210,-1.242,-1.281,-1.327,-1.376,-1.433,-1.496,-1.561,-1.635,-1.713,-1.795,-1.886,-1.982,-2.083,-2.194,-2.310,-2.434,-2.570,-2.714,-2.873,-3.052,-3.250,-3.487,-3.780,-4.153,-4.656,-5.316,-6.112,-6.949,-7.671,-8.197,-8.555,-8.791,-8.951,-9.065,-9.123,-9.127,-9.081,-8.966,-8.792,-8.574,-8.304,-8.005,-7.693,-7.362,-7.036,-6.722,-6.413,-6.127,-5.865,-5.617
182,5.1358,0.4034,2.9786,0.7479,0.6596,5.2000,-2.049,-1.961,-1.898,-1.826,-1.777,-1.724,-1.676,-1.640,-1.592,-1.561,-1.520,-1.485,-1.453,-1.412,-1.385,-1.344,-1.314,-1.280,-1.242,-1.214,-1.173,-1.145,-1.109,-1.074,-1.046,-1.007,-0.983,-0.947,-0.920,-0.894,-0.864,-0.848,-0.821,-0.813,-0.801,-0.803,-0.827,-0.868,-0.989,-1.207,-1.653,-1.866,-1.483,-1.308,-1.303,-1.210,-1.261,-1.100,-0.759,-0.573,-0.462,-0.403,-0.366,-0.339,-0.330,-0.323,-0.335,-0.361,-0.422,-0.534,-0.712,-0.807,-0.654,-0.451,-0.331,-0.260,-0.224,-0.199,-0.185,-0.177,-0.172,-0.171,-0.170,-0.174,-0.177,-0.183,-0.190,-0.198,-0.209,-0.219,-0.233,-0.247,-0.262,-0.281,-0.299,-0.321,-0.344,-0.369,-0.397,-0.427,-0.461,-0.496,-0.535,-0.577,-0.624,-0.675,-0.730,-0.792,-0.858,-0.933,-1.015,-1.106,-1.208,-1.321,-1.449,-1.593,-1.757,-1.943,-2.155,-2.400,-2.681,-3.005,-3.377,-3.802,-4.282,-4.810,-5.370,-5.924,-6.425,-6.812,-7.047,-7.141,-7.145,-7.142,-7.202,-7.380,-7.696,-8.098,-8.413,-8.293,-7.481,-6.161,-4.783,-3.657,-2.890,-2.501,-2.496,-2.964,-4.156,-6.725,-12.639,-19.611,-9.758,-5.861,-4.002,-3.028,-2.502,-2.197,-1.981,-1.781,-1.579,-1.399,-1.254,-1.150,-1.082,-1.044,-1.031,-1.037,-1.061,-1.097,-1.147,-1.208,-1.279,-1.362,-1.454,-1.558,-1.674,-1.800,-1.942,-2.095,-2.265,-2.452,-2.656,-2.882,-3.128,-3.402,-3.701,-4.030,-4.393,-4.788,-5.224,-5.697,-6.210,-6.759,-7.336,-7.935,-8.529,-9.095,-9.601,-10.003,-10.284,-10.421,-10.429,-10.339,-10.174,-9.985,-9.793,-9.622,-9.497,-9.416,-9.403
186,5.5945,0.4049,3.9713,0.4369,0.7328,3.8000,-1.257,-1.253,-1.229,-1.211,-1.210,-1.179,-1.190,-1.163,-1.166,-1.164,-1.147,-1.179,-1.160,-1.224,-1.265,-1.401,-1.724,-2.420,-4.643,-5.891,-3.410,-2.086,-1.613,-1.306,-1.204,-1.077,-1.029,-0.976,-0.930,-0.919,-0.877,-0.887,-0.868,-0.896,-0.939,-1.027,-1.253,-1.679,-2.638,-3.035,-2.041,-1.257,-0.926,-0.737,-0.648,-0.572,-0.530,-0.499,-0.474,-0.462,-0.449,-0.450,-0.454,-0.473,-0.512,-0.584,-0.716,-0.908,-1.010,-0.862,-0.652,-0.524,-0.449,-0.413,-0.391,-0.383,-0.383,-0.386,-0.396,-0.408,-0.426,-0.446,-0.470,-0.500,-0.533,-0.573,-0.617,-0.670,-0.731,-0.801,-0.885,-0.983,-1.101,-1.242,-1.415,-1.627,-1.889,-2.214,-2.602,-3.045,-3.476,-3.765,-3.771,-3.478,-3.040,-2.615,-2.290,-2.075,-1.958,-1.923,-1.950,-2.036,-2.171,-2.358,-2.601,-2.904,-3.285,-3.757,-4.351,-5.105,-6.079,-7.377,-9.161,-11.783,-16.119,-26.430,-22.630,-14.387,-10.301,-7.705,-5.908,-4.617,-3.684,-3.004,-2.523,-2.198,-2.003,-1.929,-1.952,-2.049,-2.155,-2.257,-2.499,-3.166,-4.580,-5.803,-4.954,-3.493,-2.539,-1.965,-1.626,-1.412,-1.274,-1.189,-1.131,-1.101,-1.085,-1.083,-1.093,-1.108,-1.134,-1.164,-1.202,-1.244,-1.293,-1.349,-1.410,-1.482,-1.561,-1.654,-1.765,-1.897,-2.062,-2.270,-2.542,-2.899,-3.366,-3.971,-4.711,-5.566,-6.476,-7.375,-8.225,-9.020,-9.815,-10.667,-11.668,-12.929,-14.609,-17.047,-21.007,-29.876,-29.376,-20.167,-15.939,-13.552,-12.281,-11.799,-11.901,-12.383,-13.069,-13.777,-14.274,-14.398,-14.103,-13.469,-12.678,-11.841,-11.030,-10.296,-9.631
190,5.2753,0.6584,3.3000,0.4977,1.1869,7.6000,-1.801,-1.767,-1.803,-1.770,-1.695,-1.697,-1.702,-1.627,-1.582,-1.594,-1.550,-1.474,-1.463,-1.452,-1.378,-1.334,-1.337,-1.291,-1.226,-1.224,-1.215,-1.156,-1.140,-1.166,-1.146,-1.135,-1.205,-1.277,-1.346,-1.558,-1.933,-2.490,-3.652,-5.948,-8.155,-6.490,-3.920,-2.465,-1.742,-1.307,-1.031,-0.871,-0.750,-0.655,-0.598,-0.549,-0.500,-0.475,-0.455,-0.426,-0.413,-0.411,-0.396,-0.388,-0.398,-0.400,-0.396,-0.415,-0.436,-0.442,-0.469,-0.514,-0.544,-0.584,-0.662,-0.739,-0.818,-0.959,-1.145,-1.354,-1.688,-2.236,-3.038,-4.440,-7.175,-10.292,-7.642,-4.172,-2.347,-1.556,-1.211,-1.043,-1.019,-1.096,-1.208,-1.361,-1.581,-1.841,-2.132,-2.476,-2.875,-3.304,-3.764,-4.264,-4.786,-5.317,-5.882,-6.534,-7.335,-8.387,-9.770,-11.054,-10.881,-9.207,-7.452,-6.150,-5.243,-4.595,-4.119,-3.764,-3.493,-3.271,-3.084,-2.937,-2.820,-2.712,-2.647,-2.693,-2.892,-3.381,-4.437,-5.930,-6.215,-4.604,-3.064,-2.321,-2.101,-2.050,-2.085,-2.223,-2.377,-2.511,-2.676,-2.848,-2.963,-3.050,-3.114,-3.087,-2.974,-2.816,-2.598,-2.344,-2.134,-1.976,-1.839,-1.736,-1.668,-1.597,-1.524,-1.477,-1.439,-1.392,-1.365,-1.361,-1.352,-1.350,-1.377,-1.409,-1.436,-1.488,-1.559,-1.619,-1.691,-1.788,-1.882,-1.966,-2.074,-2.194,-2.300,-2.426,-2.593,-2.768,-2.953,-3.185,-3.444,-3.691,-3.950,-4.239,-4.502,-4.720,-4.934,-5.126,-5.235,-5.283,-5.316,-5.294,-5.189,-5.066,-4.951,-4.789,-4.595,-4.437,-4.292,-4.109,-3.945,-3.834,-3.709,-3.566,-3.480,-3.419,-3.321
194,5.5469,0.6707,2.8235,1.4930,0.8195,4.2000,-2.667,-2.442,-2.247,-2.098,-1.969,-1.859,-1.773,-1.686,-1.622,-1.557,-1.499,-1.451,-1.397,-1.359,-1.312,-1.274,-1.238,-1.196,-1.168,-1.128,-1.099,-1.066,-1.033,-1.009,-0.973,-0.953,-0.922,-0.898,-0.879,-0.851,-0.843,-0.820,-0.818,-0.815,-0.823,-0.868,-0.923,-1.092,-1.389,-2.103,-3.024,-2.608,-1.568,-1.085,-0.849,-0.683,-0.578,-0.503,-0.464,-0.423,-0.401,-0.380,-0.364,-0.358,-0.352,-0.366,-0.389,-0.451,-0.570,-0.786,-0.989,-0.909,-0.672,-0.501,-0.395,-0.333,-0.292,-0.265,-0.248,-0.236,-0.235,-0.244,-0.274,-0.319,-0.353,-0.361,-0.353,-0.346,-0.341,-0.342,-0.346,-0.353,-0.363,-0.376,-0.392,-0.409,-0.430,-0.452,-0.478,-0.506,-0.537,-0.571,-0.608,-0.648,-0.693,-0.741,-0.794,-0.851,-0.913,-0.982,-1.056,-1.138,-1.227,-1.325,-1.432,-1.550,-1.679,-1.821,-1.977,-2.145,-2.329,-2.526,-2.735,-2.952,-3.171,-3.384,-3.579,-3.747,-3.874,-3.956,-3.993,-3.994,-3.975,-3.955,-3.956,-3.995,-4.084,-4.226,-4.402,-4.557,-4.575,-4.320,-3.751,-3.030,-2.425,-2.137,-2.302,-3.090,-4.860,-8.314,-12.736,-9.925,-6.141,-4.006,-2.789,-2.064,-1.612,-1.321,-1.132,-1.008,-0.930,-0.884,-0.862,-0.859,-0.869,-0.893,-0.926,-0.969,-1.020,-1.079,-1.147,-1.221,-1.306,-1.398,-1.500,-1.612,-1.734,-1.870,-2.018,-2.183,-2.363,-2.562,-2.785,-3.029,-3.302,-3.606,-3.945,-4.328,-4.755,-5.242,-5.791,-6.418,-7.138,-7.961,-8.916,-10.006,-11.256,-12.650,-14.099,-15.405,-16.143,-16.002,-15.153,-13.985,-12.827,-11.802,-10.929,-10.230,-9.670,-9.244,-8.941
198,5.5431,0.4615,4.0827,0.8785,0.9441,6.4000,-2.205,-2.291,-2.364,-2.397,-2.501,-2.668,-2.814,-3.004,-3.333,-3.753,-4.233,-4.856,-5.612,-6.244,-6.416,-6.054,-5.420,-4.749,-4.090,-3.531,-3.204,-3.034,-2.908,-3.088,-3.899,-4.831,-4.503,-3.236,-2.298,-1.863,-1.604,-1.386,-1.250,-1.156,-1.057,-0.979,-0.923,-0.863,-0.811,-0.772,-0.731,-0.696,-0.674,-0.649,-0.630,-0.624,-0.608,-0.617,-0.726,-0.857,-0.829,-0.670,-0.566,-0.557,-0.562,-0.566,-0.599,-0.649,-0.705,-0.793,-0.922,-1.093,-1.340,-1.701,-2.202,-2.851,-3.531,-3.927,-3.822,-3.398,-2.940,-2.579,-2.338,-2.201,-2.143,-2.154,-2.226,-2.355,-2.544,-2.803,-3.143,-3.584,-4.160,-4.918,-5.927,-7.314,-9.298,-12.337,-17.731,-26.865,-16.907,-11.398,-8.167,-6.026,-4.538,-3.477,-2.716,-2.175,-1.800,-1.549,-1.400,-1.341,-1.356,-1.437,-1.584,-1.784,-2.017,-2.270,-2.513,-2.699,-2.809,-2.835,-2.769,-2.636,-2.472,-2.288,-2.096,-1.924,-1.770,-1.624,-1.503,-1.410,-1.322,-1.249,-1.211,-1.179,-1.150,-1.163,-1.201,-1.237,-1.339,-1.537,-1.795,-2.293,-3.319,-4.471,-4.483,-3.640,-3.212,-3.428,-3.892,-4.310,-4.588,-4.533,-4.178,-3.812,-3.512,-3.234,-3.040,-2.941,-2.860,-2.800,-2.804,-2.821,-2.820,-2.849,-2.892,-2.900,-2.910,-2.958,-3.013,-3.097,-3.264,-3.487,-3.720,-3.993,-4.308,-4.602,-4.878,-5.179,-5.461,-5.681,-5.886,-6.085,-6.209,-6.271,-6.332,-6.356,-6.304,-6.243,-6.200,-6.113,-6.001,-5.936,-5.882,-5.795,-5.748,-5.758,-5.753,-5.758,-5.844,-5.955,-6.051,-6.227,-6.479,-6.716,-7.007,-7.429,-7.870,-8.325,-8.948
202,4.8614,0.7348,2.7225,1.8559,0.7108,7.8000,-1.691,-1.749,-1.794,-1.777,-1.799,-1.855,-1.853,-1.840,-1.879,-1.893,-1.861,-1.866,-1.885,-1.852,-1.822,-1.829,-1.805,-1.753,-1.736,-1.721,-1.666,-1.626,-1.612,-1.568,-1.515,-1.496,-1.470,-1.420,-1.396,-1.389,-1.361,-1.343,-1.360,-1.373,-1.388,-1.451,-1.546,-1.665,-1.862,-2.183,-2.658,-3.410,-4.702,-6.965,-10.932,-14.787,-10.405,-6.539,-4.404,-3.151,-2.343,-1.836,-1.509,-1.249,-1.058,-0.943,-0.838,-0.738,-0.689,-0.651,-0.592,-0.567,-0.570,-0.544,-0.533,-0.569,-0.586,-0.598,-0.682,-0.783,-0.879,-1.109,-1.504,-2.067,-3.260,-5.719,-7.635,-5.168,-2.638,-1.437,-0.945,-0.654,-0.482,-0.430,-0.402,-0.379,-0.382,-0.362,-0.321,-0.333,-0.388,-0.432,-0.485,-0.568,-0.648,-0.728,-0.833,-0.942,-1.044,-1.156,-1.270,-1.366,-1.455,-1.547,-1.628,-1.714,-1.836,-2.008,-2.265,-2.677,-3.339,-4.400,-6.145,-9.116,-14.349,-18.643,-12.693,-8.746,-6.474,-5.066,-4.145,-3.519,-3.087,-2.790,-2.585,-2.442,-2.360,-2.324,-2.329,-2.441,-2.776,-3.460,-4.784,-7.347,-10.851,-9.154,-5.340,-3.142,-2.058,-1.486,-1.141,-0.960,-0.870,-0.799,-0.767,-0.775,-0.779,-0.790,-0.832,-0.873,-0.908,-0.969,-1.038,-1.095,-1.171,-1.266,-1.349,-1.442,-1.559,-1.670,-1.778,-1.911,-2.042,-2.156,-2.284,-2.411,-2.504,-2.591,-2.673,-2.710,-2.721,-2.730,-2.700,-2.640,-2.591,-2.528,-2.441,-2.376,-2.326,-2.260,-2.216,-2.208,-2.195,-2.194,-2.240,-2.299,-2.358,-2.468,-2.613,-2.755,-2.936,-3.178,-3.426,-3.689,-4.021,-4.378,-4.711,-5.070,-5.453,-5.755,-5.958
206,5.2440,0.9203,2.7358,1.2092,0.7086,5.2000,-3.887,-3.635,-3.366,-3.116,-2.867,-2.660,-2.468,-2.296,-2.156,-2.015,-1.905,-1.796,-1.698,-1.617,-1.528,-1.462,-1.388,-1.325,-1.268,-1.205,-1.159,-1.103,-1.059,-1.014,-0.968,-0.934,-0.888,-0.859,-0.821,-0.790,-0.766,-0.733,-0.719,-0.693,-0.686,-0.681,-0.684,-0.721,-0.769,-0.914,-1.165,-1.714,-2.303,-1.975,-1.315,-0.961,-0.690,-0.524,-0.439,-0.371,-0.336,-0.299,-0.278,-0.258,-0.242,-0.233,-0.224,-0.227,-0.237,-0.271,-0.339,-0.457,-0.510,-0.400,-0.277,-0.206,-0.162,-0.139,-0.120,-0.109,-0.100,-0.093,-0.089,-0.084,-0.082,-0.079,-0.079,-0.079,-0.079,-0.081,-0.083,-0.087,-0.090,-0.095,-0.102,-0.111,-0.123,-0.139,-0.163,-0.197,-0.250,-0.328,-0.430,-0.541,-0.626,-0.667,-0.672,-0.661,-0.650,-0.643,-0.643,-0.649,-0.661,-0.679,-0.702,-0.730,-0.762,-0.800,-0.843,-0.891,-0.946,-1.006,-1.074,-1.149,-1.234,-1.330,-1.438,-1.561,-1.701,-1.861,-2.045,-2.257,-2.499,-2.773,-3.074,-3.388,-3.683,-3.916,-4.063,-4.144,-4.239,-4.384,-4.443,-4.054,-3.148,-2.273,-1.829,-1.805,-2.093,-2.641,-3.462,-4.646,-6.371,-8.999,-13.276,-18.877,-14.579,-9.653,-6.675,-4.779,-3.526,-2.677,-2.094,-1.689,-1.407,-1.214,-1.083,-1.000,-0.953,-0.934,-0.939,-0.962,-1.004,-1.059,-1.130,-1.214,-1.312,-1.424,-1.550,-1.692,-1.849,-2.024,-2.219,-2.434,-2.674,-2.937,-3.230,-3.552,-3.905,-4.294,-4.715,-5.174,-5.667,-6.196,-6.758,-7.342,-7.941,-8.524,-9.059,-9.505,-9.811,-9.954,-9.918,-9.722,-9.411,-9.021,-8.601,-8.178,-7.772,-7.403,-7.071
210,5.5926,0.4804,2.6709,0.4614,0.7812,8.2000,-1.625,-1.574,-1.580,-1.596,-1.547,-1.531,-1.549,-1.507,-1.472,-1.485,-1.453,-1.405,-1.409,-1.388,-1.333,-1.328,-1.318,-1.266,-1.253,-1.257,-1.217,-1.206,-1.233,-1.222,-1.239,-1.324,-1.401,-1.550,-1.888,-2.420,-3.502,-5.784,-8.105,-6.224,-3.647,-2.346,-1.706,-1.292,-1.078,-0.952,-0.816,-0.757,-0.731,-0.661,-0.647,-0.675,-0.643,-0.675,-0.807,-0.897,-1.219,-2.116,-2.797,-2.127,-1.157,-0.765,-0.681,-0.580,-0.536,-0.564,-0.558,-0.559,-0.607,-0.638,-0.665,-0.730,-0.794,-0.854,-0.948,-1.057,-1.168,-1.317,-1.503,-1.711,-1.974,-2.315,-2.728,-3.258,-3.965,-4.892,-6.134,-7.853,-10.176,-12.777,-13.418,-10.969,-8.184,-6.038,-4.491,-3.401,-2.635,-2.095,-1.729,-1.504,-1.384,-1.361,-1.442,-1.629,-1.940,-2.421,-3.129,-4.144,-5.612,-7.773,-11.054,-16.421,-22.022,-15.864,-11.445,-8.786,-7.035,-5.822,-4.945,-4.289,-3.795,-3.416,-3.112,-2.867,-2.663,-2.472,-2.280,-2.073,-1.830,-1.550,-1.257,-0.981,-0.755,-0.603,-0.522,-0.494,-0.512,-0.562,-0.629,-0.713,-0.812,-0.919,-1.035,-1.162,-1.292,-1.418,-1.543,-1.649,-1.725,-1.778,-1.808,-1.830,-1.880,-1.984,-2.157,-2.431,-2.839,-3.406,-4.203,-5.367,-7.105,-9.874,-14.704,-17.972,-12.023,-8.292,-6.468,-5.689,-5.386,-5.226,-5.098,-4.975,-4.845,-4.739,-4.681,-4.660,-4.675,-4.736,-4.830,-4.936,-5.055,-5.173,-5.248,-5.273,-5.268,-5.242,-5.209,-5.184,-5.153,-5.093,-5.017,-4.933,-4.825,-4.701,-4.583,-4.458,-4.323,-4.200,-4.087,-3.966,-3.859,-3.770,-3.676,-3.591,-3.530,-3.468,-3.408
214,4.8581,0.4019,3.1597,1.7201,1.0666,9.0000,-1.508,-1.527,-1.419,-1.440,-1.610,-1.673,-1.575,-1.581,-1.776,-1.901,-1.830,-1.852,-2.162,-2.515,-2.696,-3.209,-5.016,-9.506,-16.587,-9.294,-5.040,-3.267,-2.637,-2.363,-2.085,-1.846,-1.736,-1.690,-1.611,-1.508,-1.439,-1.407,-1.369,-1.307,-1.249,-1.220,-1.205,-1.173,-1.131,-1.119,-1.144,-1.165,-1.176,-1.242,-1.410,-1.648,-1.985,-2.666,-4.031,-6.056,-7.121,-5.577,-3.580,-2.338,-1.709,-1.338,-1.051,-0.857,-0.756,-0.678,-0.591,-0.526,-0.498,-0.470,-0.428,-0.399,-0.392,-0.380,-0.357,-0.345,-0.349,-0.346,-0.335,-0.335,-0.346,-0.351,-0.350,-0.360,-0.380,-0.393,-0.402,-0.425,-0.455,-0.479,-0.503,-0.542,-0.590,-0.631,-0.676,-0.742,-0.819,-0.891,-0.976,-1.092,-1.226,-1.365,-1.535,-1.764,-2.037,-2.346,-2.748,-3.300,-3.993,-4.837,-5.928,-7.107,-7.424,-6.458,-5.482,-5.513,-7.030,-10.678,-18.944,-20.435,-11.923,-8.040,-5.742,-4.275,-3.301,-2.608,-2.087,-1.707,-1.440,-1.242,-1.084,-0.974,-0.918,-0.901,-0.914,-0.975,-1.116,-1.357,-1.732,-2.336,-3.337,-4.974,-7.528,-10.914,-12.361,-9.958,-7.489,-5.849,-4.766,-4.009,-3.474,-3.102,-2.825,-2.594,-2.406,-2.261,-2.132,-1.998,-1.867,-1.751,-1.633,-1.500,-1.369,-1.254,-1.145,-1.035,-0.941,-0.879,-0.838,-0.812,-0.817,-0.865,-0.939,-1.016,-1.098,-1.186,-1.259,-1.311,-1.367,-1.446,-1.535,-1.626,-1.737,-1.886,-2.054,-2.229,-2.434,-2.692,-2.991,-3.322,-3.714,-4.205,-4.790,-5.442,-6.174,-7.009,-7.909,-8.762,-9.445,-9.884,-10.034,-9.869,-9.425,-8.827,-8.228,-7.695,-7.196
218,5.0809,0.4781,3.7009,1.6246,0.6258,4.0000,-1.695,-1.624,-1.583,-1.506,-1.492,-1.432,-1.409,-1.384,-1.338,-1.337,-1.287,-1.282,-1.253,-1.224,-1.220,-1.175,-1.178,-1.141,-1.126,-1.115,-1.077,-1.084,-1.044,-1.046,-1.030,-1.012,-1.030,-1.005,-1.047,-1.058,-1.118,-1.232,-1.384,-1.778,-2.447,-4.006,-5.772,-4.673,-2.991,-2.265,-2.173,-2.513,-3.619,-4.456,-3.678,-3.563,-3.469,-2.234,-1.436,-1.054,-0.797,-0.682,-0.562,-0.505,-0.446,-0.400,-0.375,-0.335,-0.323,-0.297,-0.286,-0.280,-0.274,-0.289,-0.283,-0.266,-0.236,-0.218,-0.210,-0.199,-0.200,-0.194,-0.197,-0.198,-0.200,-0.208,-0.211,-0.223,-0.230,-0.243,-0.257,-0.271,-0.291,-0.308,-0.333,-0.357,-0.386,-0.419,-0.453,-0.497,-0.541,-0.594,-0.653,-0.718,-0.795,-0.878,-0.974,-1.076,-1.183,-1.289,-1.379,-1.444,-1.463,-1.439,-1.375,-1.291,-1.207,-1.133,-1.083,-1.053,-1.047,-1.060,-1.090,-1.139,-1.202,-1.283,-1.378,-1.493,-1.628,-1.784,-1.971,-2.190,-2.453,-2.768,-3.149,-3.612,-4.157,-4.756,-5.264,-5.364,-4.773,-3.754,-2.891,-2.365,-1.969,-1.652,-1.603,-1.889,-2.492,-3.447,-4.839,-6.839,-9.478,-11.569,-10.387,-7.687,-5.505,-3.988,-2.965,-2.266,-1.790,-1.463,-1.236,-1.084,-0.979,-0.917,-0.880,-0.866,-0.871,-0.886,-0.918,-0.957,-1.007,-1.066,-1.131,-1.208,-1.289,-1.384,-1.485,-1.597,-1.722,-1.855,-2.010,-2.174,-2.362,-2.570,-2.802,-3.071,-3.368,-3.718,-4.117,-4.582,-5.137,-5.786,-6.584,-7.547,-8.756,-10.300,-12.315,-15.155,-19.473,-28.514,-30.917,-21.053,-16.924,-14.580,-13.052,-12.065,-11.451,-11.052,-10.878
222,5.5771,0.9261,2.7885,1.8709,0.7287,8.8000,-1.864,-1.832,-1.792,-1.789,-1.796,-1.766,-1.714,-1.689,-1.688,-1.660,-1.601,-1.560,-1.551,-1.527,-1.467,-1.415,-1.399,-1.382,-1.327,-1.269,-1.250,-1.243,-1.197,-1.139,-1.123,-1.132,-1.104,-1.054,-1.053,-1.099,-1.114,-1.100,-1.167,-1.350,-1.562,-1.835,-2.503,-3.990,-6.267,-7.291,-5.334,-3.214,-2.036,-1.525,-1.241,-0.982,-0.800,-0.731,-0.687,-0.605,-0.534,-0.517,-0.511,-0.472,-0.432,-0.429,-0.436,-0.416,-0.391,-0.396,-0.412,-0.406,-0.392,-0.404,-0.429,-0.435,-0.433,-0.455,-0.493,-0.515,-0.528,-0.565,-0.624,-0.670,-0.707,-0.774,-0.869,-0.960,-1.046,-1.173,-1.349,-1.539,-1.744,-2.027,-2.422,-2.905,-3.496,-4.341,-5.617,-7.487,-10.362,-15.605,-19.156,-11.661,-7.850,-6.630,-7.652,-11.688,-19.820,-12.484,-7.650,-5.243,-3.820,-2.843,-2.161,-1.718,-1.416,-1.165,-0.962,-0.835,-0.763,-0.701,-0.651,-0.649,-0.700,-0.774,-0.878,-1.071,-1.400,-1.898,-2.667,-3.983,-6.369,-10.930,-20.393,-13.997,-8.409,-5.663,-4.140,-3.216,-2.601,-2.177,-1.894,-1.705,-1.564,-1.456,-1.388,-1.355,-1.335,-1.321,-1.325,-1.349,-1.375,-1.394,-1.417,-1.442,-1.449,-1.423,-1.372,-1.299,-1.197,-1.072,-0.955,-0.868,-0.812,-0.783,-0.792,-0.845,-0.927,-1.024,-1.142,-1.290,-1.455,-1.621,-1.797,-1.991,-2.192,-2.387,-2.585,-2.815,-3.085,-3.396,-3.778,-4.272,-4.894,-5.629,-6.472,-7.436,-8.504,-9.591,-10.549,-11.231,-11.529,-11.418,-10.960,-10.283,-9.544,-8.855,-8.240,-7.670,-7.146,-6.709,-6.375,-6.111,-5.907,-5.810,-5.873,-6.087,-6.422,-6.891,-7.545
226,5.3041,0.7243,3.1571,0.9326,0.9439,7.4000,-1.948,-1.942,-1.914,-1.889,-1.876,-1.838,-1.819,-1.795,-1.756,-1.742,-1.708,-1.681,-1.671,-1.639,-1.636,-1.636,-1.631,-1.674,-1.714,-1.803,-1.975,-2.214,-2.701,-3.596,-5.430,-10.228,-23.114,-9.460,-5.386,-4.077,-3.897,-4.722,-6.956,-8.772,-6.466,-4.010,-2.698,-1.965,-1.523,-1.252,-1.054,-0.916,-0.813,-0.728,-0.665,-0.610,-0.566,-0.529,-0.498,-0.473,-0.451,-0.435,-0.420,-0.411,-0.406,-0.400,-0.405,-0.408,-0.419,-0.439,-0.457,-0.497,-0.541,-0.604,-0.710,-0.838,-1.080,-1.471,-2.184,-3.424,-3.700,-2.285,-1.229,-0.849,-0.674,-0.635,-0.665,-0.702,-0.800,-0.900,-1.028,-1.196,-1.361,-1.568,-1.776,-1.969,-2.158,-2.277,-2.373,-2.477,-2.662,-3.110,-3.932,-5.317,-7.519,-10.814,-16.287,-28.965,-20.911,-14.669,-11.534,-9.609,-8.176,-7.217,-6.507,-6.298,-7.196,-7.656,-6.155,-5.072,-4.833,-4.785,-4.875,-5.053,-5.219,-5.426,-5.529,-5.457,-5.116,-4.449,-3.618,-2.764,-2.037,-1.495,-1.111,-0.872,-0.731,-0.655,-0.638,-0.647,-0.686,-0.747,-0.816,-0.907,-1.006,-1.116,-1.243,-1.373,-1.518,-1.670,-1.825,-1.989,-2.143,-2.290,-2.421,-2.519,-2.590,-2.617,-2.604,-2.556,-2.473,-2.374,-2.259,-2.142,-2.034,-1.930,-1.844,-1.775,-1.720,-1.688,-1.670,-1.671,-1.694,-1.729,-1.788,-1.863,-1.955,-2.072,-2.203,-2.359,-2.538,-2.734,-2.960,-3.205,-3.471,-3.764,-4.067,-4.386,-4.712,-5.024,-5.324,-5.583,-5.783,-5.924,-5.978,-5.955,-5.870,-5.717,-5.532,-5.324,-5.094,-4.874,-4.653,-4.441,-4.254,-4.071,-3.912,-3.774,-3.643,-3.542,-3.450
230,4.8951,0.6032,2.7415,1.1947,0.8870,4.2000,-3.917,-3.879,-3.703,-3.468,-3.227,-2.979,-2.769,-2.579,-2.408,-2.273,-2.139,-2.034,-1.935,-1.843,-1.770,-1.689,-1.628,-1.563,-1.502,-1.452,-1.392,-1.348,-1.296,-1.250,-1.209,-1.160,-1.126,-1.080,-1.046,-1.009,-0.971,-0.946,-0.907,-0.887,-0.859,-0.839,-0.831,-0.816,-0.837,-0.857,-0.940,-1.095,-1.420,-2.042,-2.316,-1.910,-1.380,-0.937,-0.687,-0.571,-0.482,-0.434,-0.391,-0.359,-0.335,-0.308,-0.293,-0.272,-0.258,-0.244,-0.231,-0.222,-0.210,-0.203,-0.196,-0.191,-0.189,-0.189,-0.198,-0.213,-0.229,-0.221,-0.195,-0.175,-0.163,-0.157,-0.154,-0.153,-0.154,-0.155,-0.158,-0.161,-0.166,-0.171,-0.177,-0.184,-0.191,-0.200,-0.209,-0.220,-0.231,-0.242,-0.256,-0.269,-0.284,-0.300,-0.317,-0.335,-0.355,-0.376,-0.398,-0.422,-0.448,-0.476,-0.507,-0.539,-0.575,-0.614,-0.657,-0.705,-0.757,-0.816,-0.882,-0.958,-1.043,-1.141,-1.254,-1.384,-1.535,-1.707,-1.903,-2.117,-2.343,-2.567,-2.771,-2.943,-3.082,-3.204,-3.335,-3.509,-3.750,-4.075,-4.439,-4.669,-4.457,-3.863,-3.548,-4.033,-5.528,-8.358,-12.797,-13.580,-9.295,-6.292,-4.485,-3.363,-2.641,-2.160,-1.830,-1.600,-1.434,-1.317,-1.231,-1.170,-1.127,-1.097,-1.080,-1.070,-1.068,-1.071,-1.080,-1.094,-1.111,-1.133,-1.157,-1.186,-1.218,-1.253,-1.294,-1.336,-1.386,-1.439,-1.499,-1.567,-1.643,-1.731,-1.833,-1.954,-2.100,-2.279,-2.507,-2.799,-3.188,-3.712,-4.431,-5.415,-6.719,-8.309,-9.857,-10.704,-10.492,-9.696,-8.853,-8.166,-7.671,-7.333,-7.131,-7.029,-7.013,-7.071,-7.185
234,4.8106,0.4602,3.2107,0.4177,0.9542,3.6000,-1.961,-1.823,-1.731,-1.627,-1.578,-1.508,-1.464,-1.430,-1.379,-1.366,-1.321,-1.305,-1.279,-1.248,-1.242,-1.203,-1.198,-1.170,-1.151,-1.142,-1.109,-1.112,-1.081,-1.079,-1.069,-1.054,-1.076,-1.066,-1.126,-1.178,-1.332,-1.655,-2.364,-3.945,-4.231,-2.632,-1.728,-1.348,-1.164,-1.111,-1.121,-1.262,-1.557,-2.218,-2.608,-2.183,-1.629,-1.124,-0.805,-0.670,-0.565,-0.516,-0.470,-0.437,-0.417,-0.390,-0.380,-0.360,-0.351,-0.341,-0.331,-0.327,-0.318,-0.317,-0.312,-0.311,-0.312,-0.311,-0.317,-0.319,-0.328,-0.332,-0.333,-0.336,-0.339,-0.348,-0.356,-0.367,-0.379,-0.392,-0.408,-0.422,-0.441,-0.459,-0.479,-0.501,-0.523,-0.549,-0.574,-0.602,-0.632,-0.663,-0.698,-0.733,-0.773,-0.813,-0.857,-0.904,-0.954,-1.008,-1.065,-1.127,-1.193,-1.265,-1.343,-1.426,-1.517,-1.614,-1.720,-1.834,-1.957,-2.089,-2.228,-2.377,-2.530,-2.691,-2.859,-3.032,-3.218,-3.416,-3.641,-3.896,-4.199,-4.563,-5.002,-5.540,-6.175,-6.898,-7.593,-7.996,-7.715,-6.648,-5.203,-3.849,-2.856,-2.288,-2.162,-2.508,-3.457,-5.332,-8.420,-13.103,-15.510,-10.000,-6.285,-4.207,-2.985,-2.243,-1.771,-1.465,-1.265,-1.131,-1.046,-0.991,-0.961,-0.949,-0.949,-0.960,-0.979,-1.006,-1.038,-1.076,-1.119,-1.166,-1.218,-1.274,-1.335,-1.400,-1.471,-1.548,-1.632,-1.723,-1.822,-1.931,-2.051,-2.185,-2.335,-2.504,-2.698,-2.920,-3.179,-3.485,-3.852,-4.298,-4.851,-5.549,-6.452,-7.653,-9.305,-11.694,-15.441,-22.003,-22.533,-15.691,-11.817,-9.449,-7.937,-6.969,-6.370,-6.018,-5.837
238,5.5625,0.5957,3.8482,1.3592,1.3208,6.2000,-1.833,-1.815,-1.739,-1.699,-1.687,-1.617,-1.585,-1.575,-1.507,-1.482,-1.471,-1.403,-1.386,-1.373,-1.306,-1.298,-1.285,-1.220,-1.225,-1.214,-1.158,-1.187,-1.187,-1.158,-1.245,-1.300,-1.384,-1.711,-2.164,-3.239,-6.052,-8.331,-5.226,-2.993,-2.253,-2.176,-2.646,-3.053,-2.426,-1.563,-1.151,-0.918,-0.742,-0.674,-0.610,-0.546,-0.517,-0.479,-0.450,-0.444,-0.435,-0.440,-0.469,-0.531,-0.645,-0.888,-1.340,-1.665,-1.390,-0.883,-0.601,-0.459,-0.351,-0.308,-0.276,-0.239,-0.234,-0.221,-0.205,-0.211,-0.205,-0.200,-0.211,-0.209,-0.213,-0.228,-0.231,-0.243,-0.263,-0.272,-0.292,-0.317,-0.334,-0.365,-0.398,-0.426,-0.469,-0.515,-0.559,-0.620,-0.684,-0.753,-0.843,-0.938,-1.045,-1.182,-1.331,-1.508,-1.729,-1.981,-2.290,-2.678,-3.144,-3.733,-4.494,-5.457,-6.736,-8.485,-10.932,-14.736,-22.261,-30.818,-17.616,-12.836,-10.071,-8.210,-6.871,-5.913,-5.180,-4.599,-4.154,-3.766,-3.408,-3.097,-2.776,-2.460,-2.189,-1.922,-1.696,-1.556,-1.442,-1.425,-1.583,-1.914,-2.819,-4.696,-5.733,-4.113,-2.584,-1.882,-1.483,-1.204,-1.056,-0.932,-0.845,-0.829,-0.815,-0.823,-0.869,-0.905,-0.955,-1.031,-1.094,-1.174,-1.274,-1.363,-1.471,-1.598,-1.717,-1.860,-2.021,-2.179,-2.367,-2.575,-2.788,-3.039,-3.319,-3.610,-3.945,-4.309,-4.673,-5.064,-5.457,-5.816,-6.169,-6.491,-6.746,-6.966,-7.133,-7.208,-7.231,-7.188,-7.039,-6.824,-6.540,-6.166,-5.770,-5.382,-5.001,-4.687,-4.445,-4.243,-4.111,-4.042,-3.997,-4.009,-4.078,-4.166,-4.319,-4.539,-4.794
242,5.0769,0.4319,3.6499,1.0039,1.1233,5.8000,-1.925,-1.842,-1.811,-1.778,-1.710,-1.690,-1.660,-1.599,-1.586,-1.554,-1.498,-1.488,-1.453,-1.400,-1.393,-1.354,-1.307,-1.305,-1.265,-1.228,-1.236,-1.200,-1.184,-1.217,-1.207,-1.248,-1.362,-1.469,-1.749,-2.305,-3.306,-5.861,-12.471,-12.328,-6.094,-3.678,-2.696,-2.265,-2.206,-2.588,-3.478,-4.012,-3.106,-2.004,-1.573,-1.378,-1.070,-0.814,-0.673,-0.576,-0.513,-0.471,-0.438,-0.423,-0.432,-0.465,-0.560,-0.782,-0.982,-0.870,-0.576,-0.397,-0.314,-0.246,-0.215,-0.195,-0.169,-0.162,-0.153,-0.140,-0.141,-0.136,-0.131,-0.137,-0.135,-0.136,-0.145,-0.147,-0.154,-0.167,-0.173,-0.187,-0.203,-0.216,-0.237,-0.260,-0.281,-0.313,-0.345,-0.380,-0.428,-0.477,-0.536,-0.610,-0.691,-0.789,-0.906,-1.029,-1.161,-1.279,-1.351,-1.372,-1.337,-1.271,-1.212,-1.171,-1.156,-1.178,-1.226,-1.301,-1.413,-1.550,-1.726,-1.953,-2.228,-2.580,-3.035,-3.617,-4.401,-5.483,-7.013,-9.342,-13.266,-21.397,-19.749,-12.023,-8.125,-5.761,-4.249,-3.301,-2.722,-2.424,-2.399,-2.521,-2.643,-2.892,-3.648,-5.576,-10.134,-16.581,-9.170,-5.118,-3.242,-2.252,-1.675,-1.346,-1.134,-0.994,-0.918,-0.868,-0.841,-0.843,-0.851,-0.871,-0.911,-0.951,-1.002,-1.068,-1.134,-1.213,-1.305,-1.397,-1.506,-1.628,-1.754,-1.900,-2.060,-2.229,-2.424,-2.637,-2.865,-3.127,-3.413,-3.724,-4.080,-4.469,-4.893,-5.373,-5.893,-6.450,-7.058,-7.686,-8.313,-8.940,-9.518,-10.014,-10.443,-10.779,-11.005,-11.172,-11.248,-11.181,-10.977,-10.587,-10.047,-9.494,-8.946,-8.418,-7.953,-7.508,-7.086
246,5.4785,0.5825,3.8296,0.7776,0.7322,6.0000,-1.647,-1.608,-1.560,-1.506,-1.480,-1.427,-1.393,-1.363,-1.312,-1.292,-1.251,-1.214,-1.195,-1.148,-1.130,-1.104,-1.067,-1.065,-1.032,-1.029,-1.040,-1.032,-1.102,-1.171,-1.338,-1.731,-2.468,-4.569,-8.064,-6.160,-3.269,-2.164,-1.653,-1.425,-1.466,-1.639,-2.245,-2.939,-2.590,-1.686,-1.127,-0.853,-0.678,-0.587,-0.520,-0.460,-0.428,-0.398,-0.383,-0.379,-0.376,-0.401,-0.436,-0.516,-0.672,-0.953,-1.468,-1.788,-1.410,-0.878,-0.585,-0.421,-0.329,-0.280,-0.241,-0.223,-0.208,-0.199,-0.197,-0.194,-0.198,-0.202,-0.208,-0.220,-0.230,-0.245,-0.262,-0.280,-0.305,-0.330,-0.360,-0.395,-0.433,-0.481,-0.532,-0.594,-0.668,-0.752,-0.856,-0.979,-1.128,-1.312,-1.528,-1.777,-2.032,-2.240,-2.338,-2.295,-2.163,-2.021,-1.921,-1.889,-1.920,-2.014,-2.169,-2.380,-2.660,-3.013,-3.457,-4.017,-4.720,-5.621,-6.786,-8.311,-10.345,-12.990,-15.678,-15.646,-12.787,-9.937,-7.744,-6.098,-4.854,-3.917,-3.205,-2.662,-2.261,-1.962,-1.758,-1.641,-1.603,-1.676,-1.883,-2.283,-2.967,-4.243,-7.265,-13.765,-10.271,-5.357,-3.202,-2.162,-1.601,-1.298,-1.111,-1.006,-0.954,-0.925,-0.930,-0.949,-0.983,-1.036,-1.094,-1.170,-1.256,-1.350,-1.463,-1.583,-1.719,-1.871,-2.035,-2.222,-2.425,-2.648,-2.899,-3.170,-3.475,-3.814,-4.184,-4.603,-5.061,-5.564,-6.112,-6.680,-7.253,-7.799,-8.270,-8.660,-8.944,-9.129,-9.244,-9.273,-9.214,-9.069,-8.855,-8.630,-8.408,-8.198,-8.023,-7.866,-7.744,-7.657,-7.591,-7.568,-7.569,-7.597,-7.662,-7.737,-7.840,-7.953,-8.060
250,5.4528,0.5317,3.8819,0.9123,1.2845,8.2000,-1.804,-1.837,-1.830,-1.794,-1.795,-1.831,-1.842,-1.817,-1.822,-1.880,-1.941,-1.976,-2.047,-2.226,-2.511,-2.887,-3.474,-4.595,-6.743,-10.471,-13.333,-9.600,-6.220,-4.394,-3.449,-2.829,-2.321,-2.016,-1.956,-1.973,-1.953,-2.153,-2.972,-4.425,-5.418,-4.543,-2.952,-1.892,-1.422,-1.203,-1.004,-0.836,-0.755,-0.713,-0.648,-0.581,-0.549,-0.533,-0.501,-0.465,-0.450,-0.445,-0.429,-0.410,-0.406,-0.409,-0.405,-0.399,-0.405,-0.418,-0.426,-0.435,-0.453,-0.479,-0.503,-0.531,-0.569,-0.617,-0.669,-0.728,-0.804,-0.896,-1.002,-1.129,-1.288,-1.487,-1.732,-2.041,-2.443,-2.975,-3.689,-4.673,-6.087,-8.222,-11.738,-19.062,-26.463,-13.695,-8.998,-6.305,-4.572,-3.393,-2.568,-1.992,-1.612,-1.394,-1.313,-1.344,-1.469,-1.687,-2.022,-2.524,-3.266,-4.361,-5.987,-8.428,-12.041,-15.930,-14.444,-10.816,-8.251,-6.545,-5.382,-4.568,-3.983,-3.553,-3.230,-2.979,-2.765,-2.562,-2.345,-2.093,-1.801,-1.482,-1.173,-0.908,-0.708,-0.574,-0.500,-0.473,-0.481,-0.515,-0.570,-0.644,-0.733,-0.834,-0.947,-1.070,-1.197,-1.318,-1.422,-1.502,-1.552,-1.577,-1.598,-1.643,-1.733,-1.883,-2.114,-2.450,-2.920,-3.560,-4.428,-5.598,-7.096,-8.754,-10.063,-10.538,-10.511,-10.760,-11.866,-14.188,-16.723,-14.704,-10.814,-8.009,-6.204,-5.083,-4.407,-4.017,-3.827,-3.791,-3.877,-4.056,-4.316,-4.663,-5.104,-5.643,-6.286,-7.037,-7.862,-8.652,-9.249,-9.563,-9.629,-9.535,-9.343,-9.086,-8.797,-8.498,-8.184,-7.844,-7.488,-7.132,-6.777,-6.415,-6.061,-5.740,-5.450,-5.180,-4.935
254,5.2178,0.6884,2.6210,1.2148,0.8161,7.4000,-1.839,-1.874,-1.890,-1.832,-1.831,-1.858,-1.808,-1.775,-1.797,-1.762,-1.708,-1.714,-1.695,-1.633,-1.621,-1.615,-1.559,-1.533,-1.538,-1.500,-1.471,-1.488,-1.482,-1.473,-1.519,-1.575,-1.637,-1.779,-2.002,-2.322,-2.883,-3.872,-5.673,-9.339,-16.543,-11.999,-6.756,-4.275,-2.953,-2.162,-1.697,-1.394,-1.152,-0.996,-0.892,-0.781,-0.702,-0.662,-0.601,-0.548,-0.534,-0.502,-0.461,-0.459,-0.448,-0.416,-0.421,-0.431,-0.408,-0.419,-0.452,-0.447,-0.469,-0.539,-0.574,-0.638,-0.811,-0.999,-1.322,-2.077,-2.811,-2.408,-1.390,-0.786,-0.620,-0.565,-0.536,-0.583,-0.653,-0.717,-0.816,-0.941,-1.068,-1.211,-1.371,-1.520,-1.640,-1.732,-1.788,-1.822,-1.891,-2.060,-2.371,-2.879,-3.681,-4.866,-6.547,-9.012,-12.848,-19.460,-25.307,-16.734,-12.404,-10.072,-8.626,-7.989,-9.039,-13.368,-15.196,-8.496,-5.244,-3.824,-3.073,-2.550,-2.237,-2.038,-1.844,-1.706,-1.627,-1.534,-1.458,-1.427,-1.386,-1.343,-1.338,-1.331,-1.314,-1.327,-1.346,-1.351,-1.379,-1.421,-1.447,-1.491,-1.553,-1.602,-1.661,-1.743,-1.814,-1.886,-1.982,-2.070,-2.149,-2.247,-2.335,-2.401,-2.476,-2.536,-2.560,-2.579,-2.582,-2.543,-2.494,-2.439,-2.351,-2.259,-2.179,-2.084,-1.992,-1.928,-1.862,-1.800,-1.771,-1.753,-1.735,-1.752,-1.789,-1.823,-1.888,-1.985,-2.082,-2.203,-2.368,-2.541,-2.729,-2.972,-3.234,-3.499,-3.813,-4.158,-4.482,-4.818,-5.173,-5.471,-5.705,-5.920,-6.064,-6.094,-6.084,-6.053,-5.947,-5.807,-5.712,-5.615,-5.491,-5.428,-5.416,-5.374,-5.365,-5.424,-5.444
258,5.3879,0.4843,3.2216,1.5389,0.8472,7.8000,-1.697,-1.639,-1.682,-1.723,-1.666,-1.657,-1.714,-1.689,-1.637,-1.673,-1.687,-1.625,-1.618,-1.654,-1.613,-1.568,-1.600,-1.598,-1.542,-1.554,-1.594,-1.565,-1.563,-1.644,-1.695,-1.733,-1.888,-2.122,-2.384,-2.858,-3.737,-5.187,-7.890,-14.349,-24.333,-10.637,-6.642,-4.714,-3.739,-3.812,-4.952,-5.544,-3.990,-2.354,-1.598,-1.315,-1.074,-0.884,-0.809,-0.741,-0.650,-0.604,-0.581,-0.535,-0.500,-0.490,-0.472,-0.448,-0.442,-0.442,-0.433,-0.432,-0.443,-0.453,-0.462,-0.482,-0.513,-0.543,-0.580,-0.638,-0.709,-0.786,-0.896,-1.052,-1.240,-1.501,-1.914,-2.517,-3.447,-5.036,-6.946,-6.547,-4.160,-2.394,-1.548,-1.219,-1.099,-1.123,-1.275,-1.486,-1.755,-2.122,-2.571,-3.091,-3.727,-4.490,-5.356,-6.357,-7.514,-8.786,-10.194,-11.800,-13.658,-16.123,-20.275,-27.510,-18.670,-11.492,-7.186,-4.635,-3.276,-2.643,-2.348,-2.190,-2.122,-2.093,-2.062,-2.046,-2.045,-2.031,-2.013,-2.005,-1.983,-1.944,-1.911,-1.877,-1.843,-1.854,-1.959,-2.219,-2.760,-3.715,-5.006,-6.037,-5.934,-4.880,-3.728,-2.838,-2.192,-1.724,-1.399,-1.175,-1.006,-0.889,-0.818,-0.769,-0.737,-0.734,-0.746,-0.762,-0.796,-0.848,-0.901,-0.964,-1.048,-1.138,-1.231,-1.347,-1.477,-1.606,-1.752,-1.920,-2.083,-2.247,-2.426,-2.592,-2.731,-2.863,-2.976,-3.048,-3.111,-3.186,-3.255,-3.336,-3.465,-3.627,-3.801,-4.016,-4.273,-4.526,-4.772,-5.037,-5.283,-5.465,-5.610,-5.731,-5.775,-5.743,-5.691,-5.615,-5.472,-5.310,-5.176,-5.022,-4.840,-4.697,-4.584,-4.442,-4.317,-4.251,-4.179
262,5.3531,0.8046,2.6995,1.7594,0.6403,7.0000,-2.052,-2.059,-2.063,-2.017,-1.989,-1.998,-1.970,-1.921,-1.912,-1.904,-1.857,-1.826,-1.826,-1.801,-1.762,-1.759,-1.764,-1.743,-1.744,-1.784,-1.818,-1.860,-1.965,-2.123,-2.322,-2.644,-3.184,-4.020,-5.408,-8.016,-13.649,-28.848,-12.259,-7.268,-4.829,-3.479,-2.642,-2.079,-1.709,-1.455,-1.250,-1.088,-0.980,-0.889,-0.798,-0.743,-0.729,-0.709,-0.663,-0.612,-0.566,-0.528,-0.507,-0.492,-0.470,-0.456,-0.458,-0.452,-0.445,-0.456,-0.472,-0.479,-0.507,-0.558,-0.601,-0.655,-0.760,-0.888,-1.042,-1.310,-1.736,-2.361,-3.483,-5.479,-7.250,-5.806,-3.397,-1.958,-1.307,-1.002,-0.844,-0.832,-0.925,-1.067,-1.296,-1.660,-2.152,-2.804,-3.707,-4.883,-6.250,-7.622,-8.530,-8.473,-7.700,-6.731,-5.797,-5.010,-4.401,-3.910,-3.506,-3.199,-2.961,-2.755,-2.594,-2.483,-2.386,-2.305,-2.262,-2.237,-2.212,-2.214,-2.244,-2.271,-2.312,-2.390,-2.471,-2.552,-2.668,-2.799,-2.904,-3.017,-3.126,-3.153,-3.101,-2.987,-2.745,-2.399,-2.056,-1.719,-1.386,-1.152,-1.032,-0.937,-0.926,-1.104,-1.397,-1.891,-3.207,-5.889,-7.588,-5.270,-3.252,-2.504,-2.325,-2.211,-2.216,-2.360,-2.442,-2.470,-2.547,-2.572,-2.501,-2.452,-2.411,-2.306,-2.216,-2.180,-2.124,-2.065,-2.069,-2.090,-2.093,-2.145,-2.244,-2.328,-2.436,-2.612,-2.800,-2.989,-3.251,-3.568,-3.884,-4.256,-4.725,-5.220,-5.733,-6.346,-7.018,-7.645,-8.260,-8.884,-9.356,-9.575,-9.619,-9.488,-9.091,-8.515,-7.937,-7.358,-6.729,-6.148,-5.681,-5.246,-4.817,-4.483,-4.226,-3.956,-3.722,-3.577,-3.441
266,4.7912,0.5984,3.0502,1.1820,0.7958,4.6000,-3.312,-3.071,-2.850,-2.649,-2.486,-2.335,-2.210,-2.100,-1.998,-1.916,-1.832,-1.763,-1.698,-1.634,-1.581,-1.522,-1.474,-1.423,-1.374,-1.331,-1.282,-1.244,-1.199,-1.159,-1.121,-1.079,-1.046,-1.005,-0.973,-0.939,-0.905,-0.878,-0.844,-0.822,-0.795,-0.774,-0.759,-0.743,-0.747,-0.751,-0.793,-0.874,-1.054,-1.307,-1.239,-0.926,-0.737,-0.661,-0.637,-0.656,-0.710,-0.814,-1.000,-1.318,-1.831,-2.379,-2.309,-1.632,-1.045,-0.698,-0.495,-0.378,-0.301,-0.253,-0.220,-0.199,-0.188,-0.186,-0.199,-0.221,-0.227,-0.190,-0.146,-0.122,-0.106,-0.100,-0.095,-0.094,-0.095,-0.096,-0.100,-0.103,-0.109,-0.115,-0.121,-0.129,-0.137,-0.148,-0.158,-0.169,-0.182,-0.195,-0.209,-0.224,-0.242,-0.259,-0.278,-0.299,-0.320,-0.344,-0.368,-0.395,-0.423,-0.454,-0.487,-0.522,-0.560,-0.600,-0.645,-0.692,-0.744,-0.800,-0.861,-0.928,-1.000,-1.079,-1.163,-1.252,-1.346,-1.442,-1.537,-1.626,-1.709,-1.783,-1.850,-1.918,-1.995,-2.096,-2.230,-2.414,-2.661,-2.988,-3.386,-3.752,-3.758,-3.059,-2.122,-1.588,-1.505,-1.697,-2.076,-2.615,-3.348,-4.339,-5.674,-7.388,-9.204,-10.263,-9.975,-9.030,-8.048,-7.119,-6.176,-5.214,-4.300,-3.500,-2.848,-2.341,-1.960,-1.681,-1.481,-1.342,-1.249,-1.192,-1.163,-1.156,-1.168,-1.195,-1.236,-1.287,-1.351,-1.424,-1.508,-1.602,-1.706,-1.823,-1.950,-2.090,-2.245,-2.415,-2.603,-2.809,-3.039,-3.293,-3.575,-3.891,-4.244,-4.642,-5.092,-5.602,-6.186,-6.852,-7.625,-8.516,-9.557,-10.774,-12.189,-13.823,-15.585,-17.162,-17.870
270,5.5832,0.4096,3.1398,1.6729,0.7881,8.4000,-1.511,-1.517,-1.467,-1.511,-1.547,-1.497,-1.507,-1.559,-1.522,-1.500,-1.550,-1.536,-1.489,-1.523,-1.533,-1.475,-1.484,-1.515,-1.465,-1.448,-1.494,-1.471,-1.440,-1.500,-1.529,-1.515,-1.609,-1.750,-1.850,-2.106,-2.615,-3.337,-4.725,-7.916,-14.436,-12.420,-6.928,-4.278,-3.078,-2.588,-2.339,-2.432,-3.464,-5.383,-5.461,-3.320,-1.892,-1.387,-1.134,-0.890,-0.785,-0.742,-0.651,-0.597,-0.591,-0.551,-0.514,-0.518,-0.506,-0.482,-0.490,-0.497,-0.486,-0.499,-0.520,-0.527,-0.546,-0.583,-0.610,-0.645,-0.701,-0.756,-0.817,-0.904,-1.004,-1.115,-1.260,-1.440,-1.649,-1.918,-2.267,-2.704,-3.278,-4.060,-5.131,-6.649,-8.952,-12.775,-20.778,-21.760,-12.829,-8.651,-6.144,-4.491,-3.366,-2.590,-2.044,-1.661,-1.410,-1.259,-1.192,-1.214,-1.336,-1.573,-1.971,-2.607,-3.590,-5.115,-7.552,-11.712,-20.937,-22.259,-12.945,-9.119,-6.927,-5.510,-4.538,-3.850,-3.343,-2.957,-2.664,-2.436,-2.249,-2.097,-1.972,-1.858,-1.749,-1.646,-1.532,-1.402,-1.258,-1.094,-0.914,-0.759,-0.678,-0.674,-0.699,-0.699,-0.670,-0.643,-0.628,-0.624,-0.637,-0.671,-0.717,-0.776,-0.854,-0.944,-1.044,-1.161,-1.292,-1.429,-1.579,-1.743,-1.916,-2.117,-2.374,-2.707,-3.148,-3.748,-4.547,-5.616,-7.097,-9.234,-12.524,-18.557,-29.227,-16.885,-11.770,-8.895,-7.080,-5.908,-5.148,-4.660,-4.378,-4.255,-4.238,-4.303,-4.449,-4.648,-4.875,-5.137,-5.424,-5.699,-5.958,-6.210,-6.424,-6.582,-6.721,-6.850,-6.947,-7.031,-7.125,-7.184,-7.188,-7.181,-7.159,-7.086,-7.009,-6.958,-6.885
274,5.0963,0.5411,3.5579,0.9364,0.8681,5.2000,-1.942,-1.856,-1.785,-1.729,-1.662,-1.622,-1.566,-1.525,-1.486,-1.437,-1.409,-1.361,-1.331,-1.293,-1.254,-1.229,-1.184,-1.161,-1.123,-1.093,-1.069,-1.031,-1.019,-0.984,-0.974,-0.960,-0.949,-0.969,-0.977,-1.052,-1.150,-1.383,-1.864,-2.928,-5.175,-5.713,-3.540,-2.313,-1.849,-1.787,-2.112,-2.937,-3.705,-2.943,-2.013,-1.653,-1.221,-0.858,-0.673,-0.546,-0.476,-0.415,-0.378,-0.348,-0.326,-0.320,-0.316,-0.342,-0.392,-0.505,-0.668,-0.680,-0.506,-0.348,-0.265,-0.211,-0.184,-0.164,-0.151,-0.145,-0.137,-0.137,-0.134,-0.136,-0.138,-0.141,-0.148,-0.153,-0.163,-0.172,-0.183,-0.197,-0.210,-0.228,-0.246,-0.268,-0.292,-0.318,-0.349,-0.381,-0.420,-0.461,-0.510,-0.564,-0.626,-0.698,-0.779,-0.874,-0.982,-1.106,-1.247,-1.400,-1.560,-1.710,-1.830,-1.898,-1.901,-1.848,-1.763,-1.675,-1.603,-1.562,-1.554,-1.581,-1.644,-1.741,-1.877,-2.054,-2.281,-2.569,-2.934,-3.402,-4.009,-4.810,-5.890,-7.363,-9.334,-11.501,-11.980,-9.709,-7.027,-5.026,-3.735,-3.029,-2.753,-2.709,-2.938,-3.767,-5.611,-9.396,-19.141,-16.226,-8.724,-5.490,-3.751,-2.721,-2.076,-1.657,-1.374,-1.185,-1.055,-0.970,-0.918,-0.887,-0.879,-0.884,-0.904,-0.935,-0.975,-1.027,-1.085,-1.156,-1.234,-1.321,-1.420,-1.527,-1.650,-1.781,-1.928,-2.090,-2.268,-2.467,-2.684,-2.928,-3.197,-3.496,-3.832,-4.201,-4.621,-5.084,-5.603,-6.184,-6.820,-7.528,-8.281,-9.073,-9.867,-10.586,-11.188,-11.585,-11.768,-11.804,-11.740,-11.710,-11.780,-11.978,-12.355,-12.818,-13.318,-13.727,-13.944
278,5.0829,0.6569,3.4478,1.0921,0.7948,5.2000,-2.264,-2.125,-2.035,-1.920,-1.848,-1.769,-1.692,-1.643,-1.567,-1.526,-1.467,-1.415,-1.377,-1.317,-1.287,-1.234,-1.196,-1.160,-1.110,-1.086,-1.035,-1.008,-0.971,-0.931,-0.911,-0.865,-0.848,-0.812,-0.786,-0.769,-0.734,-0.731,-0.701,-0.699,-0.693,-0.686,-0.716,-0.723,-0.801,-0.883,-1.072,-1.420,-2.019,-3.078,-3.242,-2.874,-3.376,-3.040,-1.880,-1.221,-0.842,-0.637,-0.517,-0.422,-0.380,-0.332,-0.317,-0.308,-0.315,-0.361,-0.439,-0.604,-0.742,-0.661,-0.453,-0.310,-0.231,-0.180,-0.155,-0.133,-0.122,-0.115,-0.108,-0.107,-0.104,-0.106,-0.108,-0.111,-0.117,-0.121,-0.130,-0.137,-0.148,-0.159,-0.170,-0.186,-0.200,-0.218,-0.236,-0.257,-0.280,-0.304,-0.333,-0.362,-0.396,-0.432,-0.471,-0.516,-0.564,-0.620,-0.679,-0.747,-0.822,-0.906,-1.002,-1.108,-1.228,-1.361,-1.508,-1.669,-1.837,-2.009,-2.172,-2.314,-2.421,-2.486,-2.513,-2.511,-2.502,-2.501,-2.528,-2.596,-2.715,-2.900,-3.162,-3.523,-4.007,-4.643,-5.450,-6.357,-7.045,-6.861,-5.646,-4.147,-3.012,-2.410,-2.295,-2.622,-3.368,-4.549,-6.424,-9.738,-16.681,-21.648,-11.743,-7.517,-5.178,-3.741,-2.815,-2.198,-1.776,-1.486,-1.283,-1.145,-1.052,-0.993,-0.962,-0.952,-0.960,-0.983,-1.020,-1.069,-1.129,-1.202,-1.284,-1.379,-1.485,-1.604,-1.738,-1.884,-2.049,-2.230,-2.432,-2.656,-2.903,-3.180,-3.485,-3.826,-4.205,-4.624,-5.093,-5.608,-6.176,-6.796,-7.457,-8.156,-8.853,-9.516,-10.087,-10.489,-10.695,-10.675,-10.469,-10.144,-9.745,-9.345,-8.966,-8.633,-8.371,-8.168,-8.052
282,4.7879,0.8900,2.6009,1.8270,0.6201,6.0000,-2.084,-2.221,-2.356,-2.477,-2.600,-2.691,-2.765,-2.817,-2.830,-2.833,-2.801,-2.752,-2.696,-2.613,-2.536,-2.444,-2.348,-2.260,-2.157,-2.070,-1.975,-1.884,-1.803,-1.712,-1.640,-1.558,-1.487,-1.422,-1.350,-1.298,-1.234,-1.187,-1.140,-1.093,-1.068,-1.029,-1.021,-1.011,-1.023,-1.076,-1.147,-1.341,-1.642,-2.256,-3.097,-3.416,-3.196,-2.428,-1.512,-1.036,-0.784,-0.614,-0.525,-0.441,-0.393,-0.346,-0.309,-0.284,-0.253,-0.236,-0.214,-0.200,-0.189,-0.179,-0.181,-0.192,-0.230,-0.309,-0.362,-0.301,-0.207,-0.156,-0.118,-0.098,-0.082,-0.069,-0.062,-0.052,-0.049,-0.042,-0.038,-0.036,-0.032,-0.032,-0.029,-0.029,-0.029,-0.029,-0.031,-0.031,-0.035,-0.036,-0.040,-0.044,-0.048,-0.054,-0.059,-0.067,-0.073,-0.081,-0.091,-0.099,-0.111,-0.120,-0.131,-0.139,-0.143,-0.146,-0.146,-0.152,-0.160,-0.173,-0.190,-0.207,-0.230,-0.251,-0.278,-0.305,-0.335,-0.370,-0.405,-0.448,-0.492,-0.546,-0.607,-0.677,-0.766,-0.869,-1.009,-1.187,-1.435,-1.776,-2.185,-2.630,-3.113,-3.728,-3.756,-2.682,-1.725,-1.363,-1.303,-1.397,-1.583,-1.833,-2.166,-2.581,-3.122,-3.829,-4.776,-6.098,-8.007,-11.003,-16.518,-42.793,-16.879,-10.902,-7.684,-5.655,-4.296,-3.352,-2.690,-2.215,-1.873,-1.627,-1.449,-1.326,-1.240,-1.186,-1.157,-1.147,-1.157,-1.180,-1.218,-1.268,-1.329,-1.404,-1.488,-1.588,-1.701,-1.830,-1.978,-2.145,-2.339,-2.558,-2.810,-3.101,-3.431,-3.814,-4.247,-4.742,-5.303,-5.927,-6.627,-7.381,-8.183,-8.995,-9.746,-10.369,-10.736,-10.790,-10.536
286,4.4793,0.4839,3.0455,1.6746,1.0264,5.0000,-0.388,-0.383,-0.537,-0.931,-1.332,-1.359,-0.996,-0.603,-0.413,-0.385,-0.377,-0.338,-0.311,-0.319,-0.330,-0.322,-0.314,-0.321,-0.331,-0.332,-0.330,-0.336,-0.345,-0.349,-0.350,-0.356,-0.364,-0.369,-0.373,-0.379,-0.387,-0.393,-0.398,-0.405,-0.414,-0.421,-0.427,-0.436,-0.446,-0.455,-0.465,-0.477,-0.495,-0.519,-0.542,-0.552,-0.545,-0.529,-0.521,-0.528,-0.539,-0.546,-0.553,-0.568,-0.587,-0.603,-0.623,-0.665,-0.723,-0.764,-0.761,-0.729,-0.701,-0.691,-0.693,-0.696,-0.702,-0.713,-0.725,-0.734,-0.746,-0.763,-0.776,-0.781,-0.781,-0.784,-0.793,-0.807,-0.822,-0.838,-0.854,-0.868,-0.882,-0.898,-0.915,-0.930,-0.944,-0.961,-0.979,-0.995,-1.010,-1.027,-1.047,-1.065,-1.080,-1.098,-1.120,-1.140,-1.157,-1.175,-1.199,-1.223,-1.242,-1.261,-1.287,-1.315,-1.339,-1.360,-1.388,-1.422,-1.453,-1.480,-1.513,-1.557,-1.600,-1.638,-1.683,-1.744,-1.813,-1.878,-1.950,-2.050,-2.173,-2.301,-2.437,-2.607,-2.810,-3.004,-3.161,-3.316,-3.510,-3.726,-3.946,-4.268,-4.845,-5.632,-6.127,-5.762,-4.879,-4.212,-4.075,-4.431,-5.108,-5.953,-6.952,-8.199,-9.731,-11.357,-12.542,-12.643,-11.691,-10.343,-9.062,-7.953,-6.986,-6.156,-5.488,-4.972,-4.546,-4.162,-3.826,-3.567,-3.372,-3.199,-3.034,-2.902,-2.823,-2.774,-2.725,-2.684,-2.682,-2.722,-2.771,-2.813,-2.874,-2.979,-3.108,-3.227,-3.340,-3.485,-3.668,-3.850,-4.007,-4.171,-4.378,-4.607,-4.807,-4.985,-5.196,-5.456,-5.708,-5.915,-6.124,-6.394,-6.700,-6.963,-7.182,-7.441,-7.783,-8.139,-8.431
290,5.3980,0.7191,2.9995,1.8044,0.8484,4.4000,-3.082,-2.818,-2.579,-2.410,-2.235,-2.108,-1.996,-1.884,-1.813,-1.719,-1.659,-1.594,-1.528,-1.487,-1.422,-1.387,-1.335,-1.290,-1.258,-1.205,-1.181,-1.134,-1.103,-1.072,-1.029,-1.012,-0.967,-0.949,-0.918,-0.889,-0.878,-0.841,-0.841,-0.816,-0.816,-0.825,-0.827,-0.894,-0.947,-1.127,-1.422,-2.071,-3.095,-3.049,-2.407,-1.996,-1.349,-0.898,-0.713,-0.564,-0.502,-0.438,-0.398,-0.372,-0.339,-0.329,-0.308,-0.305,-0.304,-0.312,-0.347,-0.402,-0.515,-0.622,-0.597,-0.460,-0.342,-0.275,-0.227,-0.203,-0.182,-0.170,-0.162,-0.154,-0.152,-0.148,-0.149,-0.149,-0.151,-0.156,-0.159,-0.166,-0.173,-0.182,-0.192,-0.203,-0.217,-0.231,-0.248,-0.267,-0.288,-0.312,-0.337,-0.368,-0.400,-0.437,-0.479,-0.526,-0.580,-0.640,-0.712,-0.792,-0.887,-0.997,-1.126,-1.279,-1.458,-1.670,-1.915,-2.195,-2.503,-2.818,-3.110,-3.332,-3.447,-3.436,-3.318,-3.134,-2.926,-2.729,-2.560,-2.430,-2.341,-2.293,-2.288,-2.325,-2.410,-2.545,-2.742,-3.006,-3.340,-3.717,-4.030,-4.098,-3.894,-3.849,-4.152,-4.239,-3.784,-3.163,-2.654,-2.312,-2.103,-1.995,-1.958,-1.978,-2.043,-2.147,-2.288,-2.460,-2.660,-2.873,-3.076,-3.231,-3.291,-3.225,-3.029,-2.751,-2.448,-2.169,-1.939,-1.764,-1.642,-1.564,-1.523,-1.511,-1.523,-1.558,-1.609,-1.679,-1.765,-1.869,-1.993,-2.137,-2.310,-2.512,-2.753,-3.039,-3.375,-3.773,-4.228,-4.746,-5.316,-5.933,-6.600,-7.312,-8.097,-8.964,-9.947,-11.078,-12.372,-13.871,-15.517,-17.147,-18.304,-18.345,-17.349,-15.916,-14.472,-13.224,-12.166
294,4.9080,0.4271,3.7915,1.2920,0.9028,3.6000,-1.541,-1.467,-1.446,-1.383,-1.367,-1.335,-1.302,-1.299,-1.257,-1.259,-1.231,-1.216,-1.212,-1.179,-1.186,-1.156,-1.152,-1.143,-1.120,-1.129,-1.102,-1.112,-1.105,-1.103,-1.129,-1.129,-1.184,-1.231,-1.326,-1.497,-1.741,-2.251,-3.169,-5.187,-9.816,-12.336,-6.747,-4.000,-2.833,-2.225,-2.096,-2.207,-2.820,-3.912,-3.870,-3.610,-3.481,-2.340,-1.467,-1.107,-0.842,-0.725,-0.618,-0.545,-0.500,-0.443,-0.421,-0.381,-0.361,-0.340,-0.317,-0.308,-0.287,-0.281,-0.270,-0.263,-0.261,-0.251,-0.249,-0.240,-0.240,-0.239,-0.239,-0.244,-0.244,-0.252,-0.257,-0.265,-0.276,-0.284,-0.299,-0.311,-0.328,-0.345,-0.364,-0.388,-0.410,-0.438,-0.467,-0.500,-0.538,-0.578,-0.625,-0.676,-0.735,-0.800,-0.874,-0.956,-1.042,-1.131,-1.209,-1.265,-1.286,-1.267,-1.222,-1.167,-1.123,-1.096,-1.090,-1.104,-1.134,-1.181,-1.240,-1.313,-1.398,-1.497,-1.611,-1.740,-1.890,-2.062,-2.265,-2.502,-2.785,-3.127,-3.541,-4.044,-4.634,-5.251,-5.686,-5.584,-4.894,-4.065,-3.394,-2.767,-2.142,-1.717,-1.632,-1.890,-2.465,-3.398,-4.812,-6.953,-10.153,-13.396,-11.616,-8.000,-5.479,-3.862,-2.823,-2.144,-1.693,-1.393,-1.190,-1.056,-0.969,-0.915,-0.887,-0.877,-0.882,-0.899,-0.924,-0.959,-0.999,-1.049,-1.102,-1.163,-1.230,-1.302,-1.384,-1.472,-1.571,-1.680,-1.801,-1.939,-2.093,-2.273,-2.478,-2.721,-3.010,-3.357,-3.787,-4.316,-4.991,-5.853,-6.971,-8.443,-10.368,-12.889,-15.884,-18.078,-17.233,-14.990,-13.047,-11.642,-10.699,-10.102,-9.824,-9.794,-10.009,-10.451,-11.098
298,5.5601,0.8871,3.1232,1.4717,0.7779,7.6000,-1.953,-1.921,-1.865,-1.854,-1.833,-1.773,-1.744,-1.730,-1.675,-1.632,-1.620,-1.576,-1.526,-1.512,-1.483,-1.436,-1.421,-1.410,-1.377,-1.368,-1.381,-1.382,-1.401,-1.464,-1.544,-1.663,-1.877,-2.226,-2.790,-3.800,-5.790,-9.950,-16.467,-10.171,-5.721,-3.674,-2.604,-1.924,-1.536,-1.312,-1.103,-0.966,-0.911,-0.825,-0.756,-0.764,-0.741,-0.708,-0.771,-0.828,-0.870,-1.084,-1.420,-1.936,-3.352,-6.023,-6.300,-3.510,-1.821,-1.204,-0.893,-0.679,-0.619,-0.582,-0.536,-0.561,-0.592,-0.611,-0.699,-0.806,-0.928,-1.184,-1.560,-2.151,-3.334,-4.591,-3.933,-2.280,-1.306,-0.975,-0.852,-0.822,-0.910,-1.033,-1.180,-1.404,-1.676,-1.986,-2.391,-2.881,-3.440,-4.117,-4.896,-5.723,-6.606,-7.484,-8.291,-9.169,-10.361,-12.431,-16.530,-16.836,-10.856,-7.325,-5.442,-4.360,-3.654,-3.184,-2.862,-2.608,-2.414,-2.284,-2.177,-2.089,-2.051,-2.035,-2.023,-2.083,-2.243,-2.563,-3.367,-4.854,-5.705,-4.367,-2.755,-1.948,-1.657,-1.506,-1.458,-1.506,-1.548,-1.599,-1.702,-1.793,-1.870,-1.983,-2.081,-2.146,-2.225,-2.280,-2.281,-2.274,-2.241,-2.153,-2.057,-1.960,-1.830,-1.710,-1.616,-1.513,-1.426,-1.378,-1.333,-1.298,-1.304,-1.320,-1.339,-1.398,-1.474,-1.547,-1.654,-1.787,-1.910,-2.055,-2.226,-2.374,-2.516,-2.674,-2.799,-2.899,-3.029,-3.157,-3.276,-3.451,-3.666,-3.872,-4.118,-4.413,-4.677,-4.923,-5.194,-5.414,-5.543,-5.653,-5.725,-5.680,-5.588,-5.506,-5.353,-5.144,-4.982,-4.815,-4.591,-4.414,-4.282,-4.100,-3.939,-3.854,-3.734,-3.602,-3.558
302,5.1491,0.7403,3.2804,1.3563,0.7045,6.4000,-2.199,-2.222,-2.169,-2.157,-2.166,-2.106,-2.104,-2.099,-2.041,-2.049,-2.034,-1.989,-2.013,-1.999,-1.983,-2.036,-2.047,-2.091,-2.210,-2.304,-2.484,-2.778,-3.121,-3.682,-4.536,-5.689,-7.393,-9.577,-10.863,-9.708,-7.642,-5.921,-4.579,-3.691,-3.141,-2.675,-2.451,-2.457,-2.581,-3.413,-4.746,-4.254,-2.703,-1.824,-1.515,-1.598,-1.762,-1.600,-1.357,-1.403,-2.021,-3.014,-2.824,-1.647,-1.019,-0.810,-0.616,-0.543,-0.507,-0.437,-0.435,-0.417,-0.392,-0.411,-0.405,-0.413,-0.448,-0.463,-0.509,-0.573,-0.636,-0.749,-0.888,-1.068,-1.334,-1.666,-2.093,-2.602,-3.075,-3.414,-3.503,-3.354,-3.112,-2.838,-2.599,-2.422,-2.280,-2.190,-2.142,-2.114,-2.126,-2.158,-2.207,-2.290,-2.383,-2.499,-2.644,-2.799,-2.985,-3.196,-3.421,-3.683,-3.962,-4.256,-4.575,-4.882,-5.177,-5.435,-5.606,-5.687,-5.636,-5.449,-5.157,-4.764,-4.326,-3.873,-3.418,-2.999,-2.613,-2.264,-1.964,-1.697,-1.469,-1.279,-1.110,-0.974,-0.863,-0.767,-0.698,-0.644,-0.606,-0.596,-0.602,-0.643,-0.741,-0.922,-1.232,-1.586,-1.839,-2.022,-2.228,-2.476,-2.750,-2.997,-3.195,-3.338,-3.394,-3.380,-3.305,-3.180,-3.047,-2.907,-2.774,-2.667,-2.569,-2.494,-2.445,-2.404,-2.391,-2.394,-2.405,-2.445,-2.493,-2.554,-2.644,-2.738,-2.854,-2.996,-3.143,-3.322,-3.525,-3.738,-3.994,-4.269,-4.563,-4.908,-5.263,-5.644,-6.069,-6.481,-6.902,-7.327,-7.676,-7.971,-8.187,-8.240,-8.186,-8.026,-7.716,-7.360,-6.970,-6.514,-6.092,-5.682,-5.254,-4.891,-4.542,-4.193,-3.911,-3.626,-3.353
306,5.2273,0.4690,3.6109,1.0429,0.7410,4.0000,-1.693,-1.633,-1.567,-1.523,-1.479,-1.438,-1.412,-1.373,-1.352,-1.322,-1.297,-1.277,-1.247,-1.232,-1.204,-1.184,-1.164,-1.137,-1.122,-1.094,-1.077,-1.055,-1.032,-1.018,-0.992,-0.981,-0.962,-0.948,-0.943,-0.931,-0.943,-0.954,-0.996,-1.089,-1.256,-1.674,-2.135,-1.972,-1.553,-1.564,-1.872,-2.714,-3.792,-3.213,-2.320,-2.092,-1.569,-1.025,-0.787,-0.623,-0.541,-0.478,-0.428,-0.402,-0.368,-0.354,-0.335,-0.327,-0.325,-0.327,-0.351,-0.386,-0.442,-0.447,-0.386,-0.324,-0.283,-0.263,-0.249,-0.243,-0.242,-0.241,-0.246,-0.250,-0.258,-0.266,-0.277,-0.290,-0.304,-0.322,-0.340,-0.361,-0.385,-0.411,-0.441,-0.473,-0.510,-0.549,-0.594,-0.644,-0.699,-0.761,-0.829,-0.906,-0.992,-1.087,-1.193,-1.308,-1.436,-1.570,-1.710,-1.849,-1.975,-2.082,-2.154,-2.188,-2.181,-2.142,-2.086,-2.024,-1.972,-1.937,-1.926,-1.943,-1.988,-2.066,-2.174,-2.321,-2.507,-2.741,-3.031,-3.388,-3.829,-4.367,-5.019,-5.769,-6.536,-7.081,-7.011,-6.166,-4.875,-3.628,-2.682,-2.123,-1.910,-1.922,-2.199,-2.957,-4.471,-7.229,-11.935,-13.746,-8.992,-5.789,-3.944,-2.837,-2.145,-1.698,-1.403,-1.206,-1.076,-0.991,-0.941,-0.915,-0.909,-0.919,-0.940,-0.974,-1.016,-1.068,-1.128,-1.195,-1.272,-1.356,-1.450,-1.553,-1.665,-1.790,-1.926,-2.077,-2.244,-2.429,-2.635,-2.864,-3.124,-3.415,-3.746,-4.125,-4.558,-5.063,-5.650,-6.344,-7.170,-8.164,-9.386,-10.902,-12.836,-15.335,-18.436,-20.950,-19.731,-16.688,-14.128,-12.213,-10.804,-9.785,-9.050,-8.555,-8.245,-8.089,-8.079
310,5.3119,0.6294,3.6996,1.2391,1.1745,8.8000,-1.848,-1.889,-1.858,-1.803,-1.809,-1.855,-1.846,-1.779,-1.753,-1.797,-1.819,-1.766,-1.723,-1.772,-1.855,-1.873,-1.877,-2.010,-2.302,-2.663,-3.139,-4.087,-6.094,-9.979,-14.798,-10.802,-6.676,-4.474,-3.335,-2.704,-2.259,-1.899,-1.658,-1.569,-1.568,-1.552,-1.572,-1.870,-2.660,-3.774,-4.311,-3.545,-2.318,-1.486,-1.130,-0.982,-0.825,-0.669,-0.597,-0.581,-0.539,-0.469,-0.432,-0.433,-0.421,-0.383,-0.358,-0.364,-0.366,-0.345,-0.329,-0.338,-0.350,-0.343,-0.336,-0.350,-0.371,-0.378,-0.381,-0.402,-0.435,-0.458,-0.475,-0.509,-0.559,-0.605,-0.645,-0.703,-0.783,-0.867,-0.950,-1.056,-1.197,-1.359,-1.534,-1.752,-2.039,-2.392,-2.812,-3.345,-4.063,-5.013,-6.236,-7.859,-10.101,-13.073,-16.445,-20.308,-31.646,-21.418,-12.809,-8.410,-5.796,-4.183,-3.142,-2.420,-1.898,-1.526,-1.263,-1.066,-0.915,-0.810,-0.746,-0.711,-0.699,-0.723,-0.790,-0.900,-1.066,-1.329,-1.739,-2.367,-3.360,-5.017,-7.906,-13.301,-20.167,-12.661,-8.280,-5.946,-4.572,-3.697,-3.111,-2.717,-2.452,-2.267,-2.135,-2.048,-1.997,-1.967,-1.946,-1.933,-1.923,-1.906,-1.872,-1.817,-1.743,-1.648,-1.533,-1.410,-1.290,-1.184,-1.098,-1.039,-1.016,-1.034,-1.095,-1.200,-1.353,-1.546,-1.752,-1.936,-2.068,-2.150,-2.204,-2.259,-2.338,-2.457,-2.624,-2.841,-3.113,-3.446,-3.854,-4.347,-4.939,-5.649,-6.503,-7.517,-8.655,-9.796,-10.754,-11.346,-11.493,-11.242,-10.715,-10.049,-9.346,-8.659,-8.007,-7.403,-6.859,-6.378,-5.950,-5.571,-5.245,-4.990,-4.817,-4.732,-4.749,-4.886,-5.158
314,5.3619,0.7440,2.6364,1.3900,0.6290,6.6000,-2.053,-2.037,-2.013,-1.991,-1.974,-1.951,-1.927,-1.908,-1.889,-1.868,-1.851,-1.840,-1.831,-1.827,-1.833,-1.852,-1.884,-1.938,-2.024,-2.156,-2.351,-2.647,-3.114,-3.860,-5.091,-7.295,-11.640,-20.499,-13.438,-7.981,-5.288,-3.783,-2.853,-2.253,-1.857,-1.569,-1.349,-1.190,-1.067,-0.958,-0.874,-0.809,-0.747,-0.694,-0.655,-0.617,-0.582,-0.561,-0.544,-0.528,-0.533,-0.547,-0.537,-0.513,-0.506,-0.514,-0.522,-0.542,-0.575,-0.612,-0.663,-0.738,-0.831,-0.953,-1.130,-1.369,-1.703,-2.208,-2.977,-4.163,-5.985,-8.014,-7.768,-5.398,-3.407,-2.215,-1.578,-1.293,-1.281,-1.524,-2.040,-2.853,-3.895,-4.900,-5.500,-5.550,-5.230,-4.794,-4.384,-4.038,-3.765,-3.562,-3.412,-3.303,-3.237,-3.203,-3.191,-3.205,-3.244,-3.296,-3.366,-3.458,-3.559,-3.669,-3.798,-3.931,-4.060,-4.193,-4.315,-4.405,-4.469,-4.493,-4.450,-4.346,-4.190,-3.964,-3.686,-3.391,-3.073,-2.743,-2.438,-2.154,-1.879,-1.642,-1.447,-1.262,-1.104,-0.995,-0.899,-0.810,-0.775,-0.770,-0.759,-0.816,-0.971,-1.171,-1.604,-2.653,-4.090,-4.475,-3.642,-3.034,-2.982,-3.079,-3.140,-3.244,-3.282,-3.169,-3.038,-2.915,-2.741,-2.587,-2.498,-2.409,-2.325,-2.304,-2.305,-2.295,-2.329,-2.402,-2.464,-2.546,-2.681,-2.820,-2.959,-3.154,-3.378,-3.595,-3.853,-4.170,-4.485,-4.814,-5.209,-5.618,-5.998,-6.400,-6.817,-7.150,-7.405,-7.631,-7.756,-7.723,-7.610,-7.453,-7.185,-6.834,-6.502,-6.173,-5.795,-5.440,-5.153,-4.864,-4.569,-4.345,-4.162,-3.959,-3.792,-3.696,-3.591,-3.482,-3.447
318,5.4003,0.4219,3.8330,0.9048,1.2016,5.8000,-1.712,-1.677,-1.644,-1.608,-1.583,-1.553,-1.524,-1.503,-1.473,-1.451,-1.429,-1.400,-1.386,-1.363,-1.342,-1.338,-1.321,-1.326,-1.344,-1.363,-1.446,-1.561,-1.785,-2.279,-3.229,-5.740,-12.479,-11.040,-5.318,-3.262,-2.346,-1.835,-1.635,-1.494,-1.500,-1.682,-2.057,-2.999,-3.813,-3.087,-1.946,-1.327,-1.010,-0.821,-0.724,-0.644,-0.570,-0.527,-0.495,-0.472,-0.475,-0.483,-0.529,-0.635,-0.833,-1.254,-1.607,-1.350,-0.863,-0.588,-0.440,-0.348,-0.303,-0.264,-0.243,-0.229,-0.214,-0.211,-0.205,-0.204,-0.208,-0.209,-0.217,-0.225,-0.236,-0.251,-0.267,-0.289,-0.313,-0.342,-0.379,-0.420,-0.472,-0.536,-0.612,-0.710,-0.831,-0.984,-1.173,-1.389,-1.602,-1.732,-1.710,-1.552,-1.345,-1.174,-1.061,-1.003,-0.995,-1.020,-1.079,-1.165,-1.279,-1.425,-1.602,-1.822,-2.094,-2.426,-2.846,-3.374,-4.053,-4.947,-6.134,-7.758,-10.023,-13.065,-15.683,-14.041,-10.599,-7.877,-5.938,-4.547,-3.547,-2.831,-2.308,-1.940,-1.691,-1.529,-1.466,-1.487,-1.604,-1.840,-2.101,-2.336,-2.711,-3.756,-6.145,-7.959,-5.598,-3.349,-2.219,-1.612,-1.282,-1.103,-0.984,-0.932,-0.904,-0.895,-0.914,-0.934,-0.973,-1.023,-1.073,-1.144,-1.214,-1.295,-1.390,-1.486,-1.600,-1.721,-1.851,-2.002,-2.158,-2.335,-2.531,-2.740,-2.980,-3.241,-3.530,-3.863,-4.227,-4.649,-5.135,-5.688,-6.348,-7.111,-7.986,-8.981,-9.999,-10.949,-11.674,-12.021,-12.051,-11.822,-11.442,-11.009,-10.511,-10.010,-9.519,-9.019,-8.562,-8.129,-7.721,-7.373,-7.053,-6.785,-6.579,-6.408,-6.312,-6.278,-6.301
322,4.5274,0.6524,2.8967,1.3427,0.9194,5.4000,-0.341,-0.400,-0.417,-0.526,-0.877,-1.316,-1.404,-1.038,-0.621,-0.434,-0.412,-0.386,-0.334,-0.321,-0.340,-0.337,-0.318,-0.323,-0.340,-0.338,-0.330,-0.339,-0.353,-0.352,-0.349,-0.360,-0.372,-0.372,-0.373,-0.384,-0.395,-0.395,-0.399,-0.411,-0.421,-0.423,-0.429,-0.442,-0.452,-0.457,-0.468,-0.484,-0.501,-0.520,-0.546,-0.563,-0.556,-0.537,-0.529,-0.534,-0.539,-0.543,-0.552,-0.565,-0.574,-0.580,-0.592,-0.607,-0.616,-0.625,-0.640,-0.658,-0.672,-0.688,-0.714,-0.752,-0.789,-0.808,-0.802,-0.780,-0.763,-0.764,-0.773,-0.779,-0.783,-0.798,-0.822,-0.843,-0.860,-0.877,-0.894,-0.906,-0.918,-0.934,-0.953,-0.966,-0.979,-0.998,-1.017,-1.032,-1.046,-1.067,-1.087,-1.103,-1.119,-1.142,-1.164,-1.180,-1.198,-1.223,-1.246,-1.264,-1.284,-1.312,-1.337,-1.356,-1.380,-1.411,-1.440,-1.462,-1.489,-1.527,-1.560,-1.586,-1.621,-1.668,-1.710,-1.745,-1.794,-1.858,-1.919,-1.977,-2.057,-2.165,-2.278,-2.401,-2.575,-2.815,-3.084,-3.366,-3.686,-4.033,-4.353,-4.728,-5.409,-6.484,-7.296,-6.744,-5.388,-4.392,-4.061,-4.224,-4.600,-5.031,-5.549,-6.213,-6.972,-7.701,-8.327,-8.830,-9.155,-9.201,-8.928,-8.437,-7.879,-7.327,-6.768,-6.204,-5.689,-5.258,-4.876,-4.508,-4.170,-3.893,-3.663,-3.442,-3.234,-3.068,-2.947,-2.837,-2.731,-2.658,-2.629,-2.618,-2.608,-2.624,-2.686,-2.772,-2.858,-2.960,-3.106,-3.279,-3.443,-3.604,-3.797,-4.016,-4.213,-4.389,-4.589,-4.818,-5.024,-5.192,-5.376,-5.596,-5.794,-5.937,-6.084,-6.275,-6.453,-6.564,-6.668
326,4.6005,0.4887,2.6048,1.0453,0.8303,6.6000,-0.522,-0.421,-0.355,-0.345,-0.322,-0.305,-0.312,-0.303,-0.299,-0.308,-0.305,-0.305,-0.316,-0.316,-0.318,-0.329,-0.331,-0.335,-0.347,-0.351,-0.357,-0.370,-0.377,-0.386,-0.402,-0.414,-0.428,-0.452,-0.477,-0.508,-0.562,-0.634,-0.741,-0.922,-1.097,-1.093,-0.900,-0.705,-0.605,-0.553,-0.518,-0.510,-0.507,-0.502,-0.510,-0.519,-0.527,-0.548,-0.563,-0.567,-0.586,-0.602,-0.598,-0.601,-0.615,-0.623,-0.639,-0.660,-0.671,-0.694,-0.721,-0.736,-0.768,-0.808,-0.835,-0.896,-0.982,-1.080,-1.321,-1.655,-1.675,-1.340,-1.088,-1.040,-1.031,-1.032,-1.076,-1.116,-1.156,-1.223,-1.292,-1.367,-1.474,-1.595,-1.738,-1.927,-2.142,-2.374,-2.617,-2.816,-2.946,-3.022,-3.044,-3.040,-3.046,-3.054,-3.074,-3.121,-3.178,-3.248,-3.344,-3.448,-3.565,-3.707,-3.857,-4.020,-4.210,-4.408,-4.618,-4.856,-5.098,-5.346,-5.612,-5.864,-6.097,-6.317,-6.479,-6.574,-6.612,-6.547,-6.396,-6.190,-5.905,-5.582,-5.258,-4.910,-4.574,-4.279,-3.987,-3.726,-3.523,-3.332,-3.178,-3.103,-3.055,-3.074,-3.263,-3.615,-4.345,-6.152,-9.986,-15.452,-14.293,-12.041,-11.154,-10.462,-9.893,-9.400,-8.816,-8.306,-7.892,-7.476,-7.134,-6.876,-6.620,-6.409,-6.260,-6.109,-5.979,-5.897,-5.812,-5.733,-5.693,-5.653,-5.607,-5.594,-5.585,-5.562,-5.564,-5.575,-5.568,-5.577,-5.599,-5.600,-5.608,-5.634,-5.637,-5.638,-5.660,-5.661,-5.653,-5.667,-5.663,-5.643,-5.646,-5.638,-5.607,-5.599,-5.585,-5.546,-5.528,-5.511,-5.465,-5.440,-5.421,-5.371,-5.340,-5.321,-5.269,-5.232,-5.214
330,5.2769,0.5683,2.9366,1.0669,0.7130,7.6000,-1.760,-1.788,-1.759,-1.751,-1.766,-1.728,-1.725,-1.723,-1.681,-1.680,-1.662,-1.620,-1.619,-1.586,-1.551,-1.547,-1.508,-1.485,-1.480,-1.445,-1.440,-1.442,-1.427,-1.455,-1.486,-1.529,-1.636,-1.775,-1.999,-2.393,-3.024,-4.167,-6.406,-11.071,-16.561,-9.429,-5.502,-3.614,-2.548,-1.955,-1.595,-1.323,-1.185,-1.081,-0.999,-1.022,-1.037,-1.150,-1.465,-1.991,-3.442,-5.793,-4.961,-2.584,-1.483,-1.033,-0.749,-0.634,-0.552,-0.488,-0.477,-0.448,-0.445,-0.458,-0.458,-0.490,-0.520,-0.559,-0.633,-0.704,-0.824,-0.994,-1.220,-1.624,-2.253,-3.376,-4.938,-4.699,-2.803,-1.577,-1.096,-0.900,-0.864,-0.925,-1.019,-1.171,-1.360,-1.577,-1.847,-2.145,-2.480,-2.856,-3.245,-3.653,-4.064,-4.462,-4.872,-5.316,-5.879,-6.731,-8.116,-10.336,-12.741,-12.054,-9.361,-7.251,-5.853,-4.919,-4.271,-3.800,-3.452,-3.185,-2.976,-2.818,-2.691,-2.594,-2.538,-2.515,-2.605,-2.920,-3.661,-5.098,-6.269,-5.059,-3.277,-2.337,-1.947,-1.776,-1.748,-1.769,-1.814,-1.895,-1.969,-2.051,-2.137,-2.199,-2.257,-2.290,-2.284,-2.261,-2.193,-2.096,-1.985,-1.846,-1.711,-1.579,-1.448,-1.342,-1.247,-1.169,-1.118,-1.077,-1.057,-1.060,-1.070,-1.105,-1.156,-1.215,-1.302,-1.397,-1.506,-1.637,-1.766,-1.903,-2.038,-2.147,-2.247,-2.324,-2.381,-2.450,-2.523,-2.617,-2.752,-2.906,-3.097,-3.327,-3.568,-3.844,-4.140,-4.426,-4.729,-5.016,-5.259,-5.486,-5.655,-5.752,-5.813,-5.803,-5.731,-5.643,-5.505,-5.342,-5.194,-5.017,-4.850,-4.710,-4.552,-4.424,-4.321,-4.204,-4.132
334,4.7505,0.4127,3.4149,0.9742,1.1686,7.0000,-2.009,-2.038,-2.057,-2.082,-2.119,-2.150,-2.176,-2.217,-2.270,-2.319,-2.380,-2.479,-2.608,-2.771,-3.019,-3.411,-3.994,-4.877,-6.258,-8.149,-9.523,-8.698,-6.802,-5.260,-4.221,-3.510,-3.021,-2.715,-2.534,-2.424,-2.404,-2.530,-2.822,-3.349,-4.386,-6.276,-8.531,-8.220,-5.737,-3.818,-2.721,-2.067,-1.622,-1.333,-1.147,-0.991,-0.878,-0.844,-0.832,-0.764,-0.657,-0.577,-0.528,-0.485,-0.448,-0.422,-0.400,-0.379,-0.366,-0.362,-0.368,-0.372,-0.354,-0.318,-0.293,-0.289,-0.288,-0.285,-0.290,-0.302,-0.311,-0.324,-0.346,-0.371,-0.398,-0.435,-0.482,-0.535,-0.601,-0.687,-0.789,-0.912,-1.068,-1.258,-1.481,-1.743,-2.042,-2.354,-2.657,-2.926,-3.133,-3.261,-3.324,-3.341,-3.327,-3.303,-3.293,-3.300,-3.327,-3.389,-3.490,-3.625,-3.808,-4.052,-4.359,-4.744,-5.237,-5.865,-6.658,-7.678,-9.003,-10.670,-12.564,-13.933,-13.290,-11.063,-8.739,-6.799,-5.273,-4.112,-3.231,-2.556,-2.043,-1.662,-1.371,-1.145,-0.980,-0.864,-0.772,-0.707,-0.679,-0.668,-0.665,-0.699,-0.773,-0.871,-1.015,-1.236,-1.513,-1.929,-2.795,-4.347,-6.016,-6.286,-5.438,-4.798,-4.543,-4.398,-4.275,-4.180,-4.017,-3.761,-3.491,-3.225,-2.944,-2.693,-2.498,-2.329,-2.181,-2.079,-2.008,-1.939,-1.886,-1.855,-1.822,-1.789,-1.786,-1.813,-1.856,-1.932,-2.047,-2.178,-2.322,-2.499,-2.703,-2.915,-3.150,-3.424,-3.717,-4.019,-4.355,-4.722,-5.085,-5.446,-5.820,-6.171,-6.458,-6.686,-6.854,-6.914,-6.847,-6.690,-6.453,-6.116,-5.706,-5.279,-4.841,-4.383,-3.947,-3.562,-3.210
338,5.5530,0.7341,3.6317,0.4516,0.6980,8.2000,-1.798,-1.732,-1.738,-1.746,-1.681,-1.603,-1.595,-1.613,-1.566,-1.485,-1.471,-1.506,-1.487,-1.420,-1.422,-1.504,-1.554,-1.558,-1.669,-1.966,-2.363,-2.922,-4.167,-7.153,-15.102,-17.676,-7.936,-4.598,-3.239,-2.627,-2.268,-2.293,-2.941,-3.911,-4.098,-3.107,-2.000,-1.380,-1.129,-0.962,-0.789,-0.681,-0.643,-0.600,-0.533,-0.489,-0.480,-0.464,-0.429,-0.407,-0.408,-0.405,-0.388,-0.378,-0.387,-0.394,-0.391,-0.393,-0.411,-0.430,-0.442,-0.459,-0.490,-0.525,-0.557,-0.596,-0.651,-0.715,-0.782,-0.860,-0.962,-1.084,-1.223,-1.391,-1.604,-1.870,-2.200,-2.617,-3.167,-3.903,-4.902,-6.300,-8.340,-11.455,-15.945,-16.445,-11.624,-8.055,-5.716,-4.155,-3.095,-2.367,-1.872,-1.551,-1.368,-1.295,-1.324,-1.462,-1.728,-2.145,-2.751,-3.607,-4.798,-6.435,-8.679,-11.850,-16.769,-26.559,-23.338,-16.359,-12.664,-10.140,-8.163,-6.491,-5.052,-3.872,-3.003,-2.459,-2.195,-2.112,-2.083,-2.002,-1.818,-1.550,-1.256,-0.995,-0.793,-0.647,-0.549,-0.495,-0.477,-0.488,-0.520,-0.575,-0.657,-0.761,-0.885,-1.033,-1.207,-1.392,-1.565,-1.703,-1.784,-1.803,-1.781,-1.764,-1.796,-1.900,-2.091,-2.399,-2.867,-3.550,-4.532,-5.967,-8.080,-11.001,-13.584,-12.684,-10.137,-8.207,-7.043,-6.466,-6.340,-6.594,-7.213,-8.216,-9.589,-11.071,-11.837,-11.149,-9.629,-8.146,-7.009,-6.239,-5.777,-5.553,-5.513,-5.625,-5.875,-6.250,-6.718,-7.217,-7.644,-7.880,-7.856,-7.613,-7.263,-6.896,-6.529,-6.149,-5.766,-5.409,-5.087,-4.780,-4.479,-4.204,-3.969,-3.758,-3.549,-3.356,-3.199
342,5.3546,0.4142,3.2632,1.0359,1.2330,4.6000,-2.031,-1.939,-1.847,-1.798,-1.732,-1.674,-1.644,-1.588,-1.550,-1.525,-1.475,-1.450,-1.421,-1.376,-1.357,-1.322,-1.283,-1.266,-1.225,-1.194,-1.174,-1.129,-1.107,-1.081,-1.039,-1.024,-0.992,-0.958,-0.950,-0.914,-0.898,-0.897,-0.870,-0.889,-0.914,-0.945,-1.089,-1.297,-1.796,-2.777,-3.115,-2.161,-1.311,-0.963,-0.763,-0.634,-0.566,-0.499,-0.462,-0.440,-0.412,-0.405,-0.406,-0.411,-0.451,-0.523,-0.660,-0.932,-1.187,-1.109,-0.796,-0.562,-0.438,-0.353,-0.309,-0.280,-0.256,-0.246,-0.237,-0.230,-0.232,-0.231,-0.235,-0.242,-0.248,-0.261,-0.273,-0.287,-0.308,-0.327,-0.351,-0.381,-0.411,-0.448,-0.489,-0.534,-0.589,-0.649,-0.718,-0.798,-0.888,-0.994,-1.117,-1.257,-1.424,-1.619,-1.848,-2.121,-2.444,-2.831,-3.293,-3.840,-4.488,-5.239,-6.079,-6.968,-7.799,-8.414,-8.653,-8.462,-7.953,-7.289,-6.607,-5.983,-5.441,-4.994,-4.633,-4.352,-4.144,-4.000,-3.912,-3.878,-3.887,-3.934,-4.001,-4.064,-4.087,-4.021,-3.825,-3.492,-3.067,-2.647,-2.347,-2.242,-2.278,-2.295,-2.211,-2.068,-1.915,-1.780,-1.673,-1.589,-1.529,-1.487,-1.460,-1.448,-1.446,-1.453,-1.470,-1.493,-1.523,-1.559,-1.598,-1.643,-1.690,-1.737,-1.787,-1.832,-1.875,-1.913,-1.940,-1.962,-1.982,-2.022,-2.123,-2.305,-2.555,-2.835,-3.110,-3.379,-3.643,-3.906,-4.179,-4.464,-4.763,-5.087,-5.429,-5.798,-6.195,-6.613,-7.059,-7.527,-8.001,-8.482,-8.943,-9.356,-9.708,-9.959,-10.084,-10.093,-9.980,-9.767,-9.502,-9.198,-8.889,-8.610,-8.357,-8.153,-8.013,-7.924,-7.907
346,5.1691,0.5026,3.3224,1.8224,0.8497,6.4000,-1.971,-1.990,-1.986,-2.017,-2.031,-2.032,-2.067,-2.076,-2.086,-2.125,-2.137,-2.164,-2.216,-2.246,-2.309,-2.400,-2.486,-2.635,-2.837,-3.078,-3.455,-3.973,-4.658,-5.648,-6.939,-8.287,-9.113,-8.725,-7.412,-5.988,-4.886,-4.058,-3.401,-2.998,-2.754,-2.621,-2.920,-3.427,-3.108,-2.206,-1.627,-1.391,-1.241,-1.140,-1.187,-1.410,-1.558,-1.382,-1.163,-1.353,-1.850,-1.882,-1.304,-0.863,-0.722,-0.618,-0.544,-0.527,-0.488,-0.468,-0.470,-0.455,-0.463,-0.479,-0.489,-0.527,-0.572,-0.629,-0.725,-0.843,-1.011,-1.250,-1.558,-1.965,-2.440,-2.888,-3.199,-3.264,-3.122,-2.891,-2.640,-2.426,-2.263,-2.137,-2.060,-2.015,-1.994,-2.007,-2.038,-2.090,-2.169,-2.262,-2.379,-2.522,-2.681,-2.874,-3.093,-3.339,-3.628,-3.947,-4.306,-4.707,-5.131,-5.579,-6.016,-6.392,-6.665,-6.751,-6.621,-6.283,-5.768,-5.167,-4.535,-3.919,-3.360,-2.857,-2.421,-2.053,-1.735,-1.472,-1.255,-1.070,-0.924,-0.803,-0.703,-0.632,-0.573,-0.532,-0.512,-0.499,-0.507,-0.531,-0.558,-0.610,-0.673,-0.772,-0.969,-1.283,-1.884,-2.866,-3.588,-3.507,-3.259,-3.226,-3.273,-3.341,-3.387,-3.359,-3.289,-3.180,-3.046,-2.918,-2.795,-2.687,-2.603,-2.534,-2.488,-2.463,-2.452,-2.463,-2.490,-2.533,-2.595,-2.671,-2.765,-2.877,-3.006,-3.155,-3.325,-3.514,-3.728,-3.965,-4.227,-4.515,-4.830,-5.171,-5.535,-5.919,-6.315,-6.712,-7.095,-7.440,-7.724,-7.923,-8.012,-7.982,-7.838,-7.587,-7.256,-6.876,-6.460,-6.034,-5.615,-5.204,-4.815,-4.452,-4.109,-3.796,-3.513,-3.253,-3.031
350,5.4701,0.4198,4.0011,1.0535,0.6944,6.0000,-1.633,-1.587,-1.545,-1.551,-1.495,-1.478,-1.473,-1.416,-1.418,-1.395,-1.350,-1.363,-1.326,-1.305,-1.324,-1.288,-1.310,-1.344,-1.355,-1.474,-1.614,-1.869,-2.458,-3.539,-6.270,-14.581,-13.520,-6.279,-3.783,-2.683,-2.116,-1.827,-1.717,-1.787,-2.072,-2.855,-3.788,-3.361,-2.157,-1.448,-1.095,-0.866,-0.749,-0.656,-0.592,-0.553,-0.510,-0.490,-0.475,-0.472,-0.493,-0.530,-0.631,-0.812,-1.184,-1.754,-1.875,-1.338,-0.848,-0.603,-0.452,-0.371,-0.324,-0.284,-0.269,-0.253,-0.242,-0.243,-0.239,-0.244,-0.253,-0.260,-0.277,-0.294,-0.315,-0.346,-0.378,-0.421,-0.475,-0.539,-0.627,-0.738,-0.883,-1.082,-1.334,-1.630,-1.878,-1.908,-1.691,-1.383,-1.135,-0.983,-0.902,-0.878,-0.894,-0.935,-1.004,-1.095,-1.205,-1.343,-1.504,-1.697,-1.930,-2.204,-2.539,-2.947,-3.445,-4.072,-4.862,-5.873,-7.207,-8.989,-11.424,-14.679,-17.316,-15.327,-11.779,-9.010,-6.977,-5.481,-4.369,-3.524,-2.886,-2.405,-2.035,-1.764,-1.569,-1.432,-1.367,-1.359,-1.420,-1.588,-1.857,-2.257,-2.904,-4.242,-7.432,-12.807,-8.917,-4.808,-2.947,-2.044,-1.548,-1.293,-1.140,-1.054,-1.027,-1.015,-1.034,-1.075,-1.120,-1.190,-1.268,-1.355,-1.464,-1.579,-1.708,-1.860,-2.018,-2.201,-2.405,-2.623,-2.878,-3.158,-3.468,-3.833,-4.240,-4.717,-5.289,-5.954,-6.714,-7.472,-8.113,-8.696,-9.289,-9.880,-10.461,-10.962,-11.332,-11.594,-11.713,-11.712,-11.656,-11.523,-11.366,-11.225,-11.067,-10.950,-10.874,-10.813,-10.824,-10.876,-10.964,-11.139,-11.341,-11.603,-11.943,-12.289,-12.705,-13.130,-13.506
354,4.9127,0.6634,2.7126,0.9805,0.6982,4.8000,-3.561,-3.353,-3.128,-2.916,-2.729,-2.552,-2.405,-2.268,-2.146,-2.043,-1.941,-1.857,-1.774,-1.698,-1.631,-1.561,-1.504,-1.441,-1.387,-1.334,-1.279,-1.235,-1.182,-1.140,-1.095,-1.051,-1.013,-0.969,-0.937,-0.897,-0.865,-0.835,-0.801,-0.780,-0.751,-0.738,-0.723,-0.718,-0.737,-0.764,-0.863,-1.035,-1.427,-1.866,-1.660,-1.135,-0.805,-0.595,-0.483,-0.420,-0.369,-0.341,-0.310,-0.291,-0.273,-0.256,-0.246,-0.232,-0.226,-0.217,-0.213,-0.210,-0.207,-0.205,-0.200,-0.206,-0.219,-0.242,-0.275,-0.313,-0.341,-0.313,-0.238,-0.167,-0.125,-0.105,-0.095,-0.093,-0.093,-0.097,-0.102,-0.107,-0.115,-0.123,-0.132,-0.141,-0.152,-0.164,-0.176,-0.190,-0.204,-0.219,-0.236,-0.253,-0.272,-0.292,-0.313,-0.336,-0.360,-0.386,-0.414,-0.443,-0.475,-0.509,-0.545,-0.584,-0.626,-0.671,-0.721,-0.774,-0.832,-0.896,-0.966,-1.043,-1.129,-1.224,-1.331,-1.451,-1.586,-1.738,-1.910,-2.102,-2.314,-2.540,-2.770,-2.988,-3.181,-3.346,-3.505,-3.698,-3.964,-4.297,-4.554,-4.378,-3.534,-2.494,-1.822,-1.610,-1.727,-2.082,-2.641,-3.436,-4.555,-6.169,-8.613,-12.530,-17.790,-14.580,-9.640,-6.588,-4.662,-3.405,-2.567,-2.001,-1.614,-1.351,-1.172,-1.054,-0.981,-0.940,-0.925,-0.930,-0.952,-0.988,-1.036,-1.097,-1.166,-1.247,-1.337,-1.437,-1.548,-1.668,-1.801,-1.944,-2.102,-2.275,-2.464,-2.672,-2.900,-3.153,-3.431,-3.739,-4.082,-4.460,-4.883,-5.352,-5.876,-6.459,-7.104,-7.823,-8.607,-9.460,-10.361,-11.269,-12.123,-12.799,-13.187,-13.207,-12.867,-12.294,-11.592
358,5.4325,0.7675,3.4797,0.6283,0.6755,4.4000,-1.672,-1.594,-1.522,-1.468,-1.409,-1.366,-1.321,-1.279,-1.245,-1.204,-1.175,-1.138,-1.108,-1.079,-1.045,-1.021,-0.988,-0.963,-0.935,-0.907,-0.884,-0.853,-0.833,-0.805,-0.782,-0.761,-0.735,-0.719,-0.693,-0.678,-0.659,-0.642,-0.634,-0.618,-0.622,-0.621,-0.648,-0.692,-0.741,-0.857,-1.074,-1.534,-1.781,-1.320,-0.848,-0.633,-0.489,-0.419,-0.372,-0.341,-0.324,-0.306,-0.300,-0.292,-0.293,-0.297,-0.307,-0.331,-0.368,-0.437,-0.543,-0.662,-0.657,-0.512,-0.381,-0.305,-0.264,-0.245,-0.234,-0.231,-0.231,-0.236,-0.243,-0.251,-0.262,-0.274,-0.289,-0.305,-0.324,-0.344,-0.366,-0.391,-0.417,-0.447,-0.480,-0.515,-0.554,-0.596,-0.643,-0.693,-0.749,-0.811,-0.878,-0.952,-1.034,-1.124,-1.224,-1.333,-1.454,-1.585,-1.729,-1.884,-2.047,-2.217,-2.386,-2.550,-2.697,-2.821,-2.917,-2.983,-3.026,-3.056,-3.088,-3.135,-3.209,-3.323,-3.486,-3.711,-4.005,-4.385,-4.866,-5.463,-6.192,-7.035,-7.919,-8.611,-8.732,-8.048,-6.796,-5.423,-4.205,-3.262,-2.611,-2.264,-2.254,-2.679,-3.805,-5.978,-9.900,-15.186,-10.587,-6.322,-4.112,-2.871,-2.139,-1.679,-1.379,-1.185,-1.052,-0.971,-0.919,-0.894,-0.889,-0.896,-0.921,-0.953,-0.997,-1.050,-1.111,-1.183,-1.260,-1.350,-1.446,-1.553,-1.672,-1.800,-1.946,-2.101,-2.277,-2.469,-2.681,-2.921,-3.183,-3.482,-3.814,-4.189,-4.616,-5.095,-5.648,-6.274,-6.993,-7.818,-8.749,-9.808,-10.955,-12.144,-13.236,-13.972,-14.173,-13.802,-13.062,-12.227,-11.410,-10.709,-10.146,-9.705,-9.416,-9.244,-9.205,-9.303,-9.518
362,5.4943,0.5373,3.7838,1.4658,1.1920,5.8000,-1.837,-1.738,-1.729,-1.676,-1.607,-1.611,-1.543,-1.506,-1.503,-1.428,-1.419,-1.395,-1.329,-1.337,-1.289,-1.248,-1.258,-1.195,-1.188,-1.188,-1.133,-1.168,-1.161,-1.158,-1.263,-1.315,-1.526,-1.973,-2.771,-5.095,-9.034,-7.003,-3.906,-2.689,-2.292,-2.281,-2.790,-4.052,-5.043,-3.875,-2.355,-1.605,-1.203,-0.998,-0.927,-0.790,-0.658,-0.592,-0.533,-0.500,-0.487,-0.477,-0.499,-0.562,-0.681,-0.963,-1.374,-1.437,-1.029,-0.666,-0.494,-0.378,-0.315,-0.281,-0.243,-0.230,-0.215,-0.201,-0.200,-0.191,-0.191,-0.194,-0.192,-0.202,-0.208,-0.215,-0.232,-0.243,-0.263,-0.287,-0.309,-0.344,-0.380,-0.422,-0.478,-0.539,-0.618,-0.714,-0.827,-0.973,-1.146,-1.352,-1.586,-1.809,-1.976,-2.020,-1.924,-1.745,-1.543,-1.376,-1.261,-1.193,-1.176,-1.198,-1.254,-1.352,-1.483,-1.658,-1.886,-2.171,-2.543,-3.022,-3.648,-4.496,-5.656,-7.312,-9.811,-13.881,-20.628,-17.331,-11.441,-7.980,-5.782,-4.315,-3.302,-2.608,-2.132,-1.812,-1.631,-1.560,-1.609,-1.810,-2.141,-2.526,-2.924,-3.819,-6.193,-8.951,-6.658,-3.902,-2.499,-1.765,-1.352,-1.129,-0.982,-0.903,-0.863,-0.839,-0.847,-0.863,-0.890,-0.935,-0.982,-1.043,-1.114,-1.189,-1.280,-1.377,-1.483,-1.606,-1.735,-1.881,-2.042,-2.214,-2.411,-2.624,-2.857,-3.122,-3.407,-3.728,-4.087,-4.481,-4.931,-5.434,-5.995,-6.640,-7.353,-8.139,-8.993,-9.847,-10.656,-11.342,-11.808,-12.061,-12.091,-11.924,-11.628,-11.179,-10.607,-9.975,-9.309,-8.680,-8.111,-7.588,-7.146,-6.767,-6.448,-6.212,-6.038,-5.937,-5.929
366,5.5629,0.5730,3.3640,1.2981,0.7798,8.6000,-1.655,-1.626,-1.650,-1.641,-1.601,-1.614,-1.612,-1.565,-1.563,-1.567,-1.516,-1.499,-1.506,-1.458,-1.427,-1.437,-1.395,-1.353,-1.367,-1.339,-1.293,-1.313,-1.309,-1.270,-1.308,-1.348,-1.344,-1.436,-1.589,-1.717,-2.026,-2.615,-3.474,-5.238,-9.312,-16.139,-12.684,-9.174,-6.531,-4.015,-2.483,-1.842,-1.479,-1.161,-1.000,-0.902,-0.773,-0.700,-0.664,-0.596,-0.553,-0.539,-0.501,-0.472,-0.469,-0.449,-0.430,-0.434,-0.427,-0.416,-0.427,-0.431,-0.430,-0.447,-0.463,-0.473,-0.499,-0.529,-0.553,-0.593,-0.640,-0.685,-0.746,-0.821,-0.899,-0.997,-1.118,-1.252,-1.417,-1.624,-1.868,-2.170,-2.558,-3.042,-3.663,-4.489,-5.589,-7.084,-9.196,-12.207,-15.857,-15.924,-12.142,-8.960,-6.707,-5.103,-3.951,-3.107,-2.475,-2.003,-1.650,-1.379,-1.177,-1.033,-0.931,-0.869,-0.852,-0.875,-0.945,-1.085,-1.313,-1.667,-2.224,-3.098,-4.481,-6.746,-10.679,-18.950,-21.225,-12.416,-8.645,-6.492,-5.079,-4.061,-3.273,-2.623,-2.089,-1.680,-1.396,-1.223,-1.143,-1.128,-1.150,-1.203,-1.273,-1.344,-1.412,-1.465,-1.479,-1.450,-1.376,-1.257,-1.119,-0.991,-0.881,-0.804,-0.766,-0.757,-0.774,-0.821,-0.886,-0.966,-1.069,-1.185,-1.311,-1.454,-1.606,-1.757,-1.915,-2.074,-2.227,-2.397,-2.601,-2.846,-3.155,-3.545,-4.005,-4.545,-5.182,-5.904,-6.706,-7.605,-8.569,-9.532,-10.430,-11.156,-11.550,-11.558,-11.279,-10.832,-10.311,-9.834,-9.486,-9.261,-9.176,-9.292,-9.615,-10.122,-10.857,-11.847,-12.983,-14.094,-14.971,-15.324,-15.027,-14.357,-13.678,-13.034,-12.284,-11.400,-10.370
370,4.8009,0.6285,3.2106,0.6384,0.6927,7.4000,-2.057,-2.065,-2.053,-2.021,-2.011,-1.996,-1.954,-1.924,-1.903,-1.857,-1.810,-1.782,-1.737,-1.683,-1.647,-1.608,-1.555,-1.517,-1.488,-1.445,-1.412,-1.398,-1.377,-1.361,-1.373,-1.392,-1.419,-1.484,-1.584,-1.715,-1.918,-2.228,-2.666,-3.323,-4.348,-5.932,-8.322,-11.317,-11.853,-9.058,-6.460,-4.632,-3.375,-2.536,-1.987,-1.617,-1.350,-1.141,-0.977,-0.856,-0.755,-0.666,-0.600,-0.548,-0.493,-0.453,-0.427,-0.394,-0.368,-0.359,-0.342,-0.325,-0.330,-0.329,-0.322,-0.344,-0.369,-0.381,-0.443,-0.540,-0.645,-0.926,-1.391,-1.513,-1.051,-0.581,-0.428,-0.412,-0.389,-0.416,-0.476,-0.516,-0.574,-0.654,-0.711,-0.762,-0.815,-0.837,-0.844,-0.868,-0.894,-0.942,-1.045,-1.195,-1.400,-1.704,-2.110,-2.632,-3.326,-4.205,-5.246,-6.454,-7.680,-8.548,-8.569,-7.563,-6.564,-6.870,-9.509,-16.305,-18.877,-12.354,-9.579,-8.134,-7.285,-6.824,-6.565,-6.432,-6.438,-6.533,-6.683,-6.909,-7.168,-7.401,-7.583,-7.623,-7.432,-7.011,-6.379,-5.606,-4.807,-4.044,-3.350,-2.759,-2.270,-1.865,-1.544,-1.297,-1.102,-0.955,-0.855,-0.785,-0.742,-0.733,-0.745,-0.778,-0.840,-0.925,-1.031,-1.167,-1.331,-1.515,-1.721,-1.943,-2.154,-2.342,-2.487,-2.560,-2.561,-2.503,-2.393,-2.253,-2.113,-1.973,-1.842,-1.737,-1.649,-1.574,-1.525,-1.495,-1.473,-1.471,-1.489,-1.512,-1.551,-1.612,-1.679,-1.758,-1.862,-1.978,-2.103,-2.257,-2.429,-2.609,-2.818,-3.053,-3.293,-3.551,-3.835,-4.112,-4.374,-4.634,-4.857,-5.008,-5.101,-5.131,-5.061,-4.912,-4.725,-4.489,-4.205
374,5.2405,0.4778,4.0298,1.9132,1.1138,5.8000,-1.773,-1.740,-1.688,-1.654,-1.620,-1.578,-1.556,-1.514,-1.491,-1.459,-1.426,-1.406,-1.367,-1.349,-1.319,-1.293,-1.277,-1.248,-1.242,-1.223,-1.221,-1.230,-1.240,-1.287,-1.344,-1.457,-1.637,-1.925,-2.441,-3.335,-5.073,-8.749,-17.926,-13.950,-7.783,-5.222,-4.017,-3.653,-3.888,-5.083,-6.918,-6.178,-4.027,-2.832,-2.686,-2.721,-2.019,-1.371,-1.093,-0.880,-0.767,-0.674,-0.603,-0.565,-0.526,-0.536,-0.573,-0.696,-0.763,-0.625,-0.470,-0.376,-0.319,-0.282,-0.253,-0.235,-0.216,-0.205,-0.194,-0.186,-0.182,-0.177,-0.177,-0.176,-0.179,-0.183,-0.190,-0.201,-0.212,-0.229,-0.249,-0.274,-0.307,-0.346,-0.397,-0.460,-0.542,-0.645,-0.775,-0.933,-1.100,-1.236,-1.273,-1.187,-1.024,-0.855,-0.721,-0.628,-0.573,-0.545,-0.540,-0.551,-0.576,-0.615,-0.664,-0.727,-0.801,-0.890,-0.997,-1.123,-1.275,-1.458,-1.681,-1.956,-2.301,-2.744,-3.321,-4.097,-5.173,-6.729,-9.129,-13.291,-23.780,-19.875,-11.591,-7.733,-5.458,-4.031,-3.135,-2.599,-2.338,-2.304,-2.450,-2.624,-2.711,-3.042,-4.163,-6.851,-12.524,-12.118,-6.675,-4.004,-2.643,-1.894,-1.455,-1.182,-1.013,-0.903,-0.840,-0.803,-0.789,-0.793,-0.808,-0.839,-0.876,-0.925,-0.983,-1.049,-1.126,-1.209,-1.306,-1.410,-1.526,-1.656,-1.795,-1.954,-2.123,-2.314,-2.522,-2.751,-3.006,-3.282,-3.592,-3.929,-4.300,-4.710,-5.149,-5.633,-6.140,-6.672,-7.214,-7.726,-8.201,-8.585,-8.869,-9.050,-9.110,-9.097,-9.012,-8.884,-8.755,-8.606,-8.486,-8.376,-8.284,-8.226,-8.166,-8.141,-8.108,-8.083,-8.063
378,5.5589,0.4493,4.0280,0.4587,0.6158,7.2000,-2.231,-2.286,-2.405,-2.557,-2.748,-3.071,-3.529,-4.212,-5.307,-6.894,-8.659,-9.152,-7.726,-5.967,-4.634,-3.764,-3.182,-2.763,-2.505,-2.328,-2.209,-2.200,-2.254,-2.446,-2.910,-3.800,-5.709,-8.495,-7.621,-4.705,-3.033,-2.173,-1.674,-1.386,-1.180,-1.040,-0.940,-0.850,-0.795,-0.740,-0.695,-0.678,-0.646,-0.650,-0.682,-0.738,-0.978,-1.187,-0.972,-0.652,-0.537,-0.495,-0.463,-0.469,-0.473,-0.489,-0.524,-0.567,-0.637,-0.745,-0.906,-1.157,-1.501,-1.737,-1.579,-1.195,-0.920,-0.788,-0.736,-0.751,-0.807,-0.905,-1.063,-1.289,-1.625,-2.112,-2.747,-3.406,-3.780,-3.738,-3.508,-3.305,-3.219,-3.265,-3.426,-3.711,-4.123,-4.668,-5.374,-6.238,-7.216,-8.178,-8.795,-8.701,-7.902,-6.757,-5.593,-4.580,-3.753,-3.091,-2.575,-2.177,-1.864,-1.629,-1.450,-1.315,-1.224,-1.162,-1.130,-1.130,-1.150,-1.199,-1.276,-1.367,-1.477,-1.582,-1.651,-1.670,-1.607,-1.483,-1.336,-1.182,-1.062,-0.978,-0.918,-0.905,-0.916,-0.952,-1.039,-1.144,-1.306,-1.556,-1.884,-2.445,-3.386,-5.132,-9.119,-13.116,-7.666,-4.732,-3.916,-3.945,-4.374,-4.997,-5.271,-5.030,-4.467,-3.855,-3.420,-3.109,-2.877,-2.729,-2.601,-2.522,-2.508,-2.516,-2.580,-2.687,-2.806,-2.974,-3.162,-3.359,-3.598,-3.839,-4.087,-4.365,-4.625,-4.883,-5.148,-5.368,-5.571,-5.754,-5.871,-5.966,-6.026,-6.026,-6.018,-5.985,-5.917,-5.868,-5.808,-5.743,-5.718,-5.692,-5.685,-5.730,-5.780,-5.875,-6.027,-6.194,-6.435,-6.740,-7.081,-7.538,-8.068,-8.680,-9.459,-10.314,-11.300,-12.414,-13.381
382,5.3278,0.5259,2.6847,0.6834,0.7060,4.2000,-1.996,-1.878,-1.782,-1.693,-1.631,-1.563,-1.514,-1.466,-1.418,-1.384,-1.339,-1.309,-1.271,-1.238,-1.210,-1.172,-1.148,-1.113,-1.086,-1.058,-1.025,-1.003,-0.968,-0.946,-0.917,-0.889,-0.869,-0.837,-0.822,-0.794,-0.777,-0.761,-0.742,-0.743,-0.731,-0.755,-0.780,-0.859,-1.032,-1.381,-2.121,-2.350,-1.579,-0.990,-0.739,-0.584,-0.514,-0.454,-0.420,-0.393,-0.371,-0.363,-0.357,-0.379,-0.443,-0.577,-0.642,-0.567,-0.496,-0.458,-0.445,-0.455,-0.475,-0.493,-0.457,-0.389,-0.334,-0.304,-0.292,-0.287,-0.290,-0.294,-0.303,-0.313,-0.324,-0.339,-0.353,-0.371,-0.390,-0.411,-0.435,-0.459,-0.488,-0.517,-0.550,-0.585,-0.623,-0.665,-0.709,-0.759,-0.811,-0.868,-0.931,-0.997,-1.071,-1.151,-1.238,-1.333,-1.437,-1.552,-1.677,-1.816,-1.969,-2.139,-2.327,-2.536,-2.769,-3.027,-3.316,-3.636,-3.988,-4.374,-4.787,-5.223,-5.662,-6.084,-6.455,-6.742,-6.919,-6.974,-6.925,-6.798,-6.632,-6.450,-6.261,-6.051,-5.773,-5.381,-4.833,-4.155,-3.423,-2.740,-2.191,-1.818,-1.653,-1.724,-2.113,-3.016,-4.880,-8.790,-14.637,-9.660,-5.499,-3.450,-2.356,-1.738,-1.369,-1.142,-1.005,-0.921,-0.878,-0.862,-0.867,-0.889,-0.921,-0.968,-1.022,-1.087,-1.159,-1.237,-1.326,-1.419,-1.522,-1.632,-1.752,-1.883,-2.024,-2.181,-2.350,-2.538,-2.744,-2.970,-3.223,-3.498,-3.807,-4.149,-4.530,-4.957,-5.432,-5.970,-6.572,-7.251,-8.021,-8.883,-9.860,-10.940,-12.119,-13.350,-14.490,-15.352,-15.668,-15.363,-14.635,-13.703,-12.773,-11.930,-11.192,-10.596,-10.111,-9.747,-9.498
386,5.4615,0.8341,3.3427,1.8265,0.9404,6.2000,-2.401,-2.281,-2.206,-2.133,-2.031,-1.983,-1.902,-1.829,-1.788,-1.704,-1.661,-1.610,-1.538,-1.511,-1.446,-1.399,-1.371,-1.303,-1.283,-1.239,-1.190,-1.185,-1.130,-1.119,-1.113,-1.078,-1.127,-1.137,-1.224,-1.458,-1.830,-3.048,-4.798,-4.219,-2.750,-2.289,-2.393,-2.925,-4.340,-5.971,-5.168,-3.217,-2.060,-1.524,-1.300,-1.156,-0.900,-0.710,-0.626,-0.536,-0.491,-0.456,-0.416,-0.411,-0.395,-0.406,-0.455,-0.539,-0.753,-0.931,-0.804,-0.547,-0.389,-0.308,-0.252,-0.221,-0.198,-0.179,-0.168,-0.156,-0.148,-0.143,-0.136,-0.134,-0.131,-0.129,-0.131,-0.130,-0.133,-0.136,-0.139,-0.146,-0.151,-0.160,-0.170,-0.179,-0.193,-0.206,-0.223,-0.242,-0.262,-0.288,-0.315,-0.347,-0.385,-0.426,-0.478,-0.537,-0.607,-0.694,-0.798,-0.930,-1.096,-1.308,-1.587,-1.948,-2.409,-2.960,-3.525,-3.954,-4.094,-3.968,-3.729,-3.513,-3.396,-3.393,-3.515,-3.774,-4.183,-4.793,-5.664,-6.917,-8.768,-11.555,-15.582,-16.713,-12.215,-8.488,-6.004,-4.356,-3.262,-2.589,-2.252,-2.235,-2.504,-2.727,-2.733,-2.932,-3.845,-6.178,-10.296,-9.958,-6.267,-4.145,-2.991,-2.327,-1.932,-1.673,-1.515,-1.413,-1.351,-1.326,-1.318,-1.335,-1.367,-1.410,-1.472,-1.539,-1.620,-1.711,-1.805,-1.910,-2.012,-2.115,-2.214,-2.302,-2.389,-2.473,-2.568,-2.693,-2.851,-3.059,-3.317,-3.623,-3.987,-4.397,-4.855,-5.357,-5.880,-6.421,-6.945,-7.416,-7.814,-8.092,-8.233,-8.247,-8.128,-7.920,-7.653,-7.343,-7.033,-6.726,-6.433,-6.174,-5.936,-5.731,-5.562,-5.415,-5.309,-5.229,-5.177
390,5.3657,0.5110,4.0715,1.3134,0.9358,3.6000,-1.350,-1.320,-1.289,-1.262,-1.243,-1.217,-1.203,-1.182,-1.167,-1.153,-1.134,-1.125,-1.106,-1.096,-1.082,-1.068,-1.061,-1.045,-1.043,-1.033,-1.032,-1.038,-1.041,-1.074,-1.104,-1.187,-1.314,-1.554,-2.062,-3.114,-5.655,-7.971,-5.177,-3.017,-2.109,-1.638,-1.464,-1.394,-1.505,-1.839,-2.664,-3.968,-3.617,-2.296,-1.871,-1.631,-1.153,-0.847,-0.694,-0.594,-0.533,-0.483,-0.448,-0.419,-0.396,-0.379,-0.366,-0.359,-0.360,-0.373,-0.403,-0.445,-0.449,-0.396,-0.341,-0.308,-0.288,-0.278,-0.272,-0.270,-0.272,-0.275,-0.281,-0.289,-0.299,-0.311,-0.326,-0.344,-0.364,-0.387,-0.414,-0.445,-0.481,-0.522,-0.570,-0.626,-0.692,-0.769,-0.862,-0.972,-1.103,-1.258,-1.433,-1.619,-1.782,-1.872,-1.845,-1.702,-1.502,-1.308,-1.157,-1.057,-1.002,-0.984,-0.995,-1.030,-1.083,-1.155,-1.244,-1.349,-1.474,-1.619,-1.789,-1.988,-2.221,-2.499,-2.831,-3.233,-3.722,-4.321,-5.050,-5.911,-6.834,-7.580,-7.721,-7.024,-5.841,-4.681,-3.809,-3.272,-2.996,-2.831,-2.605,-2.308,-2.162,-2.454,-3.463,-5.602,-9.332,-11.734,-8.403,-5.449,-3.697,-2.647,-1.993,-1.570,-1.288,-1.097,-0.968,-0.881,-0.824,-0.790,-0.773,-0.770,-0.778,-0.795,-0.821,-0.854,-0.894,-0.940,-0.993,-1.053,-1.120,-1.196,-1.280,-1.374,-1.480,-1.601,-1.739,-1.898,-2.084,-2.303,-2.565,-2.883,-3.277,-3.769,-4.395,-5.200,-6.238,-7.578,-9.273,-11.336,-13.613,-15.553,-16.319,-15.796,-14.696,-13.510,-12.455,-11.655,-11.224,-11.228,-11.680,-12.592,-13.989,-15.964,-18.700,-22.323,-25.082,-22.691,-19.110
394,4.8336,0.4752,3.2567,0.9947,0.8336,6.6000,-2.024,-2.024,-2.054,-2.060,-2.053,-2.076,-2.086,-2.071,-2.084,-2.097,-2.080,-2.082,-2.100,-2.089,-2.089,-2.118,-2.131,-2.146,-2.207,-2.274,-2.347,-2.486,-2.681,-2.913,-3.260,-3.765,-4.415,-5.268,-6.386,-7.587,-8.364,-8.239,-7.380,-6.289,-5.244,-4.453,-4.040,-3.772,-3.263,-2.566,-1.996,-1.656,-1.471,-1.329,-1.194,-1.186,-1.364,-1.493,-1.335,-1.049,-0.905,-0.988,-1.201,-1.258,-1.002,-0.696,-0.570,-0.526,-0.458,-0.421,-0.414,-0.385,-0.366,-0.370,-0.359,-0.352,-0.366,-0.373,-0.381,-0.410,-0.440,-0.474,-0.535,-0.609,-0.700,-0.834,-1.007,-1.219,-1.488,-1.789,-2.070,-2.289,-2.399,-2.390,-2.318,-2.220,-2.116,-2.035,-1.981,-1.944,-1.936,-1.954,-1.985,-2.040,-2.120,-2.214,-2.331,-2.479,-2.645,-2.842,-3.079,-3.350,-3.665,-4.042,-4.476,-4.979,-5.575,-6.249,-6.997,-7.798,-8.540,-9.058,-9.175,-8.762,-7.940,-6.934,-5.894,-4.940,-4.114,-3.405,-2.816,-2.339,-1.943,-1.622,-1.371,-1.166,-1.004,-0.890,-0.806,-0.751,-0.740,-0.756,-0.785,-0.829,-0.849,-0.860,-0.944,-1.131,-1.492,-2.281,-3.554,-4.614,-4.765,-4.575,-4.541,-4.534,-4.458,-4.320,-4.082,-3.789,-3.508,-3.233,-2.985,-2.787,-2.617,-2.477,-2.377,-2.297,-2.237,-2.206,-2.189,-2.185,-2.205,-2.237,-2.279,-2.342,-2.418,-2.503,-2.611,-2.733,-2.866,-3.023,-3.201,-3.391,-3.609,-3.854,-4.115,-4.407,-4.731,-5.072,-5.443,-5.845,-6.253,-6.668,-7.091,-7.479,-7.810,-8.080,-8.247,-8.277,-8.195,-8.003,-7.691,-7.309,-6.892,-6.429,-5.946,-5.479,-5.006,-4.533,-4.091
398,4.4586,0.5575,2.8296,1.6548,0.6725,5.2000,-0.385,-0.398,-0.464,-0.754,-1.194,-1.387,-1.116,-0.691,-0.448,-0.400,-0.388,-0.342,-0.314,-0.327,-0.334,-0.319,-0.313,-0.328,-0.335,-0.328,-0.328,-0.342,-0.348,-0.345,-0.349,-0.361,-0.367,-0.366,-0.372,-0.384,-0.390,-0.391,-0.398,-0.409,-0.415,-0.419,-0.427,-0.439,-0.446,-0.452,-0.464,-0.477,-0.490,-0.508,-0.529,-0.537,-0.529,-0.518,-0.520,-0.528,-0.533,-0.539,-0.551,-0.563,-0.570,-0.579,-0.592,-0.605,-0.614,-0.626,-0.643,-0.658,-0.672,-0.693,-0.721,-0.752,-0.794,-0.852,-0.902,-0.910,-0.876,-0.836,-0.812,-0.801,-0.797,-0.806,-0.831,-0.856,-0.872,-0.884,-0.899,-0.911,-0.921,-0.934,-0.951,-0.964,-0.976,-0.992,-1.011,-1.025,-1.039,-1.057,-1.077,-1.093,-1.108,-1.128,-1.150,-1.166,-1.183,-1.206,-1.229,-1.246,-1.265,-1.291,-1.317,-1.336,-1.358,-1.388,-1.416,-1.438,-1.465,-1.501,-1.535,-1.562,-1.597,-1.644,-1.688,-1.727,-1.777,-1.846,-1.914,-1.979,-2.068,-2.188,-2.316,-2.451,-2.629,-2.855,-3.078,-3.277,-3.506,-3.797,-4.120,-4.529,-5.239,-6.325,-7.122,-6.524,-5.116,-4.083,-3.729,-3.873,-4.228,-4.637,-5.141,-5.809,-6.599,-7.422,-8.272,-9.194,-10.135,-10.912,-11.341,-11.388,-11.134,-10.659,-10.009,-9.268,-8.562,-7.956,-7.419,-6.908,-6.451,-6.085,-5.787,-5.500,-5.217,-4.973,-4.766,-4.553,-4.327,-4.130,-3.982,-3.856,-3.736,-3.651,-3.628,-3.643,-3.665,-3.709,-3.808,-3.945,-4.078,-4.210,-4.381,-4.587,-4.778,-4.942,-5.127,-5.348,-5.546,-5.694,-5.847,-6.037,-6.205,-6.304,-6.392,-6.523,-6.642,-6.680,-6.693
402,4.5990,0.7180,2.7160,0.8794,0.6328,8.8000,-2.412,-1.897,-1.017,-0.637,-0.521,-0.396,-0.356,-0.358,-0.315,-0.310,-0.325,-0.302,-0.304,-0.321,-0.306,-0.310,-0.328,-0.317,-0.322,-0.339,-0.331,-0.336,-0.354,-0.348,-0.353,-0.370,-0.367,-0.371,-0.389,-0.387,-0.392,-0.410,-0.410,-0.414,-0.434,-0.435,-0.440,-0.460,-0.463,-0.468,-0.490,-0.494,-0.500,-0.524,-0.532,-0.540,-0.568,-0.580,-0.592,-0.629,-0.652,-0.677,-0.737,-0.793,-0.855,-0.937,-0.940,-0.877,-0.856,-0.848,-0.848,-0.940,-1.051,-1.224,-1.750,-2.379,-2.223,-1.510,-1.098,-1.007,-0.941,-0.902,-0.928,-0.932,-0.936,-0.974,-0.995,-1.013,-1.055,-1.087,-1.114,-1.161,-1.202,-1.239,-1.294,-1.347,-1.397,-1.464,-1.533,-1.601,-1.686,-1.780,-1.875,-1.992,-2.125,-2.267,-2.439,-2.642,-2.870,-3.147,-3.484,-3.882,-4.376,-4.996,-5.759,-6.719,-7.926,-9.360,-10.889,-12.007,-11.906,-10.673,-9.090,-7.629,-6.448,-5.528,-4.812,-4.271,-3.872,-3.574,-3.370,-3.264,-3.244,-3.338,-3.618,-4.175,-5.228,-7.260,-11.268,-21.191,-20.803,-12.571,-9.382,-7.674,-6.644,-5.997,-5.562,-5.252,-5.034,-4.873,-4.736,-4.622,-4.518,-4.402,-4.279,-4.146,-3.991,-3.821,-3.646,-3.460,-3.272,-3.095,-2.924,-2.764,-2.624,-2.502,-2.393,-2.309,-2.245,-2.196,-2.171,-2.172,-2.190,-2.232,-2.304,-2.397,-2.510,-2.650,-2.800,-2.952,-3.103,-3.236,-3.335,-3.408,-3.454,-3.472,-3.489,-3.523,-3.578,-3.669,-3.814,-4.000,-4.219,-4.479,-4.762,-5.042,-5.324,-5.603,-5.850,-6.066,-6.270,-6.439,-6.568,-6.691,-6.805,-6.890,-6.985,-7.109,-7.237,-7.394,-7.628
406,5.5989,0.5106,3.2141,1.2928,1.0506,7.2000,-1.778,-1.774,-1.797,-1.780,-1.762,-1.783,-1.781,-1.757,-1.769,-1.782,-1.764,-1.771,-1.801,-1.805,-1.821,-1.881,-1.937,-2.003,-2.141,-2.337,-2.590,-3.017,-3.726,-4.860,-6.889,-10.979,-19.117,-13.162,-7.728,-5.048,-3.614,-2.811,-2.332,-1.982,-1.670,-1.414,-1.244,-1.123,-1.011,-0.922,-0.860,-0.800,-0.743,-0.707,-0.675,-0.641,-0.631,-0.625,-0.583,-0.531,-0.509,-0.497,-0.483,-0.485,-0.490,-0.490,-0.509,-0.541,-0.571,-0.634,-0.741,-0.883,-1.135,-1.497,-1.671,-1.429,-1.033,-0.782,-0.680,-0.636,-0.634,-0.668,-0.718,-0.788,-0.884,-1.003,-1.151,-1.341,-1.579,-1.880,-2.270,-2.773,-3.430,-4.300,-5.460,-7.028,-9.203,-12.333,-17.145,-23.131,-18.750,-14.034,-11.132,-9.192,-7.827,-6.832,-6.079,-5.506,-5.069,-4.727,-4.461,-4.264,-4.112,-3.997,-3.922,-3.874,-3.841,-3.832,-3.834,-3.830,-3.827,-3.813,-3.762,-3.677,-3.553,-3.367,-3.133,-2.871,-2.573,-2.265,-1.979,-1.707,-1.458,-1.261,-1.097,-0.955,-0.865,-0.813,-0.772,-0.781,-0.845,-0.929,-1.092,-1.416,-1.908,-2.829,-4.754,-7.218,-6.594,-4.220,-2.850,-2.321,-2.087,-1.994,-2.048,-2.111,-2.134,-2.197,-2.281,-2.375,-2.539,-2.731,-2.854,-2.928,-2.955,-2.903,-2.837,-2.808,-2.783,-2.781,-2.843,-2.932,-3.035,-3.196,-3.393,-3.595,-3.839,-4.130,-4.420,-4.727,-5.082,-5.430,-5.754,-6.097,-6.423,-6.672,-6.882,-7.058,-7.132,-7.114,-7.062,-6.940,-6.727,-6.501,-6.281,-6.027,-5.792,-5.624,-5.473,-5.334,-5.263,-5.230,-5.189,-5.198,-5.262,-5.316,-5.396,-5.548,-5.701,-5.857,-6.094
410,5.0970,0.9658,2.8166,1.3359,0.8059,4.6000,-4.116,-4.422,-4.487,-4.358,-4.094,-3.755,-3.432,-3.123,-2.846,-2.617,-2.402,-2.230,-2.073,-1.933,-1.819,-1.703,-1.613,-1.522,-1.441,-1.372,-1.298,-1.242,-1.177,-1.125,-1.075,-1.022,-0.983,-0.933,-0.899,-0.859,-0.822,-0.795,-0.758,-0.740,-0.711,-0.697,-0.687,-0.678,-0.701,-0.723,-0.818,-0.979,-1.343,-1.932,-2.042,-1.622,-1.163,-0.771,-0.565,-0.463,-0.384,-0.345,-0.304,-0.279,-0.255,-0.234,-0.220,-0.202,-0.192,-0.179,-0.170,-0.162,-0.155,-0.155,-0.154,-0.165,-0.186,-0.222,-0.242,-0.206,-0.158,-0.127,-0.108,-0.098,-0.090,-0.086,-0.083,-0.082,-0.081,-0.081,-0.083,-0.084,-0.087,-0.090,-0.094,-0.098,-0.103,-0.110,-0.116,-0.123,-0.131,-0.140,-0.149,-0.160,-0.171,-0.183,-0.196,-0.210,-0.226,-0.242,-0.260,-0.280,-0.300,-0.324,-0.349,-0.376,-0.407,-0.441,-0.479,-0.521,-0.569,-0.624,-0.686,-0.759,-0.845,-0.945,-1.065,-1.208,-1.379,-1.582,-1.816,-2.073,-2.332,-2.556,-2.708,-2.768,-2.756,-2.716,-2.697,-2.733,-2.850,-3.059,-3.328,-3.533,-3.432,-3.169,-3.328,-4.231,-5.967,-8.620,-11.081,-10.021,-7.296,-5.221,-3.860,-2.969,-2.378,-1.972,-1.690,-1.490,-1.345,-1.242,-1.165,-1.112,-1.075,-1.051,-1.037,-1.031,-1.034,-1.042,-1.056,-1.074,-1.097,-1.125,-1.156,-1.193,-1.233,-1.278,-1.329,-1.384,-1.446,-1.514,-1.591,-1.676,-1.773,-1.884,-2.010,-2.159,-2.333,-2.545,-2.805,-3.132,-3.555,-4.107,-4.851,-5.855,-7.203,-8.951,-10.979,-12.727,-13.231,-12.523,-11.464,-10.568,-9.931,-9.527,-9.323,-9.267,-9.350,-9.541,-9.835
414,5.4027,0.5659,3.6524,0.7277,1.3855,8.0000,-1.724,-1.720,-1.665,-1.636,-1.658,-1.660,-1.605,-1.557,-1.562,-1.567,-1.514,-1.451,-1.441,-1.446,-1.400,-1.328,-1.306,-1.315,-1.279,-1.205,-1.176,-1.196,-1.178,-1.112,-1.088,-1.136,-1.161,-1.128,-1.152,-1.312,-1.512,-1.712,-2.197,-3.406,-5.433,-6.793,-5.369,-3.282,-2.018,-1.461,-1.193,-0.960,-0.776,-0.694,-0.656,-0.592,-0.525,-0.498,-0.492,-0.468,-0.434,-0.424,-0.429,-0.423,-0.408,-0.408,-0.422,-0.429,-0.430,-0.442,-0.467,-0.490,-0.509,-0.538,-0.581,-0.627,-0.675,-0.735,-0.813,-0.905,-1.010,-1.138,-1.302,-1.509,-1.765,-2.095,-2.538,-3.151,-4.019,-5.299,-7.337,-10.994,-19.612,-18.535,-9.937,-6.053,-3.904,-2.676,-1.975,-1.580,-1.384,-1.345,-1.431,-1.613,-1.886,-2.272,-2.793,-3.460,-4.296,-5.360,-6.731,-8.499,-10.816,-14.044,-19.228,-32.752,-24.595,-17.433,-13.760,-11.322,-9.523,-8.078,-6.810,-5.638,-4.536,-3.509,-2.594,-1.860,-1.362,-1.104,-1.025,-1.038,-1.079,-1.120,-1.149,-1.169,-1.193,-1.235,-1.286,-1.325,-1.356,-1.390,-1.420,-1.425,-1.419,-1.426,-1.447,-1.471,-1.525,-1.664,-1.921,-2.343,-3.114,-4.609,-7.330,-11.103,-10.923,-7.403,-4.978,-3.606,-2.817,-2.310,-1.968,-1.762,-1.648,-1.575,-1.531,-1.529,-1.566,-1.618,-1.681,-1.772,-1.892,-2.027,-2.173,-2.341,-2.534,-2.732,-2.921,-3.098,-3.255,-3.375,-3.458,-3.536,-3.638,-3.773,-3.935,-4.124,-4.336,-4.556,-4.760,-4.940,-5.092,-5.209,-5.279,-5.298,-5.275,-5.220,-5.131,-5.015,-4.881,-4.741,-4.597,-4.450,-4.306,-4.171,-4.045,-3.928,-3.820,-3.725,-3.642
418,5.3431,0.6054,3.2623,0.7342,0.6835,4.8000,-1.909,-1.815,-1.733,-1.662,-1.599,-1.541,-1.490,-1.442,-1.398,-1.356,-1.315,-1.277,-1.239,-1.204,-1.168,-1.134,-1.101,-1.067,-1.036,-1.004,-0.973,-0.943,-0.912,-0.884,-0.855,-0.829,-0.802,-0.777,-0.754,-0.731,-0.712,-0.693,-0.679,-0.670,-0.667,-0.680,-0.713,-0.796,-0.982,-1.162,-1.135,-1.200,-1.522,-1.482,-1.065,-0.788,-0.602,-0.467,-0.406,-0.357,-0.333,-0.314,-0.301,-0.299,-0.297,-0.311,-0.330,-0.375,-0.454,-0.586,-0.755,-0.771,-0.592,-0.413,-0.312,-0.254,-0.223,-0.206,-0.196,-0.192,-0.191,-0.193,-0.197,-0.203,-0.212,-0.221,-0.233,-0.246,-0.261,-0.278,-0.296,-0.317,-0.340,-0.365,-0.393,-0.423,-0.457,-0.493,-0.533,-0.576,-0.624,-0.677,-0.735,-0.799,-0.869,-0.947,-1.034,-1.129,-1.236,-1.354,-1.486,-1.633,-1.796,-1.978,-2.177,-2.396,-2.631,-2.878,-3.130,-3.375,-3.600,-3.787,-3.929,-4.019,-4.066,-4.085,-4.097,-4.129,-4.196,-4.324,-4.527,-4.826,-5.238,-5.778,-6.462,-7.253,-8.038,-8.509,-8.284,-7.302,-5.948,-4.646,-3.590,-2.863,-2.472,-2.472,-3.010,-4.443,-7.568,-12.211,-11.348,-8.166,-5.809,-4.080,-2.944,-2.205,-1.730,-1.417,-1.204,-1.066,-0.969,-0.913,-0.879,-0.866,-0.871,-0.885,-0.916,-0.953,-1.002,-1.059,-1.124,-1.201,-1.283,-1.378,-1.480,-1.594,-1.721,-1.858,-2.012,-2.178,-2.365,-2.570,-2.796,-3.050,-3.328,-3.642,-3.991,-4.383,-4.826,-5.320,-5.883,-6.515,-7.230,-8.038,-8.933,-9.929,-10.989,-12.075,-13.097,-13.898,-14.367,-14.430,-14.156,-13.709,-13.187,-12.698,-12.282,-11.945,-11.725,-11.595,-11.579
422,5.0057,0.5902,3.2149,1.6232,0.6559,5.8000,-2.454,-2.361,-2.283,-2.217,-2.137,-2.082,-2.019,-1.956,-1.911,-1.849,-1.801,-1.754,-1.697,-1.658,-1.605,-1.558,-1.517,-1.463,-1.425,-1.378,-1.331,-1.296,-1.245,-1.209,-1.169,-1.125,-1.096,-1.053,-1.022,-0.993,-0.956,-0.939,-0.911,-0.895,-0.890,-0.879,-0.903,-0.931,-1.000,-1.152,-1.398,-1.913,-2.377,-2.089,-1.514,-1.226,-1.119,-1.168,-1.464,-2.038,-3.193,-4.902,-5.154,-3.509,-2.180,-1.457,-1.040,-0.810,-0.672,-0.610,-0.622,-0.729,-0.899,-0.883,-0.662,-0.476,-0.361,-0.285,-0.240,-0.202,-0.178,-0.158,-0.141,-0.130,-0.119,-0.112,-0.106,-0.100,-0.098,-0.095,-0.095,-0.095,-0.096,-0.099,-0.102,-0.107,-0.113,-0.119,-0.128,-0.136,-0.147,-0.158,-0.171,-0.186,-0.202,-0.219,-0.239,-0.260,-0.285,-0.311,-0.340,-0.373,-0.408,-0.448,-0.492,-0.542,-0.599,-0.662,-0.734,-0.816,-0.910,-1.019,-1.143,-1.287,-1.452,-1.639,-1.849,-2.075,-2.311,-2.543,-2.756,-2.942,-3.103,-3.257,-3.431,-3.658,-3.979,-4.440,-5.100,-6.021,-7.204,-8.276,-8.107,-6.374,-4.470,-3.198,-2.600,-2.533,-2.917,-3.786,-5.325,-7.989,-12.856,-22.677,-17.217,-11.525,-8.313,-6.130,-4.592,-3.506,-2.745,-2.209,-1.829,-1.561,-1.370,-1.237,-1.148,-1.091,-1.061,-1.052,-1.061,-1.086,-1.124,-1.177,-1.241,-1.318,-1.408,-1.509,-1.625,-1.755,-1.899,-2.062,-2.240,-2.441,-2.662,-2.906,-3.180,-3.479,-3.812,-4.179,-4.579,-5.016,-5.482,-5.971,-6.475,-6.965,-7.423,-7.812,-8.095,-8.256,-8.275,-8.164,-7.953,-7.663,-7.335,-6.994,-6.652,-6.337,-6.045,-5.785,-5.566
426,5.1759,0.4208,2.7610,1.9626,0.7914,3.6000,-2.839,-2.565,-2.347,-2.190,-2.037,-1.939,-1.842,-1.763,-1.708,-1.639,-1.604,-1.553,-1.516,-1.487,-1.444,-1.426,-1.387,-1.365,-1.339,-1.307,-1.292,-1.255,-1.241,-1.211,-1.186,-1.170,-1.135,-1.125,-1.092,-1.076,-1.059,-1.032,-1.031,-1.005,-1.013,-1.010,-1.026,-1.082,-1.148,-1.361,-1.716,-2.588,-3.591,-2.977,-1.961,-1.456,-1.058,-0.842,-0.734,-0.644,-0.603,-0.552,-0.524,-0.496,-0.469,-0.454,-0.431,-0.420,-0.404,-0.394,-0.387,-0.378,-0.377,-0.368,-0.355,-0.333,-0.321,-0.323,-0.320,-0.314,-0.289,-0.261,-0.241,-0.232,-0.233,-0.236,-0.243,-0.251,-0.260,-0.271,-0.282,-0.296,-0.309,-0.325,-0.342,-0.360,-0.381,-0.402,-0.426,-0.451,-0.478,-0.508,-0.539,-0.574,-0.611,-0.651,-0.693,-0.739,-0.788,-0.840,-0.898,-0.958,-1.024,-1.094,-1.170,-1.252,-1.338,-1.433,-1.533,-1.641,-1.755,-1.876,-2.003,-2.135,-2.270,-2.406,-2.539,-2.668,-2.786,-2.893,-2.985,-3.064,-3.134,-3.199,-3.270,-3.352,-3.457,-3.588,-3.743,-3.901,-4.009,-3.969,-3.663,-3.074,-2.373,-1.823,-1.583,-1.679,-2.102,-2.864,-4.044,-5.760,-7.954,-9.460,-8.375,-6.137,-4.307,-3.060,-2.240,-1.704,-1.354,-1.124,-0.978,-0.887,-0.837,-0.816,-0.816,-0.834,-0.865,-0.907,-0.959,-1.020,-1.089,-1.165,-1.250,-1.341,-1.440,-1.547,-1.662,-1.788,-1.922,-2.067,-2.224,-2.393,-2.578,-2.777,-2.996,-3.233,-3.494,-3.781,-4.096,-4.449,-4.838,-5.277,-5.769,-6.327,-6.966,-7.696,-8.549,-9.545,-10.732,-12.169,-13.944,-16.227,-19.252,-23.352,-26.363,-23.205,-19.280,-16.434,-14.318
430,4.7236,0.6799,3.0383,0.4915,0.8417,6.6000,-2.290,-2.296,-2.280,-2.230,-2.206,-2.196,-2.145,-2.092,-2.072,-2.034,-1.968,-1.929,-1.905,-1.849,-1.797,-1.781,-1.753,-1.709,-1.700,-1.713,-1.709,-1.728,-1.802,-1.893,-2.007,-2.216,-2.534,-2.957,-3.597,-4.621,-6.172,-8.471,-11.532,-12.826,-10.291,-7.580,-5.681,-4.552,-4.064,-3.761,-3.101,-2.232,-1.612,-1.301,-1.109,-0.968,-0.909,-0.886,-0.827,-0.735,-0.664,-0.701,-0.879,-1.016,-0.886,-0.610,-0.448,-0.410,-0.370,-0.324,-0.316,-0.312,-0.291,-0.288,-0.297,-0.293,-0.295,-0.312,-0.326,-0.337,-0.364,-0.397,-0.427,-0.472,-0.533,-0.599,-0.682,-0.796,-0.933,-1.103,-1.327,-1.605,-1.935,-2.319,-2.719,-3.066,-3.300,-3.395,-3.358,-3.244,-3.114,-2.992,-2.893,-2.833,-2.810,-2.815,-2.855,-2.929,-3.030,-3.161,-3.328,-3.525,-3.755,-4.026,-4.338,-4.688,-5.085,-5.529,-6.005,-6.505,-7.007,-7.456,-7.791,-7.949,-7.871,-7.550,-7.039,-6.408,-5.724,-5.048,-4.414,-3.835,-3.320,-2.871,-2.482,-2.146,-1.861,-1.621,-1.419,-1.250,-1.116,-1.012,-0.934,-0.890,-0.890,-0.942,-1.081,-1.401,-1.951,-2.580,-3.040,-3.335,-3.696,-4.216,-4.762,-5.157,-5.270,-5.070,-4.686,-4.263,-3.851,-3.479,-3.176,-2.931,-2.722,-2.560,-2.441,-2.341,-2.265,-2.222,-2.192,-2.172,-2.178,-2.200,-2.225,-2.269,-2.334,-2.403,-2.484,-2.592,-2.709,-2.835,-2.990,-3.167,-3.351,-3.563,-3.813,-4.077,-4.365,-4.702,-5.070,-5.454,-5.887,-6.366,-6.850,-7.348,-7.877,-8.378,-8.799,-9.150,-9.399,-9.463,-9.347,-9.118,-8.768,-8.286,-7.755,-7.222,-6.645,-6.038,-5.466
434,4.6581,0.4088,3.3846,0.6928,0.9169,7.4000,-1.947,-1.961,-1.989,-1.991,-1.999,-2.020,-2.015,-2.015,-2.026,-2.014,-2.005,-2.009,-1.993,-1.980,-1.985,-1.975,-1.974,-1.997,-2.019,-2.059,-2.143,-2.251,-2.407,-2.655,-2.995,-3.460,-4.120,-4.966,-5.896,-6.660,-6.853,-6.333,-5.446,-4.588,-3.901,-3.375,-3.049,-2.949,-3.073,-3.581,-4.575,-5.287,-4.616,-3.344,-2.411,-1.841,-1.464,-1.208,-1.031,-0.894,-0.786,-0.703,-0.635,-0.574,-0.528,-0.489,-0.450,-0.423,-0.401,-0.376,-0.363,-0.353,-0.339,-0.339,-0.343,-0.340,-0.361,-0.385,-0.410,-0.485,-0.583,-0.745,-1.113,-1.398,-1.124,-0.652,-0.450,-0.419,-0.398,-0.427,-0.478,-0.514,-0.574,-0.632,-0.669,-0.713,-0.739,-0.744,-0.760,-0.771,-0.792,-0.854,-0.953,-1.115,-1.385,-1.766,-2.280,-2.913,-3.556,-4.132,-4.607,-4.967,-5.319,-5.669,-5.791,-5.435,-4.562,-3.603,-3.077,-3.070,-3.340,-3.723,-4.250,-4.943,-5.824,-6.992,-8.536,-10.480,-12.493,-13.059,-11.256,-8.791,-6.713,-5.139,-3.973,-3.122,-2.504,-2.049,-1.718,-1.481,-1.308,-1.189,-1.112,-1.065,-1.047,-1.054,-1.079,-1.127,-1.195,-1.280,-1.388,-1.516,-1.663,-1.835,-2.025,-2.228,-2.442,-2.651,-2.836,-2.982,-3.064,-3.072,-3.009,-2.878,-2.704,-2.510,-2.308,-2.118,-1.947,-1.794,-1.667,-1.564,-1.478,-1.415,-1.370,-1.338,-1.323,-1.323,-1.331,-1.356,-1.391,-1.434,-1.493,-1.563,-1.640,-1.734,-1.839,-1.953,-2.087,-2.232,-2.387,-2.565,-2.754,-2.953,-3.172,-3.399,-3.628,-3.870,-4.105,-4.325,-4.542,-4.739,-4.908,-5.071,-5.221,-5.341,-5.446,-5.517,-5.519,-5.474,-5.386
438,5.3492,0.6142,3.1158,0.6507,0.6461,5.2000,-2.064,-1.960,-1.863,-1.789,-1.711,-1.649,-1.590,-1.532,-1.486,-1.432,-1.390,-1.344,-1.301,-1.263,-1.219,-1.185,-1.144,-1.108,-1.074,-1.035,-1.005,-0.967,-0.938,-0.905,-0.873,-0.848,-0.814,-0.793,-0.764,-0.742,-0.724,-0.702,-0.697,-0.683,-0.695,-0.715,-0.768,-0.899,-1.146,-1.678,-1.948,-1.432,-0.923,-0.717,-0.597,-0.520,-0.477,-0.458,-0.412,-0.352,-0.325,-0.304,-0.297,-0.295,-0.298,-0.318,-0.345,-0.407,-0.508,-0.677,-0.846,-0.794,-0.568,-0.389,-0.290,-0.232,-0.202,-0.183,-0.173,-0.168,-0.165,-0.166,-0.169,-0.174,-0.180,-0.188,-0.198,-0.209,-0.222,-0.236,-0.252,-0.269,-0.289,-0.311,-0.334,-0.360,-0.388,-0.419,-0.454,-0.491,-0.531,-0.576,-0.625,-0.678,-0.737,-0.802,-0.873,-0.953,-1.040,-1.138,-1.247,-1.369,-1.506,-1.661,-1.836,-2.035,-2.261,-2.519,-2.813,-3.146,-3.522,-3.940,-4.395,-4.873,-5.347,-5.780,-6.126,-6.351,-6.446,-6.438,-6.381,-6.334,-6.353,-6.479,-6.739,-7.137,-7.622,-8.040,-8.082,-7.486,-6.347,-5.060,-3.937,-3.118,-2.649,-2.557,-2.956,-4.137,-6.881,-13.244,-14.794,-7.953,-4.914,-3.426,-2.647,-2.226,-1.974,-1.788,-1.608,-1.435,-1.283,-1.162,-1.079,-1.024,-0.998,-0.992,-1.004,-1.033,-1.073,-1.129,-1.193,-1.271,-1.359,-1.458,-1.571,-1.695,-1.835,-1.987,-2.157,-2.345,-2.551,-2.781,-3.033,-3.313,-3.622,-3.963,-4.342,-4.756,-5.215,-5.717,-6.263,-6.855,-7.477,-8.129,-8.783,-9.408,-9.977,-10.436,-10.768,-10.953,-10.995,-10.936,-10.794,-10.619,-10.437,-10.264,-10.134,-10.040,-10.005,-10.032,-10.119
442,5.1857,0.4023,3.8869,0.5773,0.6030,3.8000,-1.327,-1.280,-1.278,-1.246,-1.231,-1.224,-1.191,-1.198,-1.166,-1.164,-1.152,-1.129,-1.136,-1.103,-1.113,-1.093,-1.086,-1.097,-1.075,-1.113,-1.111,-1.172,-1.260,-1.410,-1.811,-2.579,-4.736,-6.900,-4.498,-2.567,-1.805,-1.392,-1.198,-1.066,-0.994,-0.951,-0.941,-0.968,-1.055,-1.268,-1.724,-2.607,-2.778,-1.822,-1.191,-0.906,-0.696,-0.598,-0.519,-0.478,-0.443,-0.414,-0.400,-0.378,-0.373,-0.362,-0.361,-0.367,-0.378,-0.412,-0.458,-0.495,-0.461,-0.397,-0.359,-0.335,-0.329,-0.325,-0.328,-0.335,-0.342,-0.355,-0.366,-0.383,-0.400,-0.419,-0.443,-0.466,-0.497,-0.527,-0.563,-0.602,-0.645,-0.695,-0.749,-0.813,-0.883,-0.963,-1.057,-1.163,-1.290,-1.434,-1.604,-1.796,-2.003,-2.208,-2.368,-2.439,-2.388,-2.246,-2.074,-1.926,-1.833,-1.794,-1.809,-1.866,-1.962,-2.094,-2.259,-2.463,-2.703,-2.992,-3.334,-3.742,-4.235,-4.830,-5.564,-6.467,-7.586,-8.946,-10.462,-11.718,-11.779,-10.383,-8.407,-6.579,-5.101,-3.989,-3.206,-2.694,-2.395,-2.204,-2.047,-1.965,-2.103,-2.684,-4.069,-7.168,-13.449,-11.451,-6.364,-3.932,-2.675,-1.971,-1.554,-1.291,-1.127,-1.020,-0.956,-0.920,-0.903,-0.905,-0.917,-0.940,-0.971,-1.009,-1.056,-1.106,-1.165,-1.230,-1.301,-1.380,-1.466,-1.563,-1.669,-1.789,-1.927,-2.083,-2.269,-2.488,-2.757,-3.094,-3.525,-4.093,-4.846,-5.860,-7.204,-8.926,-10.986,-13.105,-14.784,-15.601,-15.820,-15.919,-16.201,-16.786,-17.608,-18.517,-18.950,-18.444,-17.066,-15.483,-14.096,-13.057,-12.423,-12.140,-12.227,-12.640,-13.383,-14.513,-16.051
446,5.1889,0.4912,3.8546,1.1611,0.6370,4.8000,-1.673,-1.612,-1.572,-1.520,-1.487,-1.449,-1.412,-1.387,-1.348,-1.326,-1.292,-1.265,-1.241,-1.207,-1.188,-1.155,-1.133,-1.109,-1.080,-1.065,-1.036,-1.024,-1.005,-0.993,-0.993,-0.987,-1.015,-1.042,-1.121,-1.253,-1.493,-2.007,-3.052,-5.485,-7.800,-5.276,-3.135,-2.246,-1.894,-1.958,-2.435,-3.480,-3.800,-2.630,-1.938,-1.731,-1.288,-0.899,-0.706,-0.580,-0.504,-0.447,-0.407,-0.380,-0.360,-0.356,-0.362,-0.397,-0.470,-0.617,-0.791,-0.761,-0.552,-0.391,-0.300,-0.246,-0.216,-0.195,-0.183,-0.175,-0.170,-0.169,-0.169,-0.173,-0.177,-0.184,-0.193,-0.203,-0.216,-0.230,-0.248,-0.268,-0.291,-0.317,-0.347,-0.382,-0.421,-0.467,-0.520,-0.581,-0.654,-0.739,-0.841,-0.958,-1.095,-1.245,-1.398,-1.529,-1.602,-1.592,-1.498,-1.359,-1.218,-1.102,-1.023,-0.977,-0.963,-0.974,-1.007,-1.059,-1.128,-1.216,-1.320,-1.444,-1.591,-1.763,-1.967,-2.208,-2.498,-2.850,-3.281,-3.819,-4.494,-5.351,-6.420,-7.666,-8.778,-8.973,-7.819,-6.079,-4.569,-3.552,-3.012,-2.739,-2.465,-2.275,-2.463,-3.183,-4.600,-7.146,-11.880,-19.246,-12.713,-7.858,-5.252,-3.712,-2.749,-2.121,-1.703,-1.418,-1.223,-1.092,-1.005,-0.952,-0.925,-0.918,-0.928,-0.951,-0.988,-1.034,-1.092,-1.159,-1.236,-1.323,-1.419,-1.526,-1.644,-1.775,-1.919,-2.077,-2.252,-2.444,-2.658,-2.894,-3.156,-3.449,-3.775,-4.142,-4.556,-5.023,-5.555,-6.161,-6.857,-7.657,-8.578,-9.638,-10.841,-12.183,-13.607,-15.000,-16.206,-17.076,-17.599,-17.832,-17.802,-17.530,-17.019,-16.357,-15.647,-14.966,-14.384
450,5.2912,0.8067,3.2903,0.4420,1.1155,8.2000,-1.885,-1.851,-1.851,-1.831,-1.767,-1.706,-1.687,-1.672,-1.613,-1.538,-1.501,-1.487,-1.439,-1.361,-1.309,-1.295,-1.262,-1.189,-1.128,-1.114,-1.098,-1.037,-0.973,-0.960,-0.965,-0.924,-0.864,-0.858,-0.896,-0.894,-0.858,-0.894,-1.031,-1.173,-1.319,-1.733,-2.714,-4.139,-4.858,-3.885,-2.436,-1.503,-1.095,-0.906,-0.731,-0.584,-0.520,-0.500,-0.456,-0.401,-0.379,-0.381,-0.369,-0.343,-0.334,-0.344,-0.347,-0.337,-0.337,-0.353,-0.368,-0.373,-0.383,-0.409,-0.437,-0.458,-0.484,-0.525,-0.573,-0.619,-0.671,-0.741,-0.825,-0.916,-1.020,-1.153,-1.315,-1.508,-1.741,-2.038,-2.422,-2.918,-3.572,-4.475,-5.771,-7.718,-10.911,-17.364,-27.244,-13.464,-8.463,-5.666,-3.935,-2.829,-2.117,-1.670,-1.408,-1.284,-1.269,-1.353,-1.538,-1.832,-2.254,-2.835,-3.624,-4.694,-6.144,-8.140,-10.998,-15.494,-24.764,-24.131,-15.984,-12.127,-9.741,-8.098,-6.892,-5.959,-5.198,-4.544,-3.953,-3.388,-2.832,-2.290,-1.786,-1.352,-1.012,-0.773,-0.630,-0.565,-0.559,-0.594,-0.657,-0.740,-0.835,-0.934,-1.027,-1.109,-1.176,-1.227,-1.262,-1.293,-1.333,-1.393,-1.467,-1.552,-1.650,-1.756,-1.861,-1.985,-2.199,-2.591,-3.240,-4.257,-5.918,-8.906,-15.347,-26.175,-12.062,-7.569,-5.388,-4.257,-3.612,-3.178,-2.891,-2.749,-2.703,-2.688,-2.704,-2.791,-2.951,-3.137,-3.339,-3.597,-3.931,-4.301,-4.661,-5.020,-5.386,-5.694,-5.865,-5.917,-5.940,-5.972,-5.978,-5.936,-5.870,-5.801,-5.700,-5.517,-5.266,-5.011,-4.781,-4.540,-4.260,-3.986,-3.767,-3.582,-3.375,-3.158,-2.991
454,5.1953,0.5564,2.8374,0.5339,0.7836,5.4000,-2.264,-2.151,-2.051,-1.960,-1.884,-1.809,-1.746,-1.684,-1.627,-1.576,-1.522,-1.476,-1.427,-1.382,-1.339,-1.293,-1.254,-1.210,-1.171,-1.132,-1.091,-1.057,-1.016,-0.984,-0.947,-0.914,-0.883,-0.849,-0.825,-0.794,-0.772,-0.750,-0.730,-0.724,-0.714,-0.731,-0.757,-0.832,-0.990,-1.306,-1.872,-2.003,-1.399,-0.906,-0.678,-0.536,-0.468,-0.417,-0.396,-0.385,-0.358,-0.325,-0.298,-0.292,-0.288,-0.298,-0.321,-0.362,-0.446,-0.586,-0.797,-0.869,-0.673,-0.447,-0.316,-0.241,-0.201,-0.176,-0.161,-0.153,-0.148,-0.146,-0.146,-0.149,-0.153,-0.158,-0.165,-0.173,-0.182,-0.193,-0.205,-0.218,-0.234,-0.250,-0.268,-0.288,-0.310,-0.334,-0.360,-0.389,-0.420,-0.453,-0.490,-0.530,-0.574,-0.621,-0.674,-0.731,-0.794,-0.864,-0.941,-1.027,-1.123,-1.230,-1.351,-1.487,-1.643,-1.821,-2.026,-2.263,-2.540,-2.865,-3.249,-3.706,-4.248,-4.893,-5.652,-6.524,-7.479,-8.421,-9.175,-9.535,-9.434,-9.018,-8.517,-8.102,-7.842,-7.719,-7.607,-7.276,-6.525,-5.422,-4.276,-3.350,-2.763,-2.549,-2.752,-3.534,-5.307,-9.240,-20.688,-13.708,-7.281,-4.527,-3.088,-2.269,-1.774,-1.464,-1.271,-1.150,-1.083,-1.051,-1.044,-1.053,-1.069,-1.088,-1.108,-1.132,-1.162,-1.202,-1.255,-1.320,-1.399,-1.490,-1.595,-1.715,-1.848,-1.998,-2.163,-2.346,-2.549,-2.772,-3.019,-3.288,-3.585,-3.911,-4.265,-4.652,-5.067,-5.513,-5.984,-6.471,-6.966,-7.447,-7.898,-8.290,-8.600,-8.814,-8.919,-8.928,-8.855,-8.720,-8.555,-8.373,-8.200,-8.048,-7.922,-7.842,-7.800,-7.812,-7.879
458,4.4517,0.6432,2.7290,1.0641,0.9069,8.2000,-1.691,-2.240,-1.952,-1.192,-0.642,-0.463,-0.447,-0.397,-0.325,-0.310,-0.332,-0.328,-0.303,-0.300,-0.319,-0.324,-0.312,-0.313,-0.327,-0.335,-0.330,-0.332,-0.344,-0.353,-0.352,-0.355,-0.366,-0.375,-0.378,-0.382,-0.391,-0.402,-0.407,-0.412,-0.421,-0.432,-0.440,-0.446,-0.456,-0.469,-0.479,-0.488,-0.500,-0.515,-0.530,-0.544,-0.561,-0.585,-0.613,-0.643,-0.684,-0.745,-0.813,-0.857,-0.849,-0.799,-0.742,-0.706,-0.694,-0.692,-0.695,-0.703,-0.715,-0.730,-0.745,-0.762,-0.781,-0.801,-0.822,-0.844,-0.867,-0.892,-0.918,-0.947,-0.977,-1.008,-1.041,-1.078,-1.117,-1.158,-1.203,-1.253,-1.307,-1.364,-1.428,-1.501,-1.581,-1.668,-1.768,-1.887,-2.022,-2.174,-2.355,-2.577,-2.840,-3.139,-3.479,-3.828,-4.036,-3.894,-3.396,-2.808,-2.402,-2.275,-2.389,-2.662,-3.047,-3.549,-4.178,-4.936,-5.827,-6.878,-8.123,-9.571,-11.200,-12.970,-14.718,-15.923,-15.899,-14.707,-12.984,-11.175,-9.486,-7.998,-6.721,-5.648,-4.774,-4.091,-3.574,-3.189,-2.908,-2.714,-2.590,-2.517,-2.479,-2.472,-2.496,-2.545,-2.609,-2.689,-2.791,-2.914,-3.050,-3.194,-3.349,-3.513,-3.671,-3.812,-3.949,-4.117,-4.360,-4.751,-5.422,-6.585,-8.568,-11.980,-18.472,-23.346,-15.034,-11.013,-8.793,-7.443,-6.589,-6.063,-5.784,-5.694,-5.753,-5.942,-6.262,-6.706,-7.238,-7.794,-8.289,-8.611,-8.635,-8.318,-7.754,-7.101,-6.481,-5.969,-5.609,-5.420,-5.389,-5.466,-5.596,-5.740,-5.873,-5.969,-6.005,-5.982,-5.924,-5.844,-5.740,-5.610,-5.473,-5.346,-5.228,-5.102,-4.969,-4.846,-4.741
462,5.4898,0.4018,2.9867,1.6466,1.1342,8.8000,-1.466,-1.460,-1.492,-1.496,-1.479,-1.500,-1.514,-1.494,-1.497,-1.516,-1.498,-1.482,-1.496,-1.485,-1.456,-1.458,-1.454,-1.419,-1.406,-1.409,-1.377,-1.352,-1.358,-1.341,-1.311,-1.322,-1.335,-1.322,-1.353,-1.429,-1.494,-1.621,-1.911,-2.348,-3.121,-4.866,-8.262,-10.428,-6.794,-3.942,-2.609,-1.959,-1.505,-1.229,-1.115,-0.993,-0.877,-0.883,-0.907,-0.902,-1.162,-1.755,-2.007,-1.487,-0.890,-0.660,-0.605,-0.522,-0.474,-0.479,-0.460,-0.438,-0.449,-0.453,-0.445,-0.460,-0.478,-0.485,-0.505,-0.537,-0.560,-0.591,-0.638,-0.682,-0.732,-0.801,-0.876,-0.958,-1.063,-1.186,-1.325,-1.497,-1.709,-1.959,-2.267,-2.659,-3.146,-3.765,-4.580,-5.654,-7.092,-9.068,-11.769,-14.821,-15.171,-12.133,-9.167,-6.960,-5.348,-4.168,-3.297,-2.640,-2.139,-1.760,-1.467,-1.238,-1.063,-0.930,-0.828,-0.755,-0.711,-0.689,-0.690,-0.722,-0.785,-0.888,-1.052,-1.299,-1.670,-2.249,-3.173,-4.698,-7.374,-12.648,-27.092,-13.914,-8.554,-5.924,-4.409,-3.465,-2.845,-2.424,-2.131,-1.923,-1.774,-1.670,-1.598,-1.548,-1.519,-1.505,-1.500,-1.502,-1.510,-1.518,-1.520,-1.517,-1.500,-1.466,-1.416,-1.350,-1.272,-1.196,-1.130,-1.082,-1.062,-1.075,-1.118,-1.191,-1.293,-1.418,-1.561,-1.724,-1.901,-2.086,-2.281,-2.488,-2.704,-2.943,-3.220,-3.547,-3.938,-4.412,-4.969,-5.605,-6.323,-7.111,-7.939,-8.780,-9.602,-10.337,-10.909,-11.280,-11.419,-11.314,-11.016,-10.608,-10.138,-9.649,-9.201,-8.819,-8.497,-8.250,-8.098,-8.027,-8.028,-8.128,-8.328,-8.609,-8.991,-9.493,-10.082
466,5.5069,0.8635,2.9969,1.9199,0.6975,6.4000,-2.143,-2.127,-2.117,-2.082,-2.057,-2.051,-2.024,-1.996,-1.992,-1.981,-1.960,-1.966,-1.981,-1.987,-2.021,-2.088,-2.164,-2.281,-2.478,-2.752,-3.149,-3.786,-4.787,-6.371,-8.972,-12.708,-13.223,-9.443,-6.528,-4.717,-3.582,-2.829,-2.304,-1.941,-1.677,-1.463,-1.299,-1.179,-1.070,-0.976,-0.912,-0.853,-0.789,-0.755,-0.740,-0.715,-0.713,-0.751,-0.774,-0.743,-0.680,-0.635,-0.639,-0.667,-0.686,-0.733,-0.833,-0.947,-1.115,-1.442,-1.946,-2.812,-4.602,-7.238,-6.890,-4.031,-2.228,-1.432,-1.049,-0.834,-0.783,-0.826,-0.916,-1.119,-1.457,-1.927,-2.595,-3.464,-4.323,-4.872,-4.915,-4.524,-3.999,-3.529,-3.130,-2.817,-2.597,-2.428,-2.299,-2.222,-2.171,-2.135,-2.131,-2.146,-2.164,-2.206,-2.266,-2.326,-2.403,-2.500,-2.595,-2.702,-2.830,-2.954,-3.082,-3.226,-3.359,-3.479,-3.598,-3.687,-3.731,-3.748,-3.710,-3.604,-3.460,-3.268,-3.023,-2.768,-2.507,-2.228,-1.973,-1.742,-1.515,-1.318,-1.160,-1.006,-0.877,-0.792,-0.709,-0.639,-0.622,-0.612,-0.609,-0.691,-0.828,-1.035,-1.605,-2.597,-3.162,-2.737,-2.216,-2.113,-2.192,-2.276,-2.422,-2.558,-2.602,-2.621,-2.613,-2.541,-2.467,-2.410,-2.333,-2.270,-2.243,-2.213,-2.194,-2.212,-2.235,-2.262,-2.324,-2.398,-2.472,-2.578,-2.703,-2.830,-2.985,-3.172,-3.366,-3.589,-3.858,-4.144,-4.454,-4.814,-5.195,-5.582,-5.999,-6.423,-6.807,-7.156,-7.459,-7.653,-7.724,-7.701,-7.568,-7.320,-7.016,-6.687,-6.319,-5.946,-5.604,-5.275,-4.956,-4.680,-4.438,-4.204,-4.006,-3.848,-3.698,-3.572,-3.486
470,5.4261,0.8461,3.0934,1.2784,0.6025,3.8000,-2.808,-2.495,-2.267,-2.072,-1.928,-1.805,-1.698,-1.619,-1.536,-1.477,-1.417,-1.362,-1.320,-1.269,-1.235,-1.192,-1.157,-1.125,-1.086,-1.062,-1.025,-1.000,-0.971,-0.940,-0.920,-0.887,-0.869,-0.841,-0.820,-0.802,-0.776,-0.768,-0.744,-0.740,-0.733,-0.732,-0.761,-0.787,-0.903,-1.093,-1.584,-2.229,-1.933,-1.201,-0.863,-0.679,-0.567,-0.512,-0.460,-0.437,-0.408,-0.390,-0.375,-0.359,-0.351,-0.338,-0.331,-0.318,-0.299,-0.281,-0.272,-0.280,-0.287,-0.301,-0.319,-0.340,-0.361,-0.359,-0.327,-0.276,-0.240,-0.220,-0.211,-0.210,-0.211,-0.217,-0.223,-0.231,-0.242,-0.251,-0.264,-0.277,-0.292,-0.308,-0.324,-0.344,-0.363,-0.386,-0.409,-0.434,-0.462,-0.491,-0.523,-0.556,-0.593,-0.632,-0.674,-0.719,-0.766,-0.818,-0.873,-0.932,-0.995,-1.061,-1.133,-1.208,-1.288,-1.372,-1.459,-1.550,-1.641,-1.733,-1.823,-1.910,-1.991,-2.063,-2.126,-2.180,-2.227,-2.268,-2.309,-2.357,-2.416,-2.494,-2.596,-2.730,-2.896,-3.093,-3.309,-3.501,-3.585,-3.427,-2.949,-2.282,-1.718,-1.464,-1.552,-1.945,-2.624,-3.623,-5.010,-6.783,-8.440,-8.560,-6.980,-5.176,-3.801,-2.865,-2.251,-1.854,-1.596,-1.430,-1.319,-1.242,-1.188,-1.148,-1.122,-1.108,-1.106,-1.117,-1.140,-1.176,-1.222,-1.281,-1.350,-1.429,-1.520,-1.620,-1.733,-1.856,-1.992,-2.142,-2.306,-2.487,-2.685,-2.905,-3.147,-3.416,-3.716,-4.049,-4.426,-4.847,-5.326,-5.870,-6.493,-7.215,-8.050,-9.036,-10.204,-11.618,-13.373,-15.616,-18.687,-23.294,-30.759,-27.335,-21.422,-17.860,-15.465,-13.707,-12.368
474,4.5775,0.4370,3.1958,0.4021,0.8482,8.6000,-0.276,-0.290,-0.297,-0.267,-0.260,-0.288,-0.292,-0.268,-0.272,-0.303,-0.303,-0.281,-0.291,-0.323,-0.321,-0.300,-0.316,-0.350,-0.347,-0.326,-0.348,-0.390,-0.386,-0.366,-0.406,-0.475,-0.485,-0.500,-0.697,-1.080,-1.341,-1.199,-0.827,-0.566,-0.506,-0.518,-0.497,-0.467,-0.476,-0.499,-0.500,-0.495,-0.509,-0.531,-0.542,-0.549,-0.571,-0.600,-0.629,-0.666,-0.709,-0.730,-0.706,-0.664,-0.644,-0.651,-0.661,-0.666,-0.679,-0.702,-0.721,-0.734,-0.753,-0.780,-0.805,-0.824,-0.849,-0.882,-0.913,-0.941,-0.974,-1.017,-1.060,-1.099,-1.148,-1.207,-1.269,-1.332,-1.406,-1.498,-1.598,-1.707,-1.838,-1.999,-2.187,-2.405,-2.675,-3.018,-3.447,-3.983,-4.684,-5.631,-6.914,-8.678,-11.193,-14.775,-17.836,-15.350,-11.676,-9.016,-7.145,-5.826,-4.894,-4.214,-3.694,-3.301,-3.026,-2.827,-2.662,-2.540,-2.484,-2.477,-2.483,-2.530,-2.686,-2.975,-3.406,-4.152,-5.651,-8.698,-15.545,-24.401,-12.016,-8.032,-6.164,-5.119,-4.398,-3.888,-3.561,-3.329,-3.121,-2.974,-2.945,-3.002,-3.060,-3.080,-3.070,-3.027,-2.938,-2.829,-2.739,-2.664,-2.582,-2.499,-2.441,-2.403,-2.364,-2.324,-2.304,-2.307,-2.313,-2.321,-2.349,-2.409,-2.486,-2.574,-2.692,-2.855,-3.050,-3.257,-3.470,-3.684,-3.865,-3.970,-3.993,-3.974,-3.946,-3.922,-3.914,-3.950,-4.044,-4.180,-4.328,-4.484,-4.663,-4.864,-5.061,-5.242,-5.432,-5.657,-5.904,-6.154,-6.428,-6.771,-7.176,-7.586,-7.949,-8.226,-8.328,-8.184,-7.887,-7.644,-7.601,-7.795,-8.226,-8.876,-9.618,-10.107,-9.981,-9.274,-8.328
478,5.1419,0.4835,3.7096,1.4694,0.6931,9.0000,-1.754,-1.723,-1.720,-1.776,-1.822,-1.804,-1.780,-1.814,-1.868,-1.870,-1.837,-1.849,-1.909,-1.942,-1.931,-1.949,-2.040,-2.156,-2.256,-2.398,-2.682,-3.139,-3.779,-4.707,-6.104,-7.902,-9.090,-8.366,-6.682,-5.191,-4.084,-3.301,-2.786,-2.448,-2.168,-1.917,-1.774,-1.766,-1.793,-1.816,-2.051,-2.807,-4.079,-5.004,-4.379,-2.952,-1.891,-1.383,-1.160,-0.974,-0.795,-0.694,-0.655,-0.605,-0.533,-0.485,-0.472,-0.453,-0.415,-0.387,-0.382,-0.377,-0.357,-0.340,-0.341,-0.345,-0.338,-0.331,-0.337,-0.349,-0.354,-0.358,-0.372,-0.393,-0.410,-0.427,-0.452,-0.486,-0.520,-0.555,-0.599,-0.655,-0.715,-0.781,-0.860,-0.955,-1.066,-1.192,-1.342,-1.525,-1.744,-2.009,-2.333,-2.735,-3.240,-3.874,-4.672,-5.674,-6.915,-8.407,-10.120,-12.092,-14.786,-19.806,-24.420,-15.201,-10.035,-6.969,-5.022,-3.736,-2.851,-2.221,-1.768,-1.441,-1.197,-1.008,-0.867,-0.766,-0.692,-0.639,-0.608,-0.599,-0.610,-0.641,-0.699,-0.793,-0.931,-1.133,-1.439,-1.902,-2.617,-3.776,-5.733,-9.101,-14.513,-14.732,-9.844,-6.899,-5.215,-4.183,-3.503,-3.051,-2.763,-2.571,-2.428,-2.330,-2.277,-2.246,-2.211,-2.175,-2.148,-2.113,-2.051,-1.968,-1.883,-1.792,-1.685,-1.574,-1.482,-1.413,-1.353,-1.309,-1.299,-1.327,-1.380,-1.459,-1.585,-1.767,-1.982,-2.196,-2.394,-2.572,-2.724,-2.863,-3.028,-3.256,-3.541,-3.862,-4.228,-4.666,-5.178,-5.727,-6.276,-6.816,-7.324,-7.744,-8.012,-8.124,-8.149,-8.165,-8.176,-8.131,-8.011,-7.868,-7.735,-7.566,-7.327,-7.082,-6.896,-6.740,-6.554
482,4.8666,0.6327,3.2497,1.4699,0.8599,4.2000,-3.180,-2.885,-2.638,-2.444,-2.271,-2.137,-2.020,-1.917,-1.836,-1.754,-1.692,-1.629,-1.572,-1.525,-1.472,-1.432,-1.386,-1.346,-1.309,-1.267,-1.235,-1.195,-1.163,-1.129,-1.094,-1.066,-1.030,-1.003,-0.972,-0.944,-0.920,-0.890,-0.871,-0.845,-0.828,-0.812,-0.796,-0.794,-0.785,-0.800,-0.821,-0.871,-0.976,-1.075,-1.199,-1.244,-1.172,-1.230,-1.507,-2.016,-2.920,-4.197,-4.652,-3.478,-2.207,-1.442,-0.995,-0.738,-0.571,-0.461,-0.386,-0.328,-0.288,-0.253,-0.228,-0.208,-0.191,-0.181,-0.171,-0.168,-0.168,-0.166,-0.156,-0.140,-0.131,-0.125,-0.123,-0.122,-0.123,-0.126,-0.128,-0.133,-0.138,-0.144,-0.151,-0.159,-0.168,-0.178,-0.189,-0.201,-0.214,-0.228,-0.243,-0.260,-0.278,-0.297,-0.318,-0.340,-0.364,-0.389,-0.417,-0.446,-0.478,-0.512,-0.548,-0.588,-0.629,-0.675,-0.723,-0.775,-0.830,-0.887,-0.948,-1.009,-1.070,-1.129,-1.182,-1.231,-1.271,-1.305,-1.335,-1.362,-1.392,-1.429,-1.478,-1.541,-1.624,-1.732,-1.867,-2.041,-2.258,-2.527,-2.829,-3.071,-2.987,-2.371,-1.666,-1.349,-1.403,-1.673,-2.084,-2.548,-2.977,-3.396,-3.930,-4.677,-5.698,-7.064,-8.733,-10.229,-10.297,-8.677,-6.676,-5.016,-3.794,-2.924,-2.317,-1.894,-1.601,-1.400,-1.263,-1.175,-1.121,-1.094,-1.088,-1.097,-1.122,-1.156,-1.201,-1.256,-1.318,-1.389,-1.468,-1.556,-1.652,-1.758,-1.874,-2.001,-2.141,-2.294,-2.463,-2.650,-2.857,-3.089,-3.347,-3.639,-3.968,-4.343,-4.774,-5.272,-5.855,-6.542,-7.363,-8.360,-9.589,-11.151,-13.199,-16.068,-20.590,-30.440,-27.719
486,5.5931,0.5518,4.0782,1.6424,1.2611,4.6000,-1.534,-1.523,-1.478,-1.414,-1.423,-1.359,-1.335,-1.333,-1.267,-1.274,-1.244,-1.198,-1.215,-1.160,-1.149,-1.151,-1.095,-1.117,-1.094,-1.069,-1.116,-1.088,-1.142,-1.234,-1.313,-1.645,-2.168,-3.477,-6.781,-8.301,-4.791,-2.815,-2.050,-1.661,-1.488,-1.519,-1.698,-2.216,-3.454,-4.367,-3.244,-1.928,-1.353,-1.102,-0.979,-0.837,-0.660,-0.588,-0.533,-0.481,-0.469,-0.443,-0.442,-0.458,-0.488,-0.579,-0.741,-1.028,-1.227,-1.032,-0.716,-0.523,-0.405,-0.341,-0.302,-0.271,-0.259,-0.245,-0.240,-0.240,-0.238,-0.246,-0.253,-0.264,-0.282,-0.298,-0.324,-0.354,-0.389,-0.436,-0.490,-0.559,-0.647,-0.756,-0.901,-1.087,-1.329,-1.639,-1.990,-2.303,-2.399,-2.175,-1.765,-1.361,-1.060,-0.864,-0.746,-0.687,-0.665,-0.674,-0.708,-0.760,-0.834,-0.927,-1.040,-1.181,-1.349,-1.555,-1.810,-2.124,-2.524,-3.035,-3.701,-4.595,-5.813,-7.526,-9.973,-13.248,-15.225,-12.509,-9.169,-6.752,-5.101,-3.979,-3.217,-2.720,-2.416,-2.266,-2.258,-2.372,-2.596,-2.862,-3.021,-3.083,-3.443,-4.803,-7.496,-8.630,-6.140,-4.006,-2.769,-2.042,-1.608,-1.333,-1.154,-1.041,-0.966,-0.923,-0.902,-0.895,-0.905,-0.922,-0.951,-0.988,-1.032,-1.086,-1.145,-1.213,-1.290,-1.372,-1.467,-1.570,-1.683,-1.810,-1.948,-2.103,-2.276,-2.466,-2.682,-2.923,-3.195,-3.506,-3.859,-4.268,-4.743,-5.295,-5.946,-6.702,-7.556,-8.447,-9.189,-9.597,-9.671,-9.612,-9.590,-9.610,-9.625,-9.595,-9.481,-9.290,-9.054,-8.785,-8.523,-8.293,-8.099,-7.965,-7.898,-7.892,-7.971,-8.129,-8.368
490,4.8493,0.4789,3.1882,1.8684,0.8187,4.0000,-3.016,-2.766,-2.552,-2.371,-2.229,-2.102,-2.003,-1.915,-1.839,-1.778,-1.717,-1.670,-1.622,-1.580,-1.543,-1.503,-1.472,-1.435,-1.404,-1.373,-1.339,-1.313,-1.279,-1.252,-1.222,-1.191,-1.166,-1.133,-1.110,-1.080,-1.055,-1.032,-1.004,-0.988,-0.963,-0.951,-0.938,-0.931,-0.942,-0.957,-1.023,-1.133,-1.394,-1.706,-1.579,-1.216,-1.026,-0.959,-0.969,-1.042,-1.173,-1.406,-1.790,-2.419,-3.334,-4.067,-3.673,-2.584,-1.718,-1.179,-0.853,-0.652,-0.516,-0.427,-0.359,-0.312,-0.274,-0.245,-0.223,-0.204,-0.192,-0.180,-0.169,-0.160,-0.153,-0.149,-0.145,-0.144,-0.144,-0.144,-0.147,-0.150,-0.155,-0.160,-0.167,-0.174,-0.183,-0.193,-0.204,-0.217,-0.230,-0.245,-0.261,-0.278,-0.297,-0.317,-0.339,-0.362,-0.388,-0.415,-0.443,-0.475,-0.508,-0.544,-0.583,-0.624,-0.669,-0.716,-0.767,-0.821,-0.880,-0.942,-1.007,-1.075,-1.145,-1.217,-1.287,-1.354,-1.416,-1.471,-1.519,-1.558,-1.593,-1.625,-1.661,-1.707,-1.766,-1.848,-1.956,-2.100,-2.286,-2.520,-2.800,-3.060,-3.115,-2.671,-1.938,-1.487,-1.456,-1.688,-2.089,-2.637,-3.348,-4.241,-5.249,-6.136,-6.607,-6.698,-6.674,-6.646,-6.524,-6.153,-5.499,-4.680,-3.861,-3.147,-2.575,-2.140,-1.818,-1.587,-1.425,-1.316,-1.248,-1.209,-1.196,-1.202,-1.223,-1.258,-1.305,-1.362,-1.428,-1.504,-1.589,-1.683,-1.786,-1.899,-2.022,-2.157,-2.304,-2.464,-2.640,-2.832,-3.043,-3.276,-3.534,-3.821,-4.141,-4.499,-4.905,-5.366,-5.895,-6.508,-7.223,-8.070,-9.086,-10.330,-11.891,-13.924,-16.744,-21.140,-30.724
494,4.8144,0.4623,3.5377,1.4042,1.2130,5.6000,-2.225,-2.164,-2.081,-2.033,-1.985,-1.924,-1.899,-1.851,-1.813,-1.795,-1.749,-1.734,-1.714,-1.684,-1.691,-1.680,-1.692,-1.740,-1.788,-1.920,-2.129,-2.476,-3.165,-4.426,-7.022,-12.599,-14.344,-8.318,-5.315,-3.797,-2.913,-2.371,-2.031,-1.770,-1.600,-1.484,-1.381,-1.356,-1.347,-1.401,-1.602,-1.933,-2.711,-3.690,-3.638,-2.998,-2.379,-1.610,-1.091,-0.875,-0.698,-0.597,-0.530,-0.456,-0.421,-0.376,-0.339,-0.318,-0.283,-0.265,-0.244,-0.222,-0.213,-0.193,-0.180,-0.166,-0.149,-0.143,-0.130,-0.122,-0.117,-0.107,-0.105,-0.098,-0.094,-0.093,-0.088,-0.089,-0.088,-0.087,-0.091,-0.091,-0.095,-0.099,-0.102,-0.111,-0.116,-0.125,-0.135,-0.145,-0.159,-0.172,-0.188,-0.208,-0.227,-0.252,-0.278,-0.308,-0.345,-0.384,-0.433,-0.488,-0.552,-0.629,-0.716,-0.820,-0.939,-1.071,-1.215,-1.358,-1.491,-1.599,-1.669,-1.705,-1.709,-1.697,-1.683,-1.674,-1.684,-1.713,-1.769,-1.856,-1.978,-2.147,-2.370,-2.668,-3.069,-3.606,-4.352,-5.390,-6.841,-8.692,-10.034,-9.041,-6.728,-5.088,-4.524,-4.982,-6.484,-8.067,-7.370,-5.559,-4.147,-3.192,-2.572,-2.151,-1.860,-1.664,-1.519,-1.425,-1.361,-1.319,-1.304,-1.297,-1.309,-1.334,-1.366,-1.417,-1.473,-1.544,-1.630,-1.725,-1.844,-1.975,-2.125,-2.288,-2.428,-2.511,-2.458,-2.273,-2.070,-1.944,-1.932,-2.000,-2.119,-2.283,-2.467,-2.680,-2.923,-3.184,-3.490,-3.832,-4.223,-4.693,-5.236,-5.905,-6.727,-7.736,-9.029,-10.636,-12.625,-15.022,-17.444,-19.204,-19.411,-18.617,-17.709,-16.806,-16.074,-15.355,-14.546
498,5.1588,0.5853,3.0017,0.7807,0.6823,3.8000,-2.221,-2.044,-1.903,-1.797,-1.699,-1.628,-1.560,-1.503,-1.457,-1.407,-1.373,-1.331,-1.299,-1.267,-1.232,-1.208,-1.173,-1.149,-1.120,-1.092,-1.069,-1.038,-1.017,-0.988,-0.965,-0.941,-0.913,-0.896,-0.867,-0.850,-0.827,-0.806,-0.794,-0.771,-0.768,-0.754,-0.761,-0.777,-0.811,-0.921,-1.112,-1.596,-1.956,-1.511,-0.987,-0.768,-0.637,-0.580,-0.544,-0.522,-0.524,-0.527,-0.553,-0.536,-0.450,-0.364,-0.323,-0.308,-0.298,-0.298,-0.296,-0.300,-0.307,-0.316,-0.334,-0.356,-0.385,-0.394,-0.367,-0.328,-0.302,-0.292,-0.289,-0.293,-0.299,-0.308,-0.319,-0.330,-0.345,-0.360,-0.376,-0.395,-0.414,-0.435,-0.458,-0.483,-0.509,-0.537,-0.568,-0.600,-0.636,-0.673,-0.713,-0.756,-0.802,-0.851,-0.904,-0.961,-1.022,-1.087,-1.158,-1.233,-1.315,-1.403,-1.499,-1.602,-1.714,-1.835,-1.965,-2.106,-2.258,-2.421,-2.594,-2.777,-2.968,-3.165,-3.365,-3.564,-3.760,-3.953,-4.144,-4.337,-4.541,-4.764,-5.014,-5.291,-5.577,-5.817,-5.910,-5.713,-5.138,-4.259,-3.295,-2.465,-1.899,-1.640,-1.695,-2.082,-2.877,-4.261,-6.587,-10.276,-12.834,-9.413,-6.099,-4.079,-2.867,-2.127,-1.666,-1.378,-1.199,-1.091,-1.030,-0.999,-0.989,-0.991,-1.003,-1.021,-1.045,-1.077,-1.115,-1.162,-1.216,-1.278,-1.350,-1.429,-1.518,-1.615,-1.722,-1.840,-1.968,-2.108,-2.261,-2.430,-2.614,-2.817,-3.042,-3.290,-3.567,-3.875,-4.222,-4.612,-5.054,-5.560,-6.138,-6.809,-7.589,-8.509,-9.610,-10.941,-12.607,-14.749,-17.704,-22.309,-32.745,-30.363,-21.731,-17.609,-14.966,-13.076,-11.645
502,5.4173,0.4528,4.2157,1.9043,0.8785,7.2000,-2.200,-2.259,-2.309,-2.315,-2.379,-2.467,-2.515,-2.605,-2.758,-2.898,-3.069,-3.338,-3.644,-3.955,-4.319,-4.683,-4.901,-4.929,-4.827,-4.611,-4.285,-3.963,-3.740,-3.561,-3.434,-3.504,-3.805,-4.418,-5.882,-8.790,-10.663,-7.610,-4.861,-3.407,-2.618,-2.112,-1.782,-1.558,-1.380,-1.240,-1.130,-1.039,-0.957,-0.887,-0.835,-0.788,-0.753,-0.784,-0.854,-0.833,-0.714,-0.620,-0.582,-0.546,-0.516,-0.503,-0.492,-0.483,-0.490,-0.509,-0.542,-0.612,-0.732,-0.843,-0.831,-0.692,-0.561,-0.502,-0.474,-0.462,-0.484,-0.523,-0.585,-0.709,-0.876,-0.996,-1.011,-0.960,-0.926,-0.938,-0.974,-1.032,-1.126,-1.244,-1.388,-1.580,-1.822,-2.123,-2.520,-3.045,-3.735,-4.682,-6.013,-7.900,-10.642,-14.372,-15.961,-12.533,-9.184,-6.880,-5.308,-4.198,-3.411,-2.854,-2.443,-2.139,-1.930,-1.779,-1.669,-1.614,-1.592,-1.592,-1.634,-1.707,-1.794,-1.919,-2.068,-2.199,-2.317,-2.380,-2.316,-2.152,-1.917,-1.625,-1.364,-1.167,-0.994,-0.884,-0.848,-0.819,-0.836,-0.941,-1.055,-1.243,-1.645,-2.234,-3.354,-6.139,-10.722,-8.342,-4.874,-3.654,-3.506,-3.573,-3.737,-3.833,-3.574,-3.175,-2.815,-2.452,-2.187,-2.048,-1.932,-1.863,-1.880,-1.900,-1.933,-2.033,-2.134,-2.232,-2.387,-2.548,-2.693,-2.887,-3.094,-3.278,-3.510,-3.785,-4.060,-4.404,-4.836,-5.277,-5.743,-6.262,-6.726,-7.093,-7.415,-7.626,-7.649,-7.579,-7.447,-7.190,-6.877,-6.598,-6.289,-5.955,-5.689,-5.447,-5.184,-4.985,-4.834,-4.661,-4.533,-4.469,-4.382,-4.323,-4.337,-4.334,-4.341,-4.431,-4.516
506,5.3286,0.6531,3.7289,1.5874,0.6307,5.6000,-1.975,-1.895,-1.819,-1.759,-1.695,-1.643,-1.590,-1.540,-1.497,-1.448,-1.409,-1.365,-1.325,-1.287,-1.246,-1.212,-1.172,-1.139,-1.104,-1.070,-1.041,-1.007,-0.982,-0.953,-0.930,-0.910,-0.891,-0.883,-0.874,-0.884,-0.901,-0.945,-1.027,-1.168,-1.460,-2.015,-3.248,-4.663,-4.461,-4.343,-5.757,-6.476,-4.526,-2.836,-2.368,-2.203,-1.613,-1.105,-0.861,-0.695,-0.596,-0.529,-0.479,-0.460,-0.453,-0.484,-0.570,-0.750,-1.072,-1.223,-0.951,-0.625,-0.442,-0.329,-0.267,-0.224,-0.194,-0.175,-0.157,-0.148,-0.138,-0.132,-0.129,-0.126,-0.127,-0.127,-0.131,-0.135,-0.141,-0.150,-0.159,-0.172,-0.185,-0.202,-0.222,-0.244,-0.270,-0.300,-0.336,-0.377,-0.425,-0.481,-0.547,-0.625,-0.715,-0.821,-0.939,-1.065,-1.190,-1.293,-1.355,-1.362,-1.317,-1.241,-1.157,-1.085,-1.032,-1.005,-1.000,-1.018,-1.058,-1.117,-1.199,-1.302,-1.431,-1.589,-1.782,-2.019,-2.312,-2.679,-3.146,-3.749,-4.550,-5.635,-7.149,-9.285,-12.059,-13.633,-11.232,-8.025,-5.675,-4.163,-3.279,-2.891,-2.831,-2.884,-3.198,-4.222,-6.451,-11.072,-23.463,-13.659,-7.888,-5.134,-3.590,-2.650,-2.048,-1.651,-1.380,-1.196,-1.071,-0.988,-0.938,-0.911,-0.907,-0.917,-0.943,-0.982,-1.033,-1.096,-1.169,-1.255,-1.352,-1.461,-1.585,-1.721,-1.874,-2.042,-2.230,-2.438,-2.666,-2.922,-3.201,-3.512,-3.854,-4.229,-4.642,-5.090,-5.576,-6.093,-6.633,-7.185,-7.719,-8.216,-8.634,-8.944,-9.135,-9.191,-9.141,-9.006,-8.815,-8.610,-8.399,-8.210,-8.048,-7.903,-7.777,-7.637,-7.481,-7.305,-7.125
510,5.5595,0.4486,3.6038,0.6754,1.0930,6.8000,-1.804,-1.824,-1.816,-1.804,-1.828,-1.815,-1.823,-1.849,-1.848,-1.886,-1.930,-1.971,-2.070,-2.183,-2.346,-2.620,-2.994,-3.590,-4.571,-6.140,-8.758,-12.252,-11.800,-8.185,-5.646,-4.134,-3.200,-2.737,-2.572,-2.277,-1.845,-1.537,-1.329,-1.173,-1.065,-0.964,-0.893,-0.833,-0.772,-0.741,-0.701,-0.676,-0.683,-0.685,-0.787,-0.927,-0.838,-0.637,-0.544,-0.516,-0.504,-0.506,-0.526,-0.569,-0.636,-0.800,-0.970,-0.882,-0.670,-0.600,-0.613,-0.638,-0.705,-0.787,-0.889,-1.033,-1.208,-1.440,-1.748,-2.142,-2.665,-3.331,-4.137,-5.044,-5.887,-6.460,-6.638,-6.465,-6.142,-5.807,-5.538,-5.377,-5.317,-5.369,-5.537,-5.817,-6.238,-6.821,-7.599,-8.657,-10.095,-12.124,-15.234,-20.849,-40.298,-20.398,-14.304,-10.762,-8.332,-6.557,-5.205,-4.163,-3.354,-2.713,-2.211,-1.815,-1.496,-1.249,-1.052,-0.896,-0.783,-0.696,-0.640,-0.617,-0.618,-0.659,-0.742,-0.869,-1.063,-1.304,-1.555,-1.747,-1.786,-1.697,-1.540,-1.370,-1.248,-1.156,-1.104,-1.108,-1.129,-1.215,-1.364,-1.572,-1.984,-2.664,-4.030,-6.966,-9.092,-6.601,-4.940,-4.657,-4.819,-5.129,-5.269,-4.994,-4.543,-4.016,-3.555,-3.232,-2.974,-2.817,-2.733,-2.676,-2.687,-2.722,-2.776,-2.878,-2.980,-3.108,-3.266,-3.414,-3.593,-3.781,-3.957,-4.160,-4.346,-4.516,-4.696,-4.833,-4.950,-5.056,-5.109,-5.155,-5.196,-5.214,-5.267,-5.344,-5.428,-5.563,-5.701,-5.834,-5.996,-6.133,-6.277,-6.448,-6.599,-6.790,-7.009,-7.225,-7.511,-7.810,-8.130,-8.524,-8.893,-9.300,-9.712,-10.030,-10.335,-10.469,-10.449
514,5.0254,0.9687,2.8002,1.7428,0.7283,5.2000,-3.033,-3.287,-3.464,-3.579,-3.608,-3.546,-3.445,-3.291,-3.121,-2.953,-2.772,-2.614,-2.457,-2.310,-2.184,-2.052,-1.945,-1.837,-1.738,-1.653,-1.561,-1.491,-1.412,-1.345,-1.283,-1.216,-1.168,-1.107,-1.062,-1.015,-0.968,-0.937,-0.892,-0.869,-0.837,-0.817,-0.810,-0.799,-0.830,-0.861,-0.969,-1.165,-1.557,-2.286,-2.668,-2.354,-1.774,-1.146,-0.777,-0.610,-0.486,-0.423,-0.366,-0.326,-0.297,-0.265,-0.247,-0.222,-0.206,-0.189,-0.173,-0.162,-0.147,-0.138,-0.127,-0.118,-0.112,-0.102,-0.094,-0.083,-0.078,-0.071,-0.065,-0.061,-0.056,-0.054,-0.049,-0.047,-0.045,-0.043,-0.043,-0.041,-0.041,-0.041,-0.041,-0.042,-0.042,-0.045,-0.045,-0.048,-0.050,-0.052,-0.055,-0.057,-0.061,-0.066,-0.074,-0.086,-0.104,-0.131,-0.160,-0.192,-0.220,-0.246,-0.268,-0.288,-0.309,-0.327,-0.348,-0.370,-0.392,-0.418,-0.443,-0.472,-0.503,-0.537,-0.574,-0.614,-0.659,-0.707,-0.763,-0.824,-0.893,-0.972,-1.059,-1.161,-1.268,-1.384,-1.494,-1.587,-1.661,-1.733,-1.862,-2.064,-2.315,-2.303,-1.778,-1.258,-1.090,-1.132,-1.272,-1.471,-1.709,-1.999,-2.343,-2.765,-3.290,-3.956,-4.827,-5.980,-7.546,-9.635,-12.031,-12.927,-10.844,-8.103,-5.931,-4.374,-3.281,-2.522,-1.994,-1.630,-1.381,-1.214,-1.108,-1.045,-1.018,-1.017,-1.038,-1.079,-1.134,-1.206,-1.291,-1.390,-1.504,-1.631,-1.775,-1.936,-2.115,-2.316,-2.538,-2.787,-3.064,-3.372,-3.715,-4.095,-4.520,-4.990,-5.515,-6.098,-6.742,-7.452,-8.218,-9.032,-9.858,-10.638,-11.290,-11.704,-11.808,-11.595,-11.129
518,5.4965,0.6623,3.6864,1.4421,0.7888,7.0000,-1.970,-1.967,-1.931,-1.913,-1.914,-1.885,-1.861,-1.862,-1.845,-1.822,-1.828,-1.828,-1.820,-1.841,-1.874,-1.905,-1.970,-2.074,-2.203,-2.396,-2.688,-3.097,-3.693,-4.588,-5.891,-7.667,-9.530,-9.943,-8.392,-6.512,-5.089,-4.094,-3.302,-2.614,-2.103,-1.783,-1.549,-1.347,-1.201,-1.088,-0.977,-0.891,-0.829,-0.763,-0.708,-0.690,-0.695,-0.689,-0.643,-0.571,-0.528,-0.514,-0.489,-0.469,-0.475,-0.473,-0.475,-0.517,-0.568,-0.656,-0.865,-1.058,-0.975,-0.711,-0.536,-0.482,-0.462,-0.463,-0.491,-0.526,-0.574,-0.643,-0.726,-0.833,-0.975,-1.153,-1.385,-1.693,-2.090,-2.606,-3.267,-4.064,-4.956,-5.826,-6.467,-6.737,-6.662,-6.371,-6.027,-5.729,-5.502,-5.368,-5.342,-5.407,-5.573,-5.862,-6.272,-6.826,-7.573,-8.528,-9.696,-11.030,-12.119,-12.180,-10.937,-9.036,-7.184,-5.631,-4.376,-3.396,-2.651,-2.074,-1.630,-1.301,-1.049,-0.849,-0.708,-0.605,-0.520,-0.469,-0.444,-0.423,-0.426,-0.456,-0.488,-0.544,-0.638,-0.730,-0.820,-0.904,-0.901,-0.847,-0.852,-0.894,-0.987,-1.257,-1.688,-2.408,-4.137,-7.408,-8.385,-5.500,-3.795,-3.302,-3.179,-3.170,-3.327,-3.434,-3.408,-3.365,-3.234,-3.013,-2.838,-2.680,-2.510,-2.410,-2.359,-2.303,-2.299,-2.349,-2.391,-2.467,-2.600,-2.730,-2.879,-3.089,-3.307,-3.531,-3.818,-4.126,-4.423,-4.770,-5.145,-5.480,-5.816,-6.162,-6.421,-6.594,-6.727,-6.749,-6.628,-6.449,-6.213,-5.872,-5.498,-5.141,-4.748,-4.343,-3.999,-3.684,-3.388,-3.187,-3.082,-3.022,-3.048,-3.166,-3.293,-3.436,-3.642,-3.835,-4.011
522,5.5644,0.5297,3.2222,0.8892,0.8253,5.8000,-1.855,-1.804,-1.746,-1.694,-1.655,-1.605,-1.566,-1.531,-1.485,-1.455,-1.417,-1.377,-1.350,-1.308,-1.275,-1.246,-1.203,-1.178,-1.143,-1.106,-1.084,-1.045,-1.017,-0.995,-0.958,-0.943,-0.919,-0.894,-0.894,-0.875,-0.884,-0.914,-0.946,-1.073,-1.273,-1.708,-2.495,-2.702,-1.921,-1.252,-0.989,-0.934,-0.975,-0.868,-0.653,-0.553,-0.494,-0.443,-0.437,-0.421,-0.426,-0.459,-0.494,-0.597,-0.771,-1.088,-1.636,-1.933,-1.537,-0.982,-0.660,-0.482,-0.374,-0.316,-0.273,-0.246,-0.231,-0.217,-0.211,-0.208,-0.205,-0.209,-0.212,-0.218,-0.228,-0.237,-0.250,-0.265,-0.282,-0.302,-0.324,-0.349,-0.378,-0.409,-0.444,-0.484,-0.527,-0.576,-0.631,-0.692,-0.761,-0.838,-0.926,-1.025,-1.136,-1.264,-1.409,-1.576,-1.771,-1.995,-2.257,-2.565,-2.926,-3.355,-3.864,-4.468,-5.188,-6.035,-7.020,-8.134,-9.315,-10.438,-11.279,-11.629,-11.491,-11.041,-10.526,-10.078,-9.754,-9.564,-9.434,-9.271,-8.923,-8.263,-7.322,-6.215,-5.123,-4.162,-3.369,-2.772,-2.342,-2.064,-1.952,-1.996,-2.277,-2.961,-4.410,-7.787,-14.760,-10.081,-5.340,-3.309,-2.334,-1.800,-1.508,-1.318,-1.208,-1.159,-1.130,-1.141,-1.169,-1.208,-1.274,-1.343,-1.429,-1.533,-1.637,-1.766,-1.904,-2.050,-2.222,-2.399,-2.596,-2.817,-3.044,-3.302,-3.578,-3.869,-4.196,-4.539,-4.906,-5.312,-5.731,-6.184,-6.668,-7.152,-7.658,-8.149,-8.589,-8.993,-9.303,-9.519,-9.672,-9.722,-9.725,-9.701,-9.626,-9.572,-9.519,-9.464,-9.468,-9.475,-9.522,-9.632,-9.745,-9.932,-10.155,-10.392,-10.709,-11.007,-11.328
526,5.1244,0.6805,3.3837,1.0205,0.7101,5.4000,-2.399,-2.255,-2.146,-2.037,-1.945,-1.865,-1.782,-1.720,-1.649,-1.590,-1.535,-1.475,-1.431,-1.374,-1.330,-1.284,-1.235,-1.198,-1.148,-1.114,-1.071,-1.031,-0.998,-0.955,-0.928,-0.889,-0.860,-0.831,-0.797,-0.778,-0.745,-0.730,-0.709,-0.692,-0.689,-0.674,-0.692,-0.699,-0.743,-0.814,-0.927,-1.135,-1.418,-2.106,-2.606,-2.432,-2.973,-3.514,-2.547,-1.567,-1.040,-0.737,-0.581,-0.466,-0.406,-0.359,-0.333,-0.330,-0.337,-0.392,-0.488,-0.681,-0.859,-0.768,-0.523,-0.349,-0.253,-0.193,-0.160,-0.136,-0.120,-0.111,-0.102,-0.099,-0.095,-0.095,-0.095,-0.096,-0.100,-0.104,-0.110,-0.116,-0.124,-0.133,-0.142,-0.155,-0.167,-0.181,-0.197,-0.214,-0.234,-0.254,-0.277,-0.302,-0.329,-0.360,-0.393,-0.430,-0.470,-0.515,-0.564,-0.619,-0.682,-0.750,-0.829,-0.916,-1.016,-1.129,-1.256,-1.400,-1.560,-1.736,-1.921,-2.109,-2.285,-2.433,-2.542,-2.603,-2.627,-2.631,-2.638,-2.669,-2.741,-2.870,-3.071,-3.362,-3.767,-4.318,-5.052,-5.976,-6.945,-7.399,-6.628,-5.034,-3.600,-2.741,-2.453,-2.654,-3.317,-4.459,-6.156,-8.816,-13.803,-29.016,-15.794,-9.651,-6.544,-4.680,-3.482,-2.684,-2.136,-1.756,-1.489,-1.301,-1.172,-1.084,-1.031,-1.003,-0.996,-1.008,-1.033,-1.075,-1.127,-1.194,-1.272,-1.361,-1.464,-1.579,-1.709,-1.853,-2.014,-2.193,-2.390,-2.611,-2.853,-3.124,-3.423,-3.752,-4.120,-4.520,-4.964,-5.446,-5.965,-6.522,-7.095,-7.677,-8.234,-8.727,-9.129,-9.382,-9.487,-9.441,-9.259,-9.004,-8.690,-8.368,-8.061,-7.775,-7.544,-7.353,-7.224
530,4.9144,0.4393,2.6143,1.3325,0.6147,5.2000,-2.592,-2.505,-2.411,-2.334,-2.255,-2.183,-2.122,-2.055,-2.004,-1.947,-1.897,-1.851,-1.799,-1.759,-1.710,-1.667,-1.625,-1.577,-1.540,-1.492,-1.452,-1.409,-1.364,-1.327,-1.280,-1.244,-1.202,-1.162,-1.128,-1.085,-1.058,-1.020,-0.994,-0.971,-0.945,-0.942,-0.930,-0.956,-0.997,-1.095,-1.311,-1.712,-2.479,-2.812,-2.125,-1.485,-1.085,-0.779,-0.636,-0.536,-0.470,-0.427,-0.383,-0.359,-0.328,-0.309,-0.289,-0.271,-0.260,-0.244,-0.237,-0.228,-0.223,-0.220,-0.218,-0.224,-0.233,-0.253,-0.280,-0.314,-0.337,-0.311,-0.248,-0.186,-0.146,-0.123,-0.109,-0.104,-0.100,-0.101,-0.103,-0.106,-0.112,-0.117,-0.125,-0.132,-0.142,-0.152,-0.162,-0.175,-0.188,-0.203,-0.218,-0.235,-0.254,-0.273,-0.295,-0.317,-0.343,-0.369,-0.398,-0.429,-0.462,-0.499,-0.538,-0.581,-0.628,-0.679,-0.735,-0.797,-0.865,-0.941,-1.025,-1.120,-1.227,-1.349,-1.486,-1.646,-1.829,-2.040,-2.285,-2.566,-2.883,-3.228,-3.583,-3.911,-4.173,-4.349,-4.460,-4.576,-4.772,-5.089,-5.434,-5.456,-4.712,-3.474,-2.477,-2.006,-1.982,-2.296,-2.911,-3.872,-5.321,-7.564,-11.324,-18.741,-18.875,-11.313,-7.496,-5.241,-3.809,-2.863,-2.223,-1.784,-1.479,-1.268,-1.123,-1.027,-0.967,-0.936,-0.928,-0.937,-0.963,-1.003,-1.054,-1.119,-1.192,-1.279,-1.375,-1.482,-1.601,-1.731,-1.875,-2.030,-2.203,-2.391,-2.596,-2.824,-3.070,-3.344,-3.643,-3.971,-4.332,-4.722,-5.153,-5.615,-6.114,-6.645,-7.198,-7.769,-8.327,-8.856,-9.318,-9.668,-9.891,-9.950,-9.864,-9.655,-9.344,-8.991,-8.607
534,5.4111,0.4060,3.4844,1.8626,1.0496,4.4000,-1.890,-1.813,-1.744,-1.694,-1.641,-1.603,-1.565,-1.530,-1.503,-1.471,-1.448,-1.420,-1.395,-1.373,-1.346,-1.327,-1.300,-1.278,-1.255,-1.230,-1.210,-1.184,-1.163,-1.139,-1.117,-1.098,-1.074,-1.059,-1.040,-1.027,-1.017,-1.011,-1.017,-1.029,-1.064,-1.123,-1.235,-1.437,-1.764,-2.332,-3.532,-5.406,-5.209,-3.341,-2.749,-2.593,-1.845,-1.242,-0.956,-0.767,-0.662,-0.580,-0.523,-0.481,-0.445,-0.426,-0.410,-0.413,-0.437,-0.495,-0.583,-0.589,-0.491,-0.392,-0.331,-0.291,-0.266,-0.249,-0.237,-0.230,-0.224,-0.222,-0.222,-0.223,-0.227,-0.233,-0.241,-0.250,-0.263,-0.277,-0.294,-0.314,-0.336,-0.363,-0.392,-0.426,-0.465,-0.509,-0.559,-0.615,-0.680,-0.753,-0.837,-0.932,-1.040,-1.164,-1.303,-1.459,-1.632,-1.818,-2.012,-2.204,-2.377,-2.513,-2.594,-2.608,-2.557,-2.452,-2.317,-2.171,-2.034,-1.915,-1.823,-1.761,-1.730,-1.732,-1.767,-1.837,-1.946,-2.099,-2.307,-2.579,-2.939,-3.412,-4.036,-4.862,-5.921,-7.142,-8.039,-7.716,-6.183,-4.492,-3.252,-2.559,-2.361,-2.473,-2.816,-3.814,-6.192,-10.462,-11.674,-7.639,-4.933,-3.396,-2.485,-1.923,-1.555,-1.314,-1.150,-1.041,-0.970,-0.924,-0.902,-0.894,-0.902,-0.920,-0.946,-0.984,-1.027,-1.081,-1.140,-1.208,-1.284,-1.366,-1.460,-1.561,-1.674,-1.798,-1.934,-2.085,-2.250,-2.435,-2.639,-2.866,-3.121,-3.405,-3.727,-4.088,-4.501,-4.974,-5.516,-6.152,-6.896,-7.790,-8.875,-10.223,-11.948,-14.194,-17.219,-21.221,-24.805,-23.523,-20.567,-18.356,-16.826,-15.701,-14.848,-14.198,-13.688,-13.329,-13.087
538,5.4959,0.6044,3.3452,1.3158,0.6078,6.0000,-2.041,-1.988,-1.901,-1.861,-1.796,-1.742,-1.706,-1.640,-1.615,-1.558,-1.519,-1.486,-1.430,-1.409,-1.354,-1.325,-1.288,-1.241,-1.222,-1.168,-1.148,-1.109,-1.073,-1.055,-1.009,-1.001,-0.963,-0.947,-0.938,-0.911,-0.932,-0.920,-0.965,-1.021,-1.125,-1.377,-1.775,-2.630,-3.178,-2.542,-1.837,-1.759,-2.287,-2.499,-2.127,-1.843,-1.363,-0.914,-0.737,-0.594,-0.531,-0.492,-0.461,-0.478,-0.495,-0.580,-0.734,-1.032,-1.508,-1.686,-1.298,-0.845,-0.591,-0.435,-0.347,-0.292,-0.249,-0.228,-0.204,-0.193,-0.183,-0.174,-0.173,-0.168,-0.171,-0.171,-0.174,-0.181,-0.185,-0.196,-0.204,-0.218,-0.232,-0.247,-0.267,-0.285,-0.311,-0.336,-0.365,-0.399,-0.434,-0.477,-0.522,-0.576,-0.634,-0.701,-0.778,-0.863,-0.964,-1.078,-1.211,-1.366,-1.547,-1.763,-2.015,-2.318,-2.677,-3.103,-3.607,-4.185,-4.832,-5.506,-6.146,-6.663,-6.988,-7.125,-7.138,-7.142,-7.227,-7.483,-7.978,-8.784,-9.986,-11.566,-13.104,-13.137,-11.156,-8.681,-6.604,-5.038,-3.906,-3.128,-2.625,-2.368,-2.359,-2.664,-3.495,-5.342,-9.613,-18.592,-10.439,-5.740,-3.604,-2.493,-1.863,-1.483,-1.243,-1.090,-0.992,-0.933,-0.903,-0.894,-0.903,-0.926,-0.963,-1.011,-1.071,-1.142,-1.224,-1.317,-1.424,-1.541,-1.674,-1.821,-1.984,-2.165,-2.365,-2.589,-2.834,-3.109,-3.413,-3.750,-4.125,-4.537,-4.989,-5.477,-5.992,-6.524,-7.045,-7.539,-7.976,-8.327,-8.587,-8.733,-8.782,-8.744,-8.631,-8.478,-8.288,-8.092,-7.898,-7.711,-7.553,-7.411,-7.304,-7.229,-7.183,-7.185,-7.213,-7.293,-7.412
542,5.4496,0.4243,2.8461,1.0319,0.6661,7.8000,-1.609,-1.622,-1.612,-1.609,-1.616,-1.600,-1.598,-1.595,-1.575,-1.573,-1.560,-1.539,-1.535,-1.515,-1.498,-1.492,-1.471,-1.464,-1.462,-1.453,-1.466,-1.485,-1.516,-1.585,-1.683,-1.846,-2.121,-2.583,-3.420,-5.048,-8.484,-14.220,-9.931,-5.565,-3.538,-2.467,-1.863,-1.522,-1.263,-1.110,-1.008,-0.903,-0.870,-0.831,-0.801,-0.848,-0.867,-0.981,-1.242,-1.659,-2.856,-4.448,-3.616,-1.905,-1.158,-0.864,-0.665,-0.606,-0.560,-0.525,-0.539,-0.534,-0.552,-0.589,-0.614,-0.671,-0.735,-0.807,-0.917,-1.041,-1.205,-1.431,-1.720,-2.137,-2.743,-3.661,-5.182,-7.837,-12.420,-12.514,-7.230,-4.180,-2.623,-1.841,-1.481,-1.359,-1.391,-1.546,-1.799,-2.154,-2.626,-3.219,-3.967,-4.901,-6.049,-7.485,-9.280,-11.566,-14.642,-19.131,-27.269,-27.683,-19.829,-15.491,-12.325,-9.644,-7.219,-5.124,-3.506,-2.418,-1.790,-1.467,-1.311,-1.250,-1.231,-1.230,-1.247,-1.263,-1.286,-1.315,-1.340,-1.375,-1.410,-1.445,-1.492,-1.538,-1.600,-1.704,-1.875,-2.219,-2.843,-3.889,-5.277,-5.647,-4.382,-3.189,-2.629,-2.419,-2.367,-2.385,-2.400,-2.403,-2.376,-2.312,-2.227,-2.119,-2.005,-1.897,-1.794,-1.711,-1.646,-1.599,-1.577,-1.571,-1.586,-1.621,-1.671,-1.741,-1.826,-1.924,-2.041,-2.168,-2.307,-2.459,-2.613,-2.777,-2.949,-3.129,-3.333,-3.560,-3.808,-4.083,-4.363,-4.643,-4.921,-5.170,-5.397,-5.593,-5.741,-5.854,-5.926,-5.949,-5.947,-5.912,-5.847,-5.779,-5.692,-5.598,-5.516,-5.426,-5.349,-5.288,-5.226,-5.189,-5.167,-5.149,-5.165,-5.191,-5.231,-5.310,-5.393
546,5.3629,0.5551,3.4985,1.4852,1.2490,8.2000,-1.594,-1.647,-1.684,-1.652,-1.596,-1.593,-1.639,-1.658,-1.608,-1.548,-1.546,-1.583,-1.578,-1.510,-1.448,-1.452,-1.480,-1.454,-1.372,-1.319,-1.337,-1.363,-1.320,-1.237,-1.212,-1.266,-1.308,-1.268,-1.222,-1.294,-1.484,-1.666,-1.819,-2.210,-3.259,-5.321,-8.066,-8.306,-5.562,-3.314,-2.102,-1.576,-1.327,-1.102,-0.885,-0.757,-0.716,-0.683,-0.613,-0.541,-0.512,-0.512,-0.497,-0.459,-0.430,-0.431,-0.439,-0.429,-0.411,-0.408,-0.424,-0.437,-0.438,-0.440,-0.460,-0.490,-0.515,-0.535,-0.566,-0.615,-0.671,-0.726,-0.788,-0.872,-0.979,-1.102,-1.242,-1.418,-1.648,-1.939,-2.303,-2.779,-3.430,-4.341,-5.648,-7.615,-10.809,-16.243,-17.085,-10.900,-7.068,-4.742,-3.286,-2.366,-1.789,-1.440,-1.261,-1.218,-1.290,-1.471,-1.777,-2.237,-2.893,-3.800,-5.046,-6.770,-9.214,-12.835,-18.613,-22.643,-16.490,-12.386,-9.828,-8.097,-6.859,-5.932,-5.207,-4.618,-4.124,-3.688,-3.272,-2.849,-2.411,-1.968,-1.552,-1.198,-0.935,-0.771,-0.689,-0.659,-0.660,-0.685,-0.732,-0.791,-0.848,-0.899,-0.951,-1.003,-1.047,-1.073,-1.091,-1.110,-1.130,-1.144,-1.160,-1.195,-1.264,-1.362,-1.492,-1.682,-1.978,-2.429,-3.098,-4.131,-5.832,-8.787,-14.180,-17.726,-11.164,-7.227,-5.037,-3.776,-3.021,-2.540,-2.227,-2.044,-1.962,-1.937,-1.942,-1.981,-2.066,-2.187,-2.324,-2.470,-2.643,-2.851,-3.081,-3.311,-3.546,-3.803,-4.085,-4.370,-4.642,-4.915,-5.213,-5.537,-5.854,-6.129,-6.357,-6.548,-6.692,-6.760,-6.732,-6.637,-6.522,-6.405,-6.260,-6.074,-5.876,-5.712,-5.581
550,5.4634,0.6756,3.6252,0.7536,1.2955,8.6000,-1.738,-1.736,-1.685,-1.636,-1.630,-1.633,-1.590,-1.525,-1.496,-1.497,-1.466,-1.395,-1.346,-1.341,-1.322,-1.255,-1.192,-1.179,-1.174,-1.120,-1.048,-1.028,-1.039,-1.006,-0.935,-0.912,-0.948,-0.953,-0.900,-0.896,-1.005,-1.133,-1.213,-1.458,-2.202,-3.489,-4.510,-4.001,-2.614,-1.575,-1.106,-0.934,-0.787,-0.631,-0.549,-0.535,-0.508,-0.451,-0.414,-0.417,-0.415,-0.389,-0.369,-0.376,-0.386,-0.378,-0.369,-0.380,-0.399,-0.406,-0.409,-0.427,-0.456,-0.479,-0.497,-0.528,-0.572,-0.616,-0.657,-0.710,-0.780,-0.857,-0.937,-1.032,-1.152,-1.293,-1.450,-1.634,-1.864,-2.144,-2.478,-2.883,-3.393,-4.041,-4.858,-5.892,-7.218,-8.897,-10.835,-12.366,-12.179,-10.387,-8.317,-6.560,-5.178,-4.107,-3.279,-2.644,-2.160,-1.784,-1.489,-1.261,-1.094,-0.973,-0.888,-0.837,-0.829,-0.866,-0.948,-1.088,-1.320,-1.683,-2.234,-3.077,-4.396,-6.501,-9.921,-15.486,-17.987,-12.767,-9.406,-7.458,-6.276,-5.539,-5.057,-4.681,-4.285,-3.810,-3.291,-2.808,-2.420,-2.133,-1.926,-1.773,-1.659,-1.573,-1.504,-1.440,-1.377,-1.317,-1.254,-1.178,-1.083,-0.977,-0.880,-0.816,-0.799,-0.826,-0.878,-0.936,-0.999,-1.076,-1.170,-1.278,-1.397,-1.533,-1.688,-1.847,-1.991,-2.117,-2.242,-2.391,-2.583,-2.834,-3.154,-3.546,-4.003,-4.522,-5.110,-5.772,-6.494,-7.242,-7.974,-8.638,-9.163,-9.471,-9.521,-9.348,-9.043,-8.695,-8.361,-8.076,-7.872,-7.788,-7.846,-8.049,-8.390,-8.871,-9.483,-10.162,-10.741,-10.985,-10.746,-10.108,-9.306,-8.539,-7.882,-7.311,-6.744,-6.096,-5.360
