0	0
1.10762e-13	-3.16193e-05
2.21523e-13	-3.11657e-05
3.32285e-13	-3.07032e-05
4.43046e-13	-3.02317e-05
5.53808e-13	-2.97511e-05
6.64569e-13	-2.92613e-05
7.75331e-13	-2.87622e-05
8.86092e-13	-2.82538e-05
9.96854e-13	-2.7736e-05
1.10762e-12	-2.72086e-05
1.21838e-12	-2.66717e-05
1.32914e-12	-2.61251e-05
1.4399e-12	-2.55686e-05
1.55066e-12	-2.50024e-05
1.66142e-12	-2.44262e-05
1.77218e-12	-2.38399e-05
1.88295e-12	-2.32435e-05
1.99371e-12	-2.26369e-05
2.10447e-12	-2.202e-05
2.21523e-12	-2.13928e-05
2.32599e-12	-2.0755e-05
2.43675e-12	-2.01067e-05
2.54751e-12	-1.94477e-05
2.65828e-12	-1.8778e-05
2.76904e-12	-1.80975e-05
2.8798e-12	-1.7406e-05
2.99056e-12	-1.67035e-05
3.10132e-12	-1.59899e-05
3.21208e-12	-1.52651e-05
3.32285e-12	-1.4529e-05
3.43361e-12	-1.37815e-05
3.54437e-12	-1.30226e-05
3.65513e-12	-1.22521e-05
3.76589e-12	-1.14699e-05
3.87665e-12	-1.0676e-05
3.98741e-12	-9.87024e-06
4.09818e-12	-9.05254e-06
4.20894e-12	-8.22281e-06
4.3197e-12	-7.38095e-06
4.43046e-12	-6.52687e-06
4.54122e-12	-5.66048e-06
4.65198e-12	-4.78168e-06
4.76274e-12	-3.89037e-06
4.87351e-12	-2.98647e-06
4.98427e-12	-2.06987e-06
5.09503e-12	-1.14048e-06
5.20579e-12	-1.98206e-07
5.31655e-12	7.57049e-07
5.42731e-12	1.72538e-06
5.53808e-12	2.70689e-06
5.64884e-12	3.70166e-06
5.7596e-12	4.70981e-06
5.87036e-12	5.73142e-06
5.98112e-12	6.76658e-06
6.09188e-12	7.81541e-06
6.20264e-12	8.87799e-06
6.31341e-12	9.95443e-06
6.42417e-12	1.10448e-05
6.53493e-12	1.21492e-05
6.64569e-12	1.32678e-05
6.75645e-12	1.44007e-05
6.86721e-12	1.55478e-05
6.97798e-12	1.67094e-05
7.08874e-12	1.78856e-05
7.1995e-12	1.90764e-05
7.31026e-12	2.02819e-05
7.42102e-12	2.15022e-05
7.53178e-12	2.27375e-05
7.64254e-12	2.39879e-05
7.75331e-12	2.52533e-05
7.86407e-12	2.6534e-05
7.97483e-12	2.783e-05
8.08559e-12	2.91415e-05
8.19635e-12	3.04685e-05
8.30711e-12	3.18111e-05
8.41787e-12	3.31694e-05
8.52864e-12	3.45436e-05
8.6394e-12	3.59337e-05
8.75016e-12	3.73398e-05
8.86092e-12	3.8762e-05
8.97168e-12	4.02005e-05
9.08244e-12	4.16552e-05
9.19321e-12	4.31264e-05
9.30397e-12	4.46142e-05
9.41473e-12	4.61185e-05
9.52549e-12	4.76396e-05
9.63625e-12	4.91775e-05
9.74701e-12	5.07323e-05
9.85777e-12	5.23041e-05
9.96854e-12	5.3893e-05
1.00793e-11	5.54992e-05
1.01901e-11	5.71227e-05
1.03008e-11	5.87635e-05
1.04116e-11	6.04219e-05
1.05223e-11	6.20979e-05
1.06331e-11	6.37916e-05
1.07439e-11	6.55031e-05
1.08546e-11	6.72325e-05
1.09654e-11	6.89799e-05
1.10762e-11	7.07454e-05
1.11869e-11	7.25291e-05
1.12977e-11	7.43311e-05
1.14084e-11	7.61515e-05
1.15192e-11	7.79904e-05
1.163e-11	7.98479e-05
1.17407e-11	8.1724e-05
1.18515e-11	8.36189e-05
1.19622e-11	8.55327e-05
1.2073e-11	8.74654e-05
1.21838e-11	8.94172e-05
1.22945e-11	9.13882e-05
1.24053e-11	9.33784e-05
1.25161e-11	9.53879e-05
1.26268e-11	9.74169e-05
1.27376e-11	9.94655e-05
1.28483e-11	0.000101534
1.29591e-11	0.000103621
1.30699e-11	0.000105729
1.31806e-11	0.000107857
1.32914e-11	0.000110004
1.34021e-11	0.000112172
1.35129e-11	0.00011436
1.36237e-11	0.000116568
1.37344e-11	0.000118796
1.38452e-11	0.000121045
1.3956e-11	0.000123315
1.40667e-11	0.000125605
1.41775e-11	0.000127916
1.42882e-11	0.000130247
1.4399e-11	0.0001326
1.45098e-11	0.000134973
1.46205e-11	0.000137368
1.47313e-11	0.000139784
1.4842e-11	0.00014222
1.49528e-11	0.000144679
1.50636e-11	0.000147158
1.51743e-11	0.000149659
1.52851e-11	0.000152182
1.53958e-11	0.000154727
1.55066e-11	0.000157293
1.56174e-11	0.00015988
1.57281e-11	0.00016249
1.58389e-11	0.000165122
1.59497e-11	0.000167776
1.60604e-11	0.000170452
1.61712e-11	0.00017315
1.62819e-11	0.00017587
1.63927e-11	0.000178613
1.65035e-11	0.000181378
1.66142e-11	0.000184166
1.6725e-11	0.000186976
1.68357e-11	0.000189809
1.69465e-11	0.000192665
1.70573e-11	0.000195543
1.7168e-11	0.000198445
1.72788e-11	0.000201369
1.73896e-11	0.000204316
1.75003e-11	0.000207287
1.76111e-11	0.00021028
1.77218e-11	0.000213297
1.78326e-11	0.000216337
1.79434e-11	0.0002194
1.80541e-11	0.000222486
1.81649e-11	0.000225597
1.82756e-11	0.00022873
1.83864e-11	0.000231887
1.84972e-11	0.000235068
1.86079e-11	0.000238273
1.87187e-11	0.000241501
1.88295e-11	0.000244753
1.89402e-11	0.000248029
1.9051e-11	0.000251329
1.91617e-11	0.000254652
1.92725e-11	0.000258
1.93833e-11	0.000261372
1.9494e-11	0.000264768
1.96048e-11	0.000268188
1.97155e-11	0.000271632
1.98263e-11	0.000275101
1.99371e-11	0.000278594
2.00478e-11	0.000282111
2.01586e-11	0.000285652
2.02694e-11	0.000289218
2.03801e-11	0.000292808
2.04909e-11	0.000296423
2.06016e-11	0.000300062
2.07124e-11	0.000303726
2.08232e-11	0.000307415
2.09339e-11	0.000311128
2.10447e-11	0.000314865
2.11554e-11	0.000318628
2.12662e-11	0.000322415
2.1377e-11	0.000326226
2.14877e-11	0.000330063
2.15985e-11	0.000333924
2.17093e-11	0.00033781
2.182e-11	0.000341721
2.19308e-11	0.000345657
2.20415e-11	0.000349617
2.21523e-11	0.000353602
2.22631e-11	0.000357612
2.23738e-11	0.000361647
2.24846e-11	0.000365707
2.25953e-11	0.000369792
2.27061e-11	0.000373901
2.28169e-11	0.000378036
2.29276e-11	0.000382195
2.30384e-11	0.000386379
2.31492e-11	0.000390588
2.32599e-11	0.000394822
2.33707e-11	0.000399081
2.34814e-11	0.000403365
2.35922e-11	0.000407673
2.3703e-11	0.000412007
2.38137e-11	0.000416365
2.39245e-11	0.000420748
2.40352e-11	0.000425156
2.4146e-11	0.000429588
2.42568e-11	0.000434045
2.43675e-11	0.000438527
2.44783e-11	0.000443034
2.45891e-11	0.000447565
2.46998e-11	0.000452121
2.48106e-11	0.000456701
2.49213e-11	0.000461306
2.50321e-11	0.000465936
2.51429e-11	0.00047059
2.52536e-11	0.000475268
2.53644e-11	0.000479971
2.54751e-11	0.000484698
2.55859e-11	0.00048945
2.56967e-11	0.000494225
2.58074e-11	0.000499025
2.59182e-11	0.000503849
2.6029e-11	0.000508697
2.61397e-11	0.000513569
2.62505e-11	0.000518465
2.63612e-11	0.000523385
2.6472e-11	0.000528328
2.65828e-11	0.000533296
2.66935e-11	0.000538287
2.68043e-11	0.000543301
2.6915e-11	0.000548339
2.70258e-11	0.000553401
2.71366e-11	0.000558485
2.72473e-11	0.000563593
2.73581e-11	0.000568725
2.74689e-11	0.000573879
2.75796e-11	0.000579056
2.76904e-11	0.000584256
2.78011e-11	0.000589479
2.79119e-11	0.000594724
2.80227e-11	0.000599992
2.81334e-11	0.000605282
2.82442e-11	0.000610595
2.83549e-11	0.00061593
2.84657e-11	0.000621287
2.85765e-11	0.000626666
2.86872e-11	0.000632067
2.8798e-11	0.000637489
2.89088e-11	0.000642933
2.90195e-11	0.000648398
2.91303e-11	0.000653885
2.9241e-11	0.000659393
2.93518e-11	0.000664922
2.94626e-11	0.000670472
2.95733e-11	0.000676042
2.96841e-11	0.000681633
2.97948e-11	0.000687244
2.99056e-11	0.000692876
3.00164e-11	0.000698528
3.01271e-11	0.000704199
3.02379e-11	0.000709891
3.03487e-11	0.000715601
3.04594e-11	0.000721332
3.05702e-11	0.000727081
3.06809e-11	0.00073285
3.07917e-11	0.000738637
3.09025e-11	0.000744443
3.10132e-11	0.000750267
3.1124e-11	0.00075611
3.12347e-11	0.00076197
3.13455e-11	0.000767849
3.14563e-11	0.000773745
3.1567e-11	0.000779658
3.16778e-11	0.000785589
3.17886e-11	0.000791536
3.18993e-11	0.000797501
3.20101e-11	0.000803482
3.21208e-11	0.000809479
3.22316e-11	0.000815492
3.23424e-11	0.000821521
3.24531e-11	0.000827565
3.25639e-11	0.000833625
3.26746e-11	0.0008397
3.27854e-11	0.00084579
3.28962e-11	0.000851894
3.30069e-11	0.000858012
3.31177e-11	0.000864145
3.32285e-11	0.000870291
3.33392e-11	0.00087645
3.345e-11	0.000882623
3.35607e-11	0.000888809
3.36715e-11	0.000895007
3.37823e-11	0.000901218
3.3893e-11	0.00090744
3.40038e-11	0.000913674
3.41145e-11	0.00091992
3.42253e-11	0.000926177
3.43361e-11	0.000932444
3.44468e-11	0.000938722
3.45576e-11	0.00094501
3.46684e-11	0.000951308
3.47791e-11	0.000957615
3.48899e-11	0.000963932
3.50006e-11	0.000970257
3.51114e-11	0.000976591
3.52222e-11	0.000982933
3.53329e-11	0.000989282
3.54437e-11	0.000995639
3.55544e-11	0.001002
3.56652e-11	0.00100837
3.5776e-11	0.00101475
3.58867e-11	0.00102113
3.59975e-11	0.00102752
3.61083e-11	0.00103391
3.6219e-11	0.00104031
3.63298e-11	0.00104671
3.64405e-11	0.00105312
3.65513e-11	0.00105953
3.66621e-11	0.00106594
3.67728e-11	0.00107236
3.68836e-11	0.00107878
3.69943e-11	0.0010852
3.71051e-11	0.00109162
3.72159e-11	0.00109804
3.73266e-11	0.00110446
3.74374e-11	0.00111088
3.75482e-11	0.00111731
3.76589e-11	0.00112373
3.77697e-11	0.00113015
3.78804e-11	0.00113657
3.79912e-11	0.00114298
3.8102e-11	0.0011494
3.82127e-11	0.00115581
3.83235e-11	0.00116221
3.84342e-11	0.00116862
3.8545e-11	0.00117501
3.86558e-11	0.00118141
3.87665e-11	0.00118779
3.88773e-11	0.00119417
3.89881e-11	0.00120055
3.90988e-11	0.00120691
3.92096e-11	0.00121327
3.93203e-11	0.00121962
3.94311e-11	0.00122597
3.95419e-11	0.0012323
3.96526e-11	0.00123862
3.97634e-11	0.00124493
3.98741e-11	0.00125123
3.99849e-11	0.00125752
4.00957e-11	0.0012638
4.02064e-11	0.00127006
4.03172e-11	0.00127632
4.0428e-11	0.00128255
4.05387e-11	0.00128877
4.06495e-11	0.00129498
4.07602e-11	0.00130117
4.0871e-11	0.00130735
4.09818e-11	0.00131351
4.10925e-11	0.00131965
4.12033e-11	0.00132577
4.1314e-11	0.00133187
4.14248e-11	0.00133796
4.15356e-11	0.00134402
4.16463e-11	0.00135006
4.17571e-11	0.00135608
4.18679e-11	0.00136208
4.19786e-11	0.00136806
4.20894e-11	0.00137401
4.22001e-11	0.00137994
4.23109e-11	0.00138585
4.24217e-11	0.00139172
4.25324e-11	0.00139758
4.26432e-11	0.0014034
4.27539e-11	0.0014092
4.28647e-11	0.00141497
4.29755e-11	0.00142071
4.30862e-11	0.00142642
4.3197e-11	0.0014321
4.33078e-11	0.00143775
4.34185e-11	0.00144336
4.35293e-11	0.00144895
4.364e-11	0.00145449
4.37508e-11	0.00146001
4.38616e-11	0.00146549
4.39723e-11	0.00147094
4.40831e-11	0.00147634
4.41938e-11	0.00148171
4.43046e-11	0.00148705
4.44154e-11	0.00149234
4.45261e-11	0.00149759
4.46369e-11	0.0015028
4.47477e-11	0.00150797
4.48584e-11	0.0015131
4.49692e-11	0.00151819
4.50799e-11	0.00152323
4.51907e-11	0.00152823
4.53015e-11	0.00153318
4.54122e-11	0.00153808
4.5523e-11	0.00154294
4.56337e-11	0.00154775
4.57445e-11	0.00155251
4.58553e-11	0.00155722
4.5966e-11	0.00156188
4.60768e-11	0.00156648
4.61875e-11	0.00157104
4.62983e-11	0.00157554
4.64091e-11	0.00157998
4.65198e-11	0.00158437
4.66306e-11	0.00158871
4.67414e-11	0.00159299
4.68521e-11	0.00159721
4.69629e-11	0.00160136
4.70736e-11	0.00160546
4.71844e-11	0.0016095
4.72952e-11	0.00161348
4.74059e-11	0.00161739
4.75167e-11	0.00162124
4.76274e-11	0.00162503
4.77382e-11	0.00162875
4.7849e-11	0.0016324
4.79597e-11	0.00163598
4.80705e-11	0.0016395
4.81813e-11	0.00164294
4.8292e-11	0.00164632
4.84028e-11	0.00164962
4.85135e-11	0.00165285
4.86243e-11	0.001656
4.87351e-11	0.00165908
4.88458e-11	0.00166209
4.89566e-11	0.00166501
4.90673e-11	0.00166786
4.91781e-11	0.00167063
4.92889e-11	0.00167332
4.93996e-11	0.00167593
4.95104e-11	0.00167846
4.96212e-11	0.0016809
4.97319e-11	0.00168325
4.98427e-11	0.00168553
4.99534e-11	0.00168771
5.00642e-11	0.00168981
5.0175e-11	0.00169181
5.02857e-11	0.00169373
5.03965e-11	0.00169556
5.05072e-11	0.00169729
5.0618e-11	0.00169893
5.07288e-11	0.00170048
5.08395e-11	0.00170193
5.09503e-11	0.00170328
5.10611e-11	0.00170453
5.11718e-11	0.00170569
5.12826e-11	0.00170674
5.13933e-11	0.00170769
5.15041e-11	0.00170854
5.16149e-11	0.00170929
5.17256e-11	0.00170993
5.18364e-11	0.00171046
5.19471e-11	0.00171088
5.20579e-11	0.0017112
5.21687e-11	0.00171141
5.22794e-11	0.0017115
5.23902e-11	0.00171148
5.2501e-11	0.00171135
5.26117e-11	0.00171111
5.27225e-11	0.00171074
5.28332e-11	0.00171026
5.2944e-11	0.00170966
5.30548e-11	0.00170894
5.31655e-11	0.0017081
5.32763e-11	0.00170714
5.3387e-11	0.00170605
5.34978e-11	0.00170484
5.36086e-11	0.0017035
5.37193e-11	0.00170203
5.38301e-11	0.00170044
5.39409e-11	0.00169871
5.40516e-11	0.00169685
5.41624e-11	0.00169486
5.42731e-11	0.00169274
5.43839e-11	0.00169048
5.44947e-11	0.00168808
5.46054e-11	0.00168554
5.47162e-11	0.00168287
5.48269e-11	0.00168005
5.49377e-11	0.00167709
5.50485e-11	0.00167399
5.51592e-11	0.00167074
5.527e-11	0.00166735
5.53808e-11	0.00166381
5.54915e-11	0.00166012
5.56023e-11	0.00165628
5.5713e-11	0.00165228
5.58238e-11	0.00164814
5.59346e-11	0.00164384
5.60453e-11	0.00163938
5.61561e-11	0.00163476
5.62668e-11	0.00162999
5.63776e-11	0.00162506
5.64884e-11	0.00161996
5.65991e-11	0.00161471
5.67099e-11	0.00160928
5.68207e-11	0.0016037
5.69314e-11	0.00159794
5.70422e-11	0.00159202
5.71529e-11	0.00158592
5.72637e-11	0.00157966
5.73745e-11	0.00157322
5.74852e-11	0.00156661
5.7596e-11	0.00155982
5.77067e-11	0.00155285
5.78175e-11	0.00154571
5.79283e-11	0.00153839
5.8039e-11	0.00153088
5.81498e-11	0.00152319
5.82606e-11	0.00151532
5.83713e-11	0.00150726
5.84821e-11	0.00149901
5.85928e-11	0.00149057
5.87036e-11	0.00148195
5.88144e-11	0.00147313
5.89251e-11	0.00146412
5.90359e-11	0.00145491
5.91466e-11	0.00144551
5.92574e-11	0.00143591
5.93682e-11	0.00142611
5.94789e-11	0.00141611
5.95897e-11	0.00140591
5.97005e-11	0.0013955
5.98112e-11	0.00138489
5.9922e-11	0.00137408
6.00327e-11	0.00136305
6.01435e-11	0.00135182
6.02543e-11	0.00134037
6.0365e-11	0.00132871
6.04758e-11	0.00131684
6.05865e-11	0.00130475
6.06973e-11	0.00129244
6.08081e-11	0.00127992
6.09188e-11	0.00126717
6.10296e-11	0.00125421
6.11404e-11	0.00124102
6.12511e-11	0.0012276
6.13619e-11	0.00121397
6.14726e-11	0.0012001
6.15834e-11	0.001186
6.16942e-11	0.00117167
6.18049e-11	0.00115711
6.19157e-11	0.00114232
6.20264e-11	0.00112729
6.21372e-11	0.00111203
6.2248e-11	0.00109652
6.23587e-11	0.00108078
6.24695e-11	0.0010648
6.25803e-11	0.00104857
6.2691e-11	0.0010321
6.28018e-11	0.00101538
6.29125e-11	0.00099842
6.30233e-11	0.000981208
6.31341e-11	0.000963745
6.32448e-11	0.000946031
6.33556e-11	0.000928063
6.34663e-11	0.000909841
6.35771e-11	0.000891363
6.36879e-11	0.000872627
6.37986e-11	0.000853632
6.39094e-11	0.000834376
6.40202e-11	0.000814858
6.41309e-11	0.000795076
6.42417e-11	0.00077503
6.43524e-11	0.000754716
6.44632e-11	0.000734135
6.4574e-11	0.000713284
6.46847e-11	0.000692162
6.47955e-11	0.000670768
6.49062e-11	0.000649099
6.5017e-11	0.000627156
6.51278e-11	0.000604935
6.52385e-11	0.000582436
6.53493e-11	0.000559657
6.54601e-11	0.000536597
6.55708e-11	0.000513255
6.56816e-11	0.000489628
6.57923e-11	0.000465715
6.59031e-11	0.000441516
6.60139e-11	0.000417028
6.61246e-11	0.00039225
6.62354e-11	0.000367181
6.63461e-11	0.00034182
6.64569e-11	0.000316164
6.65677e-11	0.000290213
6.66784e-11	0.000263965
6.67892e-11	0.000237418
6.69e-11	0.000210572
6.70107e-11	0.000183425
6.71215e-11	0.000155975
6.72322e-11	0.000128221
6.7343e-11	0.000100162
6.74538e-11	7.17968e-05
6.75645e-11	4.31234e-05
6.76753e-11	1.41408e-05
6.7786e-11	-1.51525e-05
6.78968e-11	-4.47578e-05
6.80076e-11	-7.46763e-05
6.81183e-11	-0.000104909
6.82291e-11	-0.000135459
6.83399e-11	-0.000166325
6.84506e-11	-0.00019751
6.85614e-11	-0.000229015
6.86721e-11	-0.00026084
6.87829e-11	-0.000292989
6.88937e-11	-0.000325461
6.90044e-11	-0.000358257
6.91152e-11	-0.00039138
6.92259e-11	-0.000424831
6.93367e-11	-0.00045861
6.94475e-11	-0.000492719
6.95582e-11	-0.000527159
6.9669e-11	-0.000561932
6.97798e-11	-0.000597038
6.98905e-11	-0.000632478
7.00013e-11	-0.000668255
7.0112e-11	-0.000704369
7.02228e-11	-0.000740821
7.03336e-11	-0.000777612
7.04443e-11	-0.000814744
7.05551e-11	-0.000852217
7.06658e-11	-0.000890033
7.07766e-11	-0.000928193
7.08874e-11	-0.000966698
7.09981e-11	-0.00100555
7.11089e-11	-0.00104475
7.12197e-11	-0.00108429
7.13304e-11	-0.00112419
7.14412e-11	-0.00116444
7.15519e-11	-0.00120503
7.16627e-11	-0.00124598
7.17735e-11	-0.00128729
7.18842e-11	-0.00132894
7.1995e-11	-0.00137095
7.21057e-11	-0.00141332
7.22165e-11	-0.00145605
7.23273e-11	-0.00149913
7.2438e-11	-0.00154258
7.25488e-11	-0.00158638
7.26596e-11	-0.00163054
7.27703e-11	-0.00167507
7.28811e-11	-0.00171996
7.29918e-11	-0.00176521
7.31026e-11	-0.00181083
7.32134e-11	-0.00185681
7.33241e-11	-0.00190315
7.34349e-11	-0.00194987
7.35456e-11	-0.00199695
7.36564e-11	-0.0020444
7.37672e-11	-0.00209222
7.38779e-11	-0.00214041
7.39887e-11	-0.00218897
7.40995e-11	-0.0022379
7.42102e-11	-0.0022872
7.4321e-11	-0.00233687
7.44317e-11	-0.00238692
7.45425e-11	-0.00243734
7.46533e-11	-0.00248814
7.4764e-11	-0.00253931
7.48748e-11	-0.00259085
7.49855e-11	-0.00264278
7.50963e-11	-0.00269508
7.52071e-11	-0.00274775
7.53178e-11	-0.00280081
7.54286e-11	-0.00285424
7.55393e-11	-0.00290805
7.56501e-11	-0.00296224
7.57609e-11	-0.00301681
7.58716e-11	-0.00307176
7.59824e-11	-0.00312709
7.60932e-11	-0.0031828
7.62039e-11	-0.00323889
7.63147e-11	-0.00329536
7.64254e-11	-0.00335222
7.65362e-11	-0.00340946
7.6647e-11	-0.00346707
7.67577e-11	-0.00352508
7.68685e-11	-0.00358346
7.69792e-11	-0.00364223
7.709e-11	-0.00370138
7.72008e-11	-0.00376091
7.73115e-11	-0.00382083
7.74223e-11	-0.00388113
7.75331e-11	-0.00394181
7.76438e-11	-0.00400288
7.77546e-11	-0.00406433
7.78653e-11	-0.00412616
7.79761e-11	-0.00418838
7.80869e-11	-0.00425098
7.81976e-11	-0.00431397
7.83084e-11	-0.00437734
7.84191e-11	-0.00444109
7.85299e-11	-0.00450523
7.86407e-11	-0.00456975
7.87514e-11	-0.00463465
7.88622e-11	-0.00469993
7.8973e-11	-0.0047656
7.90837e-11	-0.00483165
7.91945e-11	-0.00489808
7.93052e-11	-0.0049649
7.9416e-11	-0.00503209
7.95268e-11	-0.00509967
7.96375e-11	-0.00516763
7.97483e-11	-0.00523596
7.9859e-11	-0.00530468
7.99698e-11	-0.00537378
8.00806e-11	-0.00544325
8.01913e-11	-0.00551311
8.03021e-11	-0.00558334
8.04129e-11	-0.00565395
8.05236e-11	-0.00572493
8.06344e-11	-0.00579629
8.07451e-11	-0.00586803
8.08559e-11	-0.00594014
8.09667e-11	-0.00601263
8.10774e-11	-0.00608549
8.11882e-11	-0.00615872
8.12989e-11	-0.00623232
8.14097e-11	-0.00630629
8.15205e-11	-0.00638064
8.16312e-11	-0.00645535
8.1742e-11	-0.00653043
8.18528e-11	-0.00660588
8.19635e-11	-0.00668169
8.20743e-11	-0.00675787
8.2185e-11	-0.00683441
8.22958e-11	-0.00691132
8.24066e-11	-0.00698859
8.25173e-11	-0.00706622
8.26281e-11	-0.0071442
8.27388e-11	-0.00722255
8.28496e-11	-0.00730125
8.29604e-11	-0.00738031
8.30711e-11	-0.00745973
8.31819e-11	-0.00753949
8.32927e-11	-0.00761961
8.34034e-11	-0.00770008
8.35142e-11	-0.0077809
8.36249e-11	-0.00786206
8.37357e-11	-0.00794358
8.38465e-11	-0.00802543
8.39572e-11	-0.00810763
8.4068e-11	-0.00819017
8.41787e-11	-0.00827305
8.42895e-11	-0.00835626
8.44003e-11	-0.00843982
8.4511e-11	-0.0085237
8.46218e-11	-0.00860792
8.47326e-11	-0.00869247
8.48433e-11	-0.00877735
8.49541e-11	-0.00886256
8.50648e-11	-0.00894809
8.51756e-11	-0.00903394
8.52864e-11	-0.00912011
8.53971e-11	-0.00920661
8.55079e-11	-0.00929342
8.56186e-11	-0.00938054
8.57294e-11	-0.00946798
8.58402e-11	-0.00955572
8.59509e-11	-0.00964378
8.60617e-11	-0.00973214
8.61725e-11	-0.0098208
8.62832e-11	-0.00990977
8.6394e-11	-0.00999903
8.65047e-11	-0.0100886
8.66155e-11	-0.0101784
8.67263e-11	-0.0102686
8.6837e-11	-0.010359
8.69478e-11	-0.0104497
8.70585e-11	-0.0105407
8.71693e-11	-0.010632
8.72801e-11	-0.0107236
8.73908e-11	-0.0108154
8.75016e-11	-0.0109075
8.76124e-11	-0.0109999
8.77231e-11	-0.0110925
8.78339e-11	-0.0111855
8.79446e-11	-0.0112786
8.80554e-11	-0.011372
8.81662e-11	-0.0114657
8.82769e-11	-0.0115597
8.83877e-11	-0.0116538
8.84984e-11	-0.0117483
8.86092e-11	-0.0118429
8.872e-11	-0.0119378
8.88307e-11	-0.012033
8.89415e-11	-0.0121284
8.90523e-11	-0.012224
8.9163e-11	-0.0123198
8.92738e-11	-0.0124158
8.93845e-11	-0.0125121
8.94953e-11	-0.0126086
8.96061e-11	-0.0127053
8.97168e-11	-0.0128022
8.98276e-11	-0.0128993
8.99383e-11	-0.0129966
9.00491e-11	-0.0130941
9.01599e-11	-0.0131918
9.02706e-11	-0.0132896
9.03814e-11	-0.0133877
9.04922e-11	-0.0134859
9.06029e-11	-0.0135844
9.07137e-11	-0.013683
9.08244e-11	-0.0137817
9.09352e-11	-0.0138806
9.1046e-11	-0.0139797
9.11567e-11	-0.014079
9.12675e-11	-0.0141784
9.13782e-11	-0.0142779
9.1489e-11	-0.0143776
9.15998e-11	-0.0144774
9.17105e-11	-0.0145773
9.18213e-11	-0.0146774
9.19321e-11	-0.0147776
9.20428e-11	-0.014878
9.21536e-11	-0.0149784
9.22643e-11	-0.0150789
9.23751e-11	-0.0151796
9.24859e-11	-0.0152804
9.25966e-11	-0.0153812
9.27074e-11	-0.0154822
9.28181e-11	-0.0155832
9.29289e-11	-0.0156843
9.30397e-11	-0.0157855
9.31504e-11	-0.0158867
9.32612e-11	-0.0159881
9.3372e-11	-0.0160895
9.34827e-11	-0.0161909
9.35935e-11	-0.0162924
9.37042e-11	-0.0163939
9.3815e-11	-0.0164955
9.39258e-11	-0.0165971
9.40365e-11	-0.0166987
9.41473e-11	-0.0168004
9.4258e-11	-0.0169021
9.43688e-11	-0.0170038
9.44796e-11	-0.0171055
9.45903e-11	-0.0172072
9.47011e-11	-0.0173089
9.48119e-11	-0.0174105
9.49226e-11	-0.0175122
9.50334e-11	-0.0176138
9.51441e-11	-0.0177154
9.52549e-11	-0.017817
9.53657e-11	-0.0179185
9.54764e-11	-0.01802
9.55872e-11	-0.0181215
9.56979e-11	-0.0182228
9.58087e-11	-0.0183241
9.59195e-11	-0.0184254
9.60302e-11	-0.0185265
9.6141e-11	-0.0186276
9.62518e-11	-0.0187286
9.63625e-11	-0.0188295
9.64733e-11	-0.0189302
9.6584e-11	-0.0190309
9.66948e-11	-0.0191315
9.68056e-11	-0.0192319
9.69163e-11	-0.0193322
9.70271e-11	-0.0194323
9.71378e-11	-0.0195323
9.72486e-11	-0.0196322
9.73594e-11	-0.0197319
9.74701e-11	-0.0198314
9.75809e-11	-0.0199308
9.76917e-11	-0.02003
9.78024e-11	-0.0201289
9.79132e-11	-0.0202277
9.80239e-11	-0.0203263
9.81347e-11	-0.0204247
9.82455e-11	-0.0205229
9.83562e-11	-0.0206208
9.8467e-11	-0.0207186
9.85777e-11	-0.020816
9.86885e-11	-0.0209133
9.87993e-11	-0.0210102
9.891e-11	-0.021107
9.90208e-11	-0.0212034
9.91316e-11	-0.0212996
9.92423e-11	-0.0213955
9.93531e-11	-0.021491
9.94638e-11	-0.0215863
9.95746e-11	-0.0216813
9.96854e-11	-0.021776
9.97961e-11	-0.0218703
9.99069e-11	-0.0219643
1.00018e-10	-0.022058
1.00128e-10	-0.0221513
1.00239e-10	-0.0222443
1.0035e-10	-0.0223369
1.00461e-10	-0.0224291
1.00571e-10	-0.022521
1.00682e-10	-0.0226124
1.00793e-10	-0.0227035
1.00904e-10	-0.0227941
1.01014e-10	-0.0228844
1.01125e-10	-0.0229742
1.01236e-10	-0.0230635
1.01347e-10	-0.0231525
1.01458e-10	-0.023241
1.01568e-10	-0.023329
1.01679e-10	-0.0234165
1.0179e-10	-0.0235036
1.01901e-10	-0.0235902
1.02011e-10	-0.0236763
1.02122e-10	-0.0237619
1.02233e-10	-0.023847
1.02344e-10	-0.0239315
1.02454e-10	-0.0240156
1.02565e-10	-0.0240991
1.02676e-10	-0.024182
1.02787e-10	-0.0242644
1.02897e-10	-0.0243462
1.03008e-10	-0.0244274
1.03119e-10	-0.0245081
1.0323e-10	-0.0245881
1.0334e-10	-0.0246676
1.03451e-10	-0.0247464
1.03562e-10	-0.0248246
1.03673e-10	-0.0249022
1.03784e-10	-0.0249791
1.03894e-10	-0.0250554
1.04005e-10	-0.025131
1.04116e-10	-0.025206
1.04227e-10	-0.0252802
1.04337e-10	-0.0253538
1.04448e-10	-0.0254267
1.04559e-10	-0.0254988
1.0467e-10	-0.0255703
1.0478e-10	-0.0256409
1.04891e-10	-0.0257109
1.05002e-10	-0.0257801
1.05113e-10	-0.0258485
1.05223e-10	-0.0259162
1.05334e-10	-0.0259831
1.05445e-10	-0.0260492
1.05556e-10	-0.0261145
1.05666e-10	-0.0261789
1.05777e-10	-0.0262426
1.05888e-10	-0.0263054
1.05999e-10	-0.0263674
1.0611e-10	-0.0264285
1.0622e-10	-0.0264887
1.06331e-10	-0.0265481
1.06442e-10	-0.0266066
1.06553e-10	-0.0266642
1.06663e-10	-0.0267208
1.06774e-10	-0.0267766
1.06885e-10	-0.0268314
1.06996e-10	-0.0268853
1.07106e-10	-0.0269383
1.07217e-10	-0.0269902
1.07328e-10	-0.0270412
1.07439e-10	-0.0270913
1.07549e-10	-0.0271403
1.0766e-10	-0.0271883
1.07771e-10	-0.0272353
1.07882e-10	-0.0272813
1.07992e-10	-0.0273262
1.08103e-10	-0.0273701
1.08214e-10	-0.0274129
1.08325e-10	-0.0274547
1.08436e-10	-0.0274954
1.08546e-10	-0.027535
1.08657e-10	-0.0275734
1.08768e-10	-0.0276108
1.08879e-10	-0.027647
1.08989e-10	-0.0276821
1.091e-10	-0.0277161
1.09211e-10	-0.0277489
1.09322e-10	-0.0277805
1.09432e-10	-0.0278109
1.09543e-10	-0.0278401
1.09654e-10	-0.0278682
1.09765e-10	-0.027895
1.09875e-10	-0.0279206
1.09986e-10	-0.0279449
1.10097e-10	-0.027968
1.10208e-10	-0.0279898
1.10318e-10	-0.0280104
1.10429e-10	-0.0280297
1.1054e-10	-0.0280476
1.10651e-10	-0.0280643
1.10762e-10	-0.0280796
1.10872e-10	-0.0280936
1.10983e-10	-0.0281063
1.11094e-10	-0.0281176
1.11205e-10	-0.0281276
1.11315e-10	-0.0281361
1.11426e-10	-0.0281433
1.11537e-10	-0.0281491
1.11648e-10	-0.0281534
1.11758e-10	-0.0281563
1.11869e-10	-0.0281578
1.1198e-10	-0.0281579
1.12091e-10	-0.0281565
1.12201e-10	-0.0281536
1.12312e-10	-0.0281492
1.12423e-10	-0.0281434
1.12534e-10	-0.028136
1.12644e-10	-0.0281271
1.12755e-10	-0.0281167
1.12866e-10	-0.0281047
1.12977e-10	-0.0280912
1.13088e-10	-0.0280761
1.13198e-10	-0.0280594
1.13309e-10	-0.0280412
1.1342e-10	-0.0280213
1.13531e-10	-0.0279999
1.13641e-10	-0.0279768
1.13752e-10	-0.0279521
1.13863e-10	-0.0279257
1.13974e-10	-0.0278976
1.14084e-10	-0.0278679
1.14195e-10	-0.0278366
1.14306e-10	-0.0278035
1.14417e-10	-0.0277687
1.14527e-10	-0.0277322
1.14638e-10	-0.0276939
1.14749e-10	-0.0276539
1.1486e-10	-0.0276122
1.1497e-10	-0.0275687
1.15081e-10	-0.0275234
1.15192e-10	-0.0274764
1.15303e-10	-0.0274275
1.15413e-10	-0.0273768
1.15524e-10	-0.0273243
1.15635e-10	-0.02727
1.15746e-10	-0.0272138
1.15857e-10	-0.0271557
1.15967e-10	-0.0270958
1.16078e-10	-0.027034
1.16189e-10	-0.0269703
1.163e-10	-0.0269047
1.1641e-10	-0.0268372
1.16521e-10	-0.0267678
1.16632e-10	-0.0266964
1.16743e-10	-0.0266231
1.16853e-10	-0.0265478
1.16964e-10	-0.0264705
1.17075e-10	-0.0263913
1.17186e-10	-0.02631
1.17296e-10	-0.0262267
1.17407e-10	-0.0261415
1.17518e-10	-0.0260542
1.17629e-10	-0.0259648
1.17739e-10	-0.0258734
1.1785e-10	-0.02578
1.17961e-10	-0.0256844
1.18072e-10	-0.0255868
1.18183e-10	-0.0254871
1.18293e-10	-0.0253852
1.18404e-10	-0.0252813
1.18515e-10	-0.0251752
1.18626e-10	-0.025067
1.18736e-10	-0.0249566
1.18847e-10	-0.0248441
1.18958e-10	-0.0247293
1.19069e-10	-0.0246124
1.19179e-10	-0.0244933
1.1929e-10	-0.024372
1.19401e-10	-0.0242485
1.19512e-10	-0.0241228
1.19622e-10	-0.0239948
1.19733e-10	-0.0238645
1.19844e-10	-0.023732
1.19955e-10	-0.0235973
1.20065e-10	-0.0234602
1.20176e-10	-0.0233209
1.20287e-10	-0.0231793
1.20398e-10	-0.0230353
1.20509e-10	-0.022889
1.20619e-10	-0.0227404
1.2073e-10	-0.0225895
1.20841e-10	-0.0224362
1.20952e-10	-0.0222805
1.21062e-10	-0.0221225
1.21173e-10	-0.0219621
1.21284e-10	-0.0217993
1.21395e-10	-0.0216341
1.21505e-10	-0.0214664
1.21616e-10	-0.0212964
1.21727e-10	-0.0211239
1.21838e-10	-0.020949
1.21948e-10	-0.0207716
1.22059e-10	-0.0205918
1.2217e-10	-0.0204095
1.22281e-10	-0.0202248
1.22391e-10	-0.0200375
1.22502e-10	-0.0198478
1.22613e-10	-0.0196555
1.22724e-10	-0.0194607
1.22835e-10	-0.0192634
1.22945e-10	-0.0190636
1.23056e-10	-0.0188612
1.23167e-10	-0.0186563
1.23278e-10	-0.0184488
1.23388e-10	-0.0182388
1.23499e-10	-0.0180262
1.2361e-10	-0.017811
1.23721e-10	-0.0175932
1.23831e-10	-0.0173728
1.23942e-10	-0.0171498
1.24053e-10	-0.0169242
1.24164e-10	-0.0166959
1.24274e-10	-0.0164651
1.24385e-10	-0.0162316
1.24496e-10	-0.0159954
1.24607e-10	-0.0157566
1.24717e-10	-0.0155151
1.24828e-10	-0.0152709
1.24939e-10	-0.0150241
1.2505e-10	-0.0147746
1.25161e-10	-0.0145224
1.25271e-10	-0.0142675
1.25382e-10	-0.0140099
1.25493e-10	-0.0137495
1.25604e-10	-0.0134865
1.25714e-10	-0.0132207
1.25825e-10	-0.0129522
1.25936e-10	-0.012681
1.26047e-10	-0.012407
1.26157e-10	-0.0121302
1.26268e-10	-0.0118507
1.26379e-10	-0.0115684
1.2649e-10	-0.0112834
1.266e-10	-0.0109956
1.26711e-10	-0.010705
1.26822e-10	-0.0104116
1.26933e-10	-0.0101154
1.27043e-10	-0.00981642
1.27154e-10	-0.00951463
1.27265e-10	-0.00921003
1.27376e-10	-0.00890262
1.27486e-10	-0.00859238
1.27597e-10	-0.00827932
1.27708e-10	-0.00796343
1.27819e-10	-0.00764471
1.2793e-10	-0.00732315
1.2804e-10	-0.00699874
1.28151e-10	-0.00667149
1.28262e-10	-0.00634138
1.28373e-10	-0.00600842
1.28483e-10	-0.0056726
1.28594e-10	-0.00533392
1.28705e-10	-0.00499237
1.28816e-10	-0.00464795
1.28926e-10	-0.00430065
1.29037e-10	-0.00395048
1.29148e-10	-0.00359742
1.29259e-10	-0.00324148
1.29369e-10	-0.00288266
1.2948e-10	-0.00252095
1.29591e-10	-0.00215634
1.29702e-10	-0.00178885
1.29812e-10	-0.00141845
1.29923e-10	-0.00104516
1.30034e-10	-0.000668962
1.30145e-10	-0.000289865
1.30256e-10	9.21369e-05
1.30366e-10	0.000477045
1.30477e-10	0.00086486
1.30588e-10	0.00125558
1.30699e-10	0.00164922
1.30809e-10	0.00204576
1.3092e-10	0.00244522
1.31031e-10	0.00284759
1.31142e-10	0.00325287
1.31252e-10	0.00366107
1.31363e-10	0.00407218
1.31474e-10	0.00448621
1.31585e-10	0.00490315
1.31695e-10	0.005323
1.31806e-10	0.00574577
1.31917e-10	0.00617145
1.32028e-10	0.00660004
1.32138e-10	0.00703155
1.32249e-10	0.00746596
1.3236e-10	0.00790329
1.32471e-10	0.00834353
1.32582e-10	0.00878667
1.32692e-10	0.00923271
1.32803e-10	0.00968166
1.32914e-10	0.0101335
1.33025e-10	0.0105883
1.33135e-10	0.0110459
1.33246e-10	0.0115065
1.33357e-10	0.0119699
1.33468e-10	0.0124362
1.33578e-10	0.0129054
1.33689e-10	0.0133775
1.338e-10	0.0138525
1.33911e-10	0.0143304
1.34021e-10	0.0148111
1.34132e-10	0.0152947
1.34243e-10	0.0157812
1.34354e-10	0.0162705
1.34464e-10	0.0167627
1.34575e-10	0.0172577
1.34686e-10	0.0177556
1.34797e-10	0.0182563
1.34908e-10	0.0187599
1.35018e-10	0.0192662
1.35129e-10	0.0197755
1.3524e-10	0.0202875
1.35351e-10	0.0208024
1.35461e-10	0.02132
1.35572e-10	0.0218405
1.35683e-10	0.0223638
1.35794e-10	0.0228898
1.35904e-10	0.0234187
1.36015e-10	0.0239503
1.36126e-10	0.0244847
1.36237e-10	0.0250218
1.36347e-10	0.0255617
1.36458e-10	0.0261044
1.36569e-10	0.0266498
1.3668e-10	0.0271979
1.3679e-10	0.0277487
1.36901e-10	0.0283023
1.37012e-10	0.0288586
1.37123e-10	0.0294175
1.37234e-10	0.0299792
1.37344e-10	0.0305435
1.37455e-10	0.0311105
1.37566e-10	0.0316801
1.37677e-10	0.0322524
1.37787e-10	0.0328274
1.37898e-10	0.033405
1.38009e-10	0.0339851
1.3812e-10	0.0345679
1.3823e-10	0.0351533
1.38341e-10	0.0357413
1.38452e-10	0.0363319
1.38563e-10	0.036925
1.38673e-10	0.0375207
1.38784e-10	0.0381189
1.38895e-10	0.0387196
1.39006e-10	0.0393228
1.39116e-10	0.0399286
1.39227e-10	0.0405368
1.39338e-10	0.0411475
1.39449e-10	0.0417607
1.3956e-10	0.0423764
1.3967e-10	0.0429944
1.39781e-10	0.0436149
1.39892e-10	0.0442378
1.40003e-10	0.0448631
1.40113e-10	0.0454907
1.40224e-10	0.0461208
1.40335e-10	0.0467532
1.40446e-10	0.0473879
1.40556e-10	0.0480249
1.40667e-10	0.0486642
1.40778e-10	0.0493059
1.40889e-10	0.0499498
1.40999e-10	0.0505959
1.4111e-10	0.0512443
1.41221e-10	0.0518949
1.41332e-10	0.0525477
1.41442e-10	0.0532027
1.41553e-10	0.0538599
1.41664e-10	0.0545192
1.41775e-10	0.0551807
1.41885e-10	0.0558443
1.41996e-10	0.0565099
1.42107e-10	0.0571777
1.42218e-10	0.0578475
1.42329e-10	0.0585194
1.42439e-10	0.0591933
1.4255e-10	0.0598692
1.42661e-10	0.060547
1.42772e-10	0.0612269
1.42882e-10	0.0619087
1.42993e-10	0.0625924
1.43104e-10	0.063278
1.43215e-10	0.0639655
1.43325e-10	0.0646548
1.43436e-10	0.065346
1.43547e-10	0.066039
1.43658e-10	0.0667339
1.43768e-10	0.0674305
1.43879e-10	0.0681288
1.4399e-10	0.0688289
1.44101e-10	0.0695307
1.44211e-10	0.0702341
1.44322e-10	0.0709393
1.44433e-10	0.071646
1.44544e-10	0.0723544
1.44655e-10	0.0730644
1.44765e-10	0.073776
1.44876e-10	0.0744891
1.44987e-10	0.0752037
1.45098e-10	0.0759198
1.45208e-10	0.0766374
1.45319e-10	0.0773564
1.4543e-10	0.0780769
1.45541e-10	0.0787987
1.45651e-10	0.079522
1.45762e-10	0.0802465
1.45873e-10	0.0809724
1.45984e-10	0.0816996
1.46094e-10	0.082428
1.46205e-10	0.0831577
1.46316e-10	0.0838886
1.46427e-10	0.0846206
1.46537e-10	0.0853538
1.46648e-10	0.0860882
1.46759e-10	0.0868236
1.4687e-10	0.0875602
1.46981e-10	0.0882977
1.47091e-10	0.0890363
1.47202e-10	0.0897758
1.47313e-10	0.0905164
1.47424e-10	0.0912578
1.47534e-10	0.0920001
1.47645e-10	0.0927433
1.47756e-10	0.0934874
1.47867e-10	0.0942322
1.47977e-10	0.0949778
1.48088e-10	0.0957242
1.48199e-10	0.0964713
1.4831e-10	0.0972191
1.4842e-10	0.0979675
1.48531e-10	0.0987165
1.48642e-10	0.0994661
1.48753e-10	0.100216
1.48863e-10	0.100967
1.48974e-10	0.101718
1.49085e-10	0.10247
1.49196e-10	0.103222
1.49307e-10	0.103974
1.49417e-10	0.104727
1.49528e-10	0.10548
1.49639e-10	0.106234
1.4975e-10	0.106988
1.4986e-10	0.107741
1.49971e-10	0.108496
1.50082e-10	0.10925
1.50193e-10	0.110004
1.50303e-10	0.110759
1.50414e-10	0.111513
1.50525e-10	0.112268
1.50636e-10	0.113022
1.50746e-10	0.113777
1.50857e-10	0.114531
1.50968e-10	0.115285
1.51079e-10	0.116039
1.51189e-10	0.116793
1.513e-10	0.117547
1.51411e-10	0.1183
1.51522e-10	0.119053
1.51633e-10	0.119806
1.51743e-10	0.120558
1.51854e-10	0.12131
1.51965e-10	0.122061
1.52076e-10	0.122812
1.52186e-10	0.123563
1.52297e-10	0.124312
1.52408e-10	0.125061
1.52519e-10	0.12581
1.52629e-10	0.126558
1.5274e-10	0.127305
1.52851e-10	0.128051
1.52962e-10	0.128796
1.53072e-10	0.129541
1.53183e-10	0.130285
1.53294e-10	0.131027
1.53405e-10	0.131769
1.53515e-10	0.13251
1.53626e-10	0.133249
1.53737e-10	0.133988
1.53848e-10	0.134725
1.53958e-10	0.135461
1.54069e-10	0.136196
1.5418e-10	0.13693
1.54291e-10	0.137662
1.54402e-10	0.138393
1.54512e-10	0.139123
1.54623e-10	0.139851
1.54734e-10	0.140578
1.54845e-10	0.141303
1.54955e-10	0.142027
1.55066e-10	0.142749
1.55177e-10	0.143469
1.55288e-10	0.144188
1.55398e-10	0.144904
1.55509e-10	0.145619
1.5562e-10	0.146333
1.55731e-10	0.147044
1.55841e-10	0.147753
1.55952e-10	0.148461
1.56063e-10	0.149166
1.56174e-10	0.14987
1.56284e-10	0.150571
1.56395e-10	0.15127
1.56506e-10	0.151967
1.56617e-10	0.152662
1.56728e-10	0.153354
1.56838e-10	0.154044
1.56949e-10	0.154732
1.5706e-10	0.155417
1.57171e-10	0.1561
1.57281e-10	0.15678
1.57392e-10	0.157458
1.57503e-10	0.158133
1.57614e-10	0.158806
1.57724e-10	0.159475
1.57835e-10	0.160142
1.57946e-10	0.160807
1.58057e-10	0.161468
1.58167e-10	0.162126
1.58278e-10	0.162782
1.58389e-10	0.163435
1.585e-10	0.164084
1.5861e-10	0.16473
1.58721e-10	0.165374
1.58832e-10	0.166014
1.58943e-10	0.166651
1.59054e-10	0.167284
1.59164e-10	0.167915
1.59275e-10	0.168541
1.59386e-10	0.169165
1.59497e-10	0.169785
1.59607e-10	0.170401
1.59718e-10	0.171014
1.59829e-10	0.171624
1.5994e-10	0.172229
1.6005e-10	0.172831
1.60161e-10	0.173429
1.60272e-10	0.174024
1.60383e-10	0.174614
1.60493e-10	0.175201
1.60604e-10	0.175783
1.60715e-10	0.176362
1.60826e-10	0.176936
1.60936e-10	0.177507
1.61047e-10	0.178073
1.61158e-10	0.178635
1.61269e-10	0.179192
1.6138e-10	0.179746
1.6149e-10	0.180295
1.61601e-10	0.18084
1.61712e-10	0.18138
1.61823e-10	0.181915
1.61933e-10	0.182447
1.62044e-10	0.182973
1.62155e-10	0.183495
1.62266e-10	0.184012
1.62376e-10	0.184524
1.62487e-10	0.185032
1.62598e-10	0.185534
1.62709e-10	0.186032
1.62819e-10	0.186525
1.6293e-10	0.187013
1.63041e-10	0.187495
1.63152e-10	0.187973
1.63262e-10	0.188445
1.63373e-10	0.188912
1.63484e-10	0.189374
1.63595e-10	0.189831
1.63706e-10	0.190282
1.63816e-10	0.190728
1.63927e-10	0.191168
1.64038e-10	0.191602
1.64149e-10	0.192032
1.64259e-10	0.192455
1.6437e-10	0.192873
1.64481e-10	0.193285
1.64592e-10	0.193691
1.64702e-10	0.194092
1.64813e-10	0.194486
1.64924e-10	0.194875
1.65035e-10	0.195258
1.65145e-10	0.195634
1.65256e-10	0.196005
1.65367e-10	0.196369
1.65478e-10	0.196728
1.65588e-10	0.19708
1.65699e-10	0.197425
1.6581e-10	0.197765
1.65921e-10	0.198098
1.66032e-10	0.198424
1.66142e-10	0.198744
1.66253e-10	0.199058
1.66364e-10	0.199364
1.66475e-10	0.199665
1.66585e-10	0.199958
1.66696e-10	0.200245
1.66807e-10	0.200525
1.66918e-10	0.200798
1.67028e-10	0.201065
1.67139e-10	0.201324
1.6725e-10	0.201576
1.67361e-10	0.201822
1.67471e-10	0.20206
1.67582e-10	0.202291
1.67693e-10	0.202515
1.67804e-10	0.202731
1.67914e-10	0.202941
1.68025e-10	0.203143
1.68136e-10	0.203338
1.68247e-10	0.203525
1.68357e-10	0.203704
1.68468e-10	0.203877
1.68579e-10	0.204041
1.6869e-10	0.204198
1.68801e-10	0.204348
1.68911e-10	0.204489
1.69022e-10	0.204623
1.69133e-10	0.204749
1.69244e-10	0.204867
1.69354e-10	0.204978
1.69465e-10	0.20508
1.69576e-10	0.205174
1.69687e-10	0.20526
1.69797e-10	0.205338
1.69908e-10	0.205408
1.70019e-10	0.20547
1.7013e-10	0.205524
1.7024e-10	0.205569
1.70351e-10	0.205606
1.70462e-10	0.205635
1.70573e-10	0.205655
1.70683e-10	0.205666
1.70794e-10	0.205669
1.70905e-10	0.205664
1.71016e-10	0.20565
1.71127e-10	0.205627
1.71237e-10	0.205596
1.71348e-10	0.205556
1.71459e-10	0.205507
1.7157e-10	0.205449
1.7168e-10	0.205383
1.71791e-10	0.205307
1.71902e-10	0.205223
1.72013e-10	0.205129
1.72123e-10	0.205027
1.72234e-10	0.204915
1.72345e-10	0.204795
1.72456e-10	0.204665
1.72566e-10	0.204526
1.72677e-10	0.204377
1.72788e-10	0.20422
1.72899e-10	0.204053
1.73009e-10	0.203877
1.7312e-10	0.203691
1.73231e-10	0.203496
1.73342e-10	0.203291
1.73453e-10	0.203077
1.73563e-10	0.202853
1.73674e-10	0.202619
1.73785e-10	0.202376
1.73896e-10	0.202124
1.74006e-10	0.201861
1.74117e-10	0.201589
1.74228e-10	0.201307
1.74339e-10	0.201015
1.74449e-10	0.200713
1.7456e-10	0.200401
1.74671e-10	0.20008
1.74782e-10	0.199748
1.74892e-10	0.199407
1.75003e-10	0.199055
1.75114e-10	0.198693
1.75225e-10	0.198321
1.75335e-10	0.197939
1.75446e-10	0.197547
1.75557e-10	0.197144
1.75668e-10	0.196731
1.75779e-10	0.196308
1.75889e-10	0.195874
1.76e-10	0.195431
1.76111e-10	0.194976
1.76222e-10	0.194512
1.76332e-10	0.194037
1.76443e-10	0.193551
1.76554e-10	0.193055
1.76665e-10	0.192548
1.76775e-10	0.192031
1.76886e-10	0.191503
1.76997e-10	0.190964
1.77108e-10	0.190415
1.77218e-10	0.189855
1.77329e-10	0.189284
1.7744e-10	0.188703
1.77551e-10	0.18811
1.77661e-10	0.187507
1.77772e-10	0.186893
1.77883e-10	0.186269
1.77994e-10	0.185633
1.78105e-10	0.184986
1.78215e-10	0.184329
1.78326e-10	0.18366
1.78437e-10	0.182981
1.78548e-10	0.18229
1.78658e-10	0.181589
1.78769e-10	0.180876
1.7888e-10	0.180152
1.78991e-10	0.179417
1.79101e-10	0.178671
1.79212e-10	0.177914
1.79323e-10	0.177146
1.79434e-10	0.176366
1.79544e-10	0.175576
1.79655e-10	0.174774
1.79766e-10	0.17396
1.79877e-10	0.173136
1.79987e-10	0.1723
1.80098e-10	0.171453
1.80209e-10	0.170595
1.8032e-10	0.169725
1.8043e-10	0.168844
1.80541e-10	0.167951
1.80652e-10	0.167047
1.80763e-10	0.166132
1.80874e-10	0.165205
1.80984e-10	0.164267
1.81095e-10	0.163317
1.81206e-10	0.162356
1.81317e-10	0.161384
1.81427e-10	0.1604
1.81538e-10	0.159404
1.81649e-10	0.158397
1.8176e-10	0.157378
1.8187e-10	0.156348
1.81981e-10	0.155307
1.82092e-10	0.154253
1.82203e-10	0.153189
1.82313e-10	0.152112
1.82424e-10	0.151024
1.82535e-10	0.149925
1.82646e-10	0.148814
1.82756e-10	0.147691
1.82867e-10	0.146557
1.82978e-10	0.145411
1.83089e-10	0.144253
1.832e-10	0.143084
1.8331e-10	0.141903
1.83421e-10	0.140711
1.83532e-10	0.139507
1.83643e-10	0.138292
1.83753e-10	0.137064
1.83864e-10	0.135825
1.83975e-10	0.134575
1.84086e-10	0.133313
1.84196e-10	0.132039
1.84307e-10	0.130754
1.84418e-10	0.129457
1.84529e-10	0.128148
1.84639e-10	0.126828
1.8475e-10	0.125496
1.84861e-10	0.124153
1.84972e-10	0.122798
1.85082e-10	0.121431
1.85193e-10	0.120053
1.85304e-10	0.118663
1.85415e-10	0.117262
1.85526e-10	0.115849
1.85636e-10	0.114425
1.85747e-10	0.112989
1.85858e-10	0.111541
1.85969e-10	0.110082
1.86079e-10	0.108611
1.8619e-10	0.107129
1.86301e-10	0.105636
1.86412e-10	0.104131
1.86522e-10	0.102614
1.86633e-10	0.101086
1.86744e-10	0.0995466
1.86855e-10	0.0979957
1.86965e-10	0.0964334
1.87076e-10	0.0948597
1.87187e-10	0.0932747
1.87298e-10	0.0916783
1.87408e-10	0.0900705
1.87519e-10	0.0884515
1.8763e-10	0.0868211
1.87741e-10	0.0851794
1.87852e-10	0.0835265
1.87962e-10	0.0818624
1.88073e-10	0.080187
1.88184e-10	0.0785004
1.88295e-10	0.0768026
1.88405e-10	0.0750937
1.88516e-10	0.0733737
1.88627e-10	0.0716426
1.88738e-10	0.0699004
1.88848e-10	0.0681472
1.88959e-10	0.0663829
1.8907e-10	0.0646076
1.89181e-10	0.0628214
1.89291e-10	0.0610242
1.89402e-10	0.0592162
1.89513e-10	0.0573972
1.89624e-10	0.0555674
1.89734e-10	0.0537268
1.89845e-10	0.0518754
1.89956e-10	0.0500132
1.90067e-10	0.0481404
1.90178e-10	0.0462568
1.90288e-10	0.0443626
1.90399e-10	0.0424578
1.9051e-10	0.0405424
1.90621e-10	0.0386165
1.90731e-10	0.0366801
1.90842e-10	0.0347332
1.90953e-10	0.0327758
1.91064e-10	0.0308081
1.91174e-10	0.02883
1.91285e-10	0.0268416
1.91396e-10	0.024843
1.91507e-10	0.0228341
1.91617e-10	0.0208151
1.91728e-10	0.0187859
1.91839e-10	0.0167466
1.9195e-10	0.0146972
1.9206e-10	0.0126379
1.92171e-10	0.0105686
1.92282e-10	0.00848933
1.92393e-10	0.00640023
1.92504e-10	0.00430131
1.92614e-10	0.00219262
1.92725e-10	7.41957e-05
1.92836e-10	-0.0020539
1.92947e-10	-0.00419162
1.93057e-10	-0.00633891
1.93168e-10	-0.00849572
1.93279e-10	-0.010662
1.9339e-10	-0.0128377
1.935e-10	-0.0150228
1.93611e-10	-0.0172171
1.93722e-10	-0.0194208
1.93833e-10	-0.0216336
1.93943e-10	-0.0238556
1.94054e-10	-0.0260866
1.94165e-10	-0.0283267
1.94276e-10	-0.0305757
1.94386e-10	-0.0328337
1.94497e-10	-0.0351005
1.94608e-10	-0.0373761
1.94719e-10	-0.0396605
1.94829e-10	-0.0419535
1.9494e-10	-0.0442551
1.95051e-10	-0.0465653
1.95162e-10	-0.0488839
1.95273e-10	-0.051211
1.95383e-10	-0.0535464
1.95494e-10	-0.0558901
1.95605e-10	-0.058242
1.95716e-10	-0.0606021
1.95826e-10	-0.0629703
1.95937e-10	-0.0653465
1.96048e-10	-0.0677307
1.96159e-10	-0.0701227
1.96269e-10	-0.0725225
1.9638e-10	-0.0749301
1.96491e-10	-0.0773454
1.96602e-10	-0.0797683
1.96712e-10	-0.0821986
1.96823e-10	-0.0846365
1.96934e-10	-0.0870817
1.97045e-10	-0.0895343
1.97155e-10	-0.091994
1.97266e-10	-0.094461
1.97377e-10	-0.096935
1.97488e-10	-0.099416
1.97599e-10	-0.101904
1.97709e-10	-0.104399
1.9782e-10	-0.1069
1.97931e-10	-0.109409
1.98042e-10	-0.111923
1.98152e-10	-0.114445
1.98263e-10	-0.116973
1.98374e-10	-0.119507
1.98485e-10	-0.122048
1.98595e-10	-0.124594
1.98706e-10	-0.127147
1.98817e-10	-0.129706
1.98928e-10	-0.132271
1.99038e-10	-0.134842
1.99149e-10	-0.137418
1.9926e-10	-0.14
1.99371e-10	-0.142588
1.99481e-10	-0.145181
1.99592e-10	-0.14778
1.99703e-10	-0.150384
1.99814e-10	-0.152994
1.99925e-10	-0.155608
2.00035e-10	-0.158228
2.00146e-10	-0.160852
2.00257e-10	-0.163482
2.00368e-10	-0.166116
2.00478e-10	-0.168755
2.00589e-10	-0.171399
2.007e-10	-0.174047
2.00811e-10	-0.176699
2.00921e-10	-0.179356
2.01032e-10	-0.182017
2.01143e-10	-0.184682
2.01254e-10	-0.187352
2.01364e-10	-0.190025
2.01475e-10	-0.192702
2.01586e-10	-0.195383
2.01697e-10	-0.198067
2.01807e-10	-0.200755
2.01918e-10	-0.203447
2.02029e-10	-0.206142
2.0214e-10	-0.20884
2.02251e-10	-0.211541
2.02361e-10	-0.214246
2.02472e-10	-0.216953
2.02583e-10	-0.219663
2.02694e-10	-0.222376
2.02804e-10	-0.225091
2.02915e-10	-0.227809
2.03026e-10	-0.23053
2.03137e-10	-0.233252
2.03247e-10	-0.235977
2.03358e-10	-0.238704
2.03469e-10	-0.241433
2.0358e-10	-0.244164
2.0369e-10	-0.246897
2.03801e-10	-0.249632
2.03912e-10	-0.252368
2.04023e-10	-0.255105
2.04133e-10	-0.257844
2.04244e-10	-0.260584
2.04355e-10	-0.263325
2.04466e-10	-0.266067
2.04577e-10	-0.268811
2.04687e-10	-0.271554
2.04798e-10	-0.274299
2.04909e-10	-0.277044
2.0502e-10	-0.27979
2.0513e-10	-0.282536
2.05241e-10	-0.285282
2.05352e-10	-0.288028
2.05463e-10	-0.290775
2.05573e-10	-0.293521
2.05684e-10	-0.296267
2.05795e-10	-0.299013
2.05906e-10	-0.301758
2.06016e-10	-0.304503
2.06127e-10	-0.307246
2.06238e-10	-0.30999
2.06349e-10	-0.312732
2.06459e-10	-0.315473
2.0657e-10	-0.318213
2.06681e-10	-0.320952
2.06792e-10	-0.323689
2.06903e-10	-0.326425
2.07013e-10	-0.329159
2.07124e-10	-0.331891
2.07235e-10	-0.334622
2.07346e-10	-0.33735
2.07456e-10	-0.340076
2.07567e-10	-0.342801
2.07678e-10	-0.345522
2.07789e-10	-0.348242
2.07899e-10	-0.350958
2.0801e-10	-0.353672
2.08121e-10	-0.356383
2.08232e-10	-0.359091
2.08342e-10	-0.361796
2.08453e-10	-0.364498
2.08564e-10	-0.367196
2.08675e-10	-0.369891
2.08785e-10	-0.372582
2.08896e-10	-0.37527
2.09007e-10	-0.377954
2.09118e-10	-0.380634
2.09228e-10	-0.383309
2.09339e-10	-0.385981
2.0945e-10	-0.388648
2.09561e-10	-0.39131
2.09672e-10	-0.393968
2.09782e-10	-0.396621
2.09893e-10	-0.39927
2.10004e-10	-0.401913
2.10115e-10	-0.404551
2.10225e-10	-0.407185
2.10336e-10	-0.409812
2.10447e-10	-0.412434
2.10558e-10	-0.415051
2.10668e-10	-0.417662
2.10779e-10	-0.420267
2.1089e-10	-0.422865
2.11001e-10	-0.425458
2.11111e-10	-0.428045
2.11222e-10	-0.430625
2.11333e-10	-0.433198
2.11444e-10	-0.435765
2.11554e-10	-0.438325
2.11665e-10	-0.440879
2.11776e-10	-0.443425
2.11887e-10	-0.445964
2.11998e-10	-0.448496
2.12108e-10	-0.45102
2.12219e-10	-0.453537
2.1233e-10	-0.456046
2.12441e-10	-0.458547
2.12551e-10	-0.46104
2.12662e-10	-0.463525
2.12773e-10	-0.466002
2.12884e-10	-0.468471
2.12994e-10	-0.470931
2.13105e-10	-0.473383
2.13216e-10	-0.475826
2.13327e-10	-0.47826
2.13437e-10	-0.480685
2.13548e-10	-0.483101
2.13659e-10	-0.485507
2.1377e-10	-0.487905
2.1388e-10	-0.490292
2.13991e-10	-0.492671
2.14102e-10	-0.495039
2.14213e-10	-0.497397
2.14324e-10	-0.499746
2.14434e-10	-0.502084
2.14545e-10	-0.504412
2.14656e-10	-0.50673
2.14767e-10	-0.509037
2.14877e-10	-0.511333
2.14988e-10	-0.513619
2.15099e-10	-0.515893
2.1521e-10	-0.518157
2.1532e-10	-0.520409
2.15431e-10	-0.522651
2.15542e-10	-0.52488
2.15653e-10	-0.527098
2.15763e-10	-0.529305
2.15874e-10	-0.531499
2.15985e-10	-0.533682
2.16096e-10	-0.535852
2.16206e-10	-0.53801
2.16317e-10	-0.540156
2.16428e-10	-0.54229
2.16539e-10	-0.544411
2.1665e-10	-0.546519
2.1676e-10	-0.548614
2.16871e-10	-0.550696
2.16982e-10	-0.552765
2.17093e-10	-0.554821
2.17203e-10	-0.556864
2.17314e-10	-0.558893
2.17425e-10	-0.560908
2.17536e-10	-0.56291
2.17646e-10	-0.564898
2.17757e-10	-0.566872
2.17868e-10	-0.568832
2.17979e-10	-0.570777
2.18089e-10	-0.572709
2.182e-10	-0.574625
2.18311e-10	-0.576527
2.18422e-10	-0.578415
2.18532e-10	-0.580287
2.18643e-10	-0.582145
2.18754e-10	-0.583987
2.18865e-10	-0.585815
2.18976e-10	-0.587627
2.19086e-10	-0.589423
2.19197e-10	-0.591204
2.19308e-10	-0.592969
2.19419e-10	-0.594718
2.19529e-10	-0.596452
2.1964e-10	-0.598169
2.19751e-10	-0.59987
2.19862e-10	-0.601555
2.19972e-10	-0.603224
2.20083e-10	-0.604876
2.20194e-10	-0.606511
2.20305e-10	-0.60813
2.20415e-10	-0.609731
2.20526e-10	-0.611316
2.20637e-10	-0.612883
2.20748e-10	-0.614434
2.20858e-10	-0.615967
2.20969e-10	-0.617482
2.2108e-10	-0.61898
2.21191e-10	-0.620461
2.21301e-10	-0.621923
2.21412e-10	-0.623368
2.21523e-10	-0.624794
2.21634e-10	-0.626202
2.21745e-10	-0.627593
2.21855e-10	-0.628964
2.21966e-10	-0.630318
2.22077e-10	-0.631653
2.22188e-10	-0.632969
2.22298e-10	-0.634266
2.22409e-10	-0.635545
2.2252e-10	-0.636804
2.22631e-10	-0.638044
2.22741e-10	-0.639265
2.22852e-10	-0.640467
2.22963e-10	-0.64165
2.23074e-10	-0.642813
2.23184e-10	-0.643956
2.23295e-10	-0.645079
2.23406e-10	-0.646183
2.23517e-10	-0.647267
2.23627e-10	-0.64833
2.23738e-10	-0.649374
2.23849e-10	-0.650397
2.2396e-10	-0.6514
2.24071e-10	-0.652383
2.24181e-10	-0.653345
2.24292e-10	-0.654286
2.24403e-10	-0.655207
2.24514e-10	-0.656107
2.24624e-10	-0.656986
2.24735e-10	-0.657844
2.24846e-10	-0.658681
2.24957e-10	-0.659496
2.25067e-10	-0.660291
2.25178e-10	-0.661064
2.25289e-10	-0.661815
2.254e-10	-0.662545
2.2551e-10	-0.663254
2.25621e-10	-0.66394
2.25732e-10	-0.664605
2.25843e-10	-0.665248
2.25953e-10	-0.665869
2.26064e-10	-0.666468
2.26175e-10	-0.667044
2.26286e-10	-0.667599
2.26397e-10	-0.668131
2.26507e-10	-0.668641
2.26618e-10	-0.669128
2.26729e-10	-0.669592
2.2684e-10	-0.670034
2.2695e-10	-0.670454
2.27061e-10	-0.67085
2.27172e-10	-0.671224
2.27283e-10	-0.671574
2.27393e-10	-0.671902
2.27504e-10	-0.672206
2.27615e-10	-0.672487
2.27726e-10	-0.672745
2.27836e-10	-0.67298
2.27947e-10	-0.673191
2.28058e-10	-0.673379
2.28169e-10	-0.673543
2.28279e-10	-0.673684
2.2839e-10	-0.673801
2.28501e-10	-0.673894
2.28612e-10	-0.673963
2.28723e-10	-0.674009
2.28833e-10	-0.674031
2.28944e-10	-0.674028
2.29055e-10	-0.674002
2.29166e-10	-0.673951
2.29276e-10	-0.673876
2.29387e-10	-0.673777
2.29498e-10	-0.673654
2.29609e-10	-0.673506
2.29719e-10	-0.673334
2.2983e-10	-0.673138
2.29941e-10	-0.672917
2.30052e-10	-0.672671
2.30162e-10	-0.672401
2.30273e-10	-0.672105
2.30384e-10	-0.671786
2.30495e-10	-0.671441
2.30605e-10	-0.671072
2.30716e-10	-0.670678
2.30827e-10	-0.670259
2.30938e-10	-0.669814
2.31049e-10	-0.669345
2.31159e-10	-0.668851
2.3127e-10	-0.668332
2.31381e-10	-0.667787
2.31492e-10	-0.667218
2.31602e-10	-0.666623
2.31713e-10	-0.666003
2.31824e-10	-0.665357
2.31935e-10	-0.664687
2.32045e-10	-0.66399
2.32156e-10	-0.663269
2.32267e-10	-0.662522
2.32378e-10	-0.66175
2.32488e-10	-0.660952
2.32599e-10	-0.660128
2.3271e-10	-0.659279
2.32821e-10	-0.658405
2.32931e-10	-0.657504
2.33042e-10	-0.656579
2.33153e-10	-0.655627
2.33264e-10	-0.65465
2.33375e-10	-0.653647
2.33485e-10	-0.652618
2.33596e-10	-0.651564
2.33707e-10	-0.650484
2.33818e-10	-0.649378
2.33928e-10	-0.648246
2.34039e-10	-0.647089
2.3415e-10	-0.645905
2.34261e-10	-0.644696
2.34371e-10	-0.643461
2.34482e-10	-0.6422
2.34593e-10	-0.640913
2.34704e-10	-0.6396
2.34814e-10	-0.638262
2.34925e-10	-0.636897
2.35036e-10	-0.635507
2.35147e-10	-0.634091
2.35257e-10	-0.632648
2.35368e-10	-0.63118
2.35479e-10	-0.629686
2.3559e-10	-0.628166
2.357e-10	-0.62662
2.35811e-10	-0.625049
2.35922e-10	-0.623451
2.36033e-10	-0.621827
2.36144e-10	-0.620178
2.36254e-10	-0.618502
2.36365e-10	-0.616801
2.36476e-10	-0.615074
2.36587e-10	-0.613321
2.36697e-10	-0.611542
2.36808e-10	-0.609738
2.36919e-10	-0.607907
2.3703e-10	-0.606051
2.3714e-10	-0.604169
2.37251e-10	-0.602261
2.37362e-10	-0.600328
2.37473e-10	-0.598368
2.37583e-10	-0.596383
2.37694e-10	-0.594373
2.37805e-10	-0.592337
2.37916e-10	-0.590275
2.38026e-10	-0.588187
2.38137e-10	-0.586074
2.38248e-10	-0.583935
2.38359e-10	-0.581771
2.3847e-10	-0.579582
2.3858e-10	-0.577366
2.38691e-10	-0.575126
2.38802e-10	-0.57286
2.38913e-10	-0.570569
2.39023e-10	-0.568252
2.39134e-10	-0.565911
2.39245e-10	-0.563543
2.39356e-10	-0.561151
2.39466e-10	-0.558734
2.39577e-10	-0.556291
2.39688e-10	-0.553824
2.39799e-10	-0.551331
2.39909e-10	-0.548814
2.4002e-10	-0.546271
2.40131e-10	-0.543704
2.40242e-10	-0.541112
2.40352e-10	-0.538495
2.40463e-10	-0.535854
2.40574e-10	-0.533187
2.40685e-10	-0.530497
2.40796e-10	-0.527781
2.40906e-10	-0.525041
2.41017e-10	-0.522277
2.41128e-10	-0.519489
2.41239e-10	-0.516676
2.41349e-10	-0.513838
2.4146e-10	-0.510977
2.41571e-10	-0.508092
2.41682e-10	-0.505182
2.41792e-10	-0.502249
2.41903e-10	-0.499291
2.42014e-10	-0.49631
2.42125e-10	-0.493305
2.42235e-10	-0.490276
2.42346e-10	-0.487224
2.42457e-10	-0.484148
2.42568e-10	-0.481049
2.42678e-10	-0.477926
2.42789e-10	-0.47478
2.429e-10	-0.471611
2.43011e-10	-0.468419
2.43122e-10	-0.465203
2.43232e-10	-0.461965
2.43343e-10	-0.458704
2.43454e-10	-0.455419
2.43565e-10	-0.452112
2.43675e-10	-0.448783
2.43786e-10	-0.445431
2.43897e-10	-0.442056
2.44008e-10	-0.438659
2.44118e-10	-0.43524
2.44229e-10	-0.431799
2.4434e-10	-0.428335
2.44451e-10	-0.42485
2.44561e-10	-0.421343
2.44672e-10	-0.417814
2.44783e-10	-0.414263
2.44894e-10	-0.41069
2.45004e-10	-0.407096
2.45115e-10	-0.403481
2.45226e-10	-0.399845
2.45337e-10	-0.396187
2.45448e-10	-0.392508
2.45558e-10	-0.388808
2.45669e-10	-0.385087
2.4578e-10	-0.381346
2.45891e-10	-0.377584
2.46001e-10	-0.373801
2.46112e-10	-0.369998
2.46223e-10	-0.366175
2.46334e-10	-0.362332
2.46444e-10	-0.358468
2.46555e-10	-0.354584
2.46666e-10	-0.350681
2.46777e-10	-0.346758
2.46887e-10	-0.342815
2.46998e-10	-0.338853
2.47109e-10	-0.334872
2.4722e-10	-0.330871
2.4733e-10	-0.326852
2.47441e-10	-0.322813
2.47552e-10	-0.318755
2.47663e-10	-0.314679
2.47773e-10	-0.310584
2.47884e-10	-0.306471
2.47995e-10	-0.302339
2.48106e-10	-0.298189
2.48217e-10	-0.294021
2.48327e-10	-0.289835
2.48438e-10	-0.285632
2.48549e-10	-0.281411
2.4866e-10	-0.277172
2.4877e-10	-0.272916
2.48881e-10	-0.268642
2.48992e-10	-0.264352
2.49103e-10	-0.260044
2.49213e-10	-0.25572
2.49324e-10	-0.251379
2.49435e-10	-0.247022
2.49546e-10	-0.242648
2.49656e-10	-0.238258
2.49767e-10	-0.233852
2.49878e-10	-0.22943
2.49989e-10	-0.224992
2.50099e-10	-0.220538
2.5021e-10	-0.216069
2.50321e-10	-0.211585
2.50432e-10	-0.207085
2.50543e-10	-0.202571
2.50653e-10	-0.198041
2.50764e-10	-0.193497
2.50875e-10	-0.188939
2.50986e-10	-0.184365
2.51096e-10	-0.179778
2.51207e-10	-0.175177
2.51318e-10	-0.170561
2.51429e-10	-0.165932
2.51539e-10	-0.161289
2.5165e-10	-0.156633
2.51761e-10	-0.151964
2.51872e-10	-0.147281
2.51982e-10	-0.142586
2.52093e-10	-0.137877
2.52204e-10	-0.133157
2.52315e-10	-0.128423
2.52425e-10	-0.123678
2.52536e-10	-0.11892
2.52647e-10	-0.11415
2.52758e-10	-0.109369
2.52869e-10	-0.104575
2.52979e-10	-0.099771
2.5309e-10	-0.0949552
2.53201e-10	-0.0901284
2.53312e-10	-0.0852906
2.53422e-10	-0.0804421
2.53533e-10	-0.0755831
2.53644e-10	-0.0707136
2.53755e-10	-0.065834
2.53865e-10	-0.0609444
2.53976e-10	-0.0560449
2.54087e-10	-0.0511357
2.54198e-10	-0.046217
2.54308e-10	-0.0412891
2.54419e-10	-0.036352
2.5453e-10	-0.0314059
2.54641e-10	-0.0264511
2.54751e-10	-0.0214878
2.54862e-10	-0.016516
2.54973e-10	-0.011536
2.55084e-10	-0.00654803
2.55195e-10	-0.00155219
2.55305e-10	0.0034513
2.55416e-10	0.00846226
2.55527e-10	0.0134805
2.55638e-10	0.0185058
2.55748e-10	0.0235381
2.55859e-10	0.028577
2.5597e-10	0.0336225
2.56081e-10	0.0386743
2.56191e-10	0.0437322
2.56302e-10	0.0487961
2.56413e-10	0.0538657
2.56524e-10	0.0589409
2.56634e-10	0.0640215
2.56745e-10	0.0691073
2.56856e-10	0.074198
2.56967e-10	0.0792936
2.57077e-10	0.0843937
2.57188e-10	0.0894983
2.57299e-10	0.094607
2.5741e-10	0.0997198
2.57521e-10	0.104836
2.57631e-10	0.109957
2.57742e-10	0.11508
2.57853e-10	0.120207
2.57964e-10	0.125337
2.58074e-10	0.13047
2.58185e-10	0.135605
2.58296e-10	0.140743
2.58407e-10	0.145883
2.58517e-10	0.151025
2.58628e-10	0.156168
2.58739e-10	0.161314
2.5885e-10	0.166461
2.5896e-10	0.171609
2.59071e-10	0.176758
2.59182e-10	0.181908
2.59293e-10	0.187059
2.59403e-10	0.19221
2.59514e-10	0.197361
2.59625e-10	0.202512
2.59736e-10	0.207663
2.59847e-10	0.212814
2.59957e-10	0.217964
2.60068e-10	0.223113
2.60179e-10	0.228262
2.6029e-10	0.233409
2.604e-10	0.238554
2.60511e-10	0.243698
2.60622e-10	0.248841
2.60733e-10	0.253981
2.60843e-10	0.259119
2.60954e-10	0.264254
2.61065e-10	0.269387
2.61176e-10	0.274517
2.61286e-10	0.279644
2.61397e-10	0.284768
2.61508e-10	0.289888
2.61619e-10	0.295005
2.61729e-10	0.300118
2.6184e-10	0.305227
2.61951e-10	0.310331
2.62062e-10	0.315431
2.62172e-10	0.320526
2.62283e-10	0.325617
2.62394e-10	0.330702
2.62505e-10	0.335782
2.62616e-10	0.340856
2.62726e-10	0.345925
2.62837e-10	0.350988
2.62948e-10	0.356044
2.63059e-10	0.361095
2.63169e-10	0.366139
2.6328e-10	0.371176
2.63391e-10	0.376206
2.63502e-10	0.381229
2.63612e-10	0.386244
2.63723e-10	0.391252
2.63834e-10	0.396253
2.63945e-10	0.401245
2.64055e-10	0.406229
2.64166e-10	0.411205
2.64277e-10	0.416172
2.64388e-10	0.42113
2.64498e-10	0.42608
2.64609e-10	0.43102
2.6472e-10	0.435951
2.64831e-10	0.440872
2.64942e-10	0.445783
2.65052e-10	0.450685
2.65163e-10	0.455576
2.65274e-10	0.460457
2.65385e-10	0.465327
2.65495e-10	0.470186
2.65606e-10	0.475035
2.65717e-10	0.479872
2.65828e-10	0.484697
2.65938e-10	0.489511
2.66049e-10	0.494314
2.6616e-10	0.499104
2.66271e-10	0.503882
2.66381e-10	0.508648
2.66492e-10	0.513401
2.66603e-10	0.518141
2.66714e-10	0.522868
2.66824e-10	0.527582
2.66935e-10	0.532283
2.67046e-10	0.53697
2.67157e-10	0.541643
2.67268e-10	0.546302
2.67378e-10	0.550947
2.67489e-10	0.555578
2.676e-10	0.560194
2.67711e-10	0.564796
2.67821e-10	0.569382
2.67932e-10	0.573953
2.68043e-10	0.578509
2.68154e-10	0.58305
2.68264e-10	0.587574
2.68375e-10	0.592083
2.68486e-10	0.596576
2.68597e-10	0.601052
2.68707e-10	0.605512
2.68818e-10	0.609955
2.68929e-10	0.614382
2.6904e-10	0.618791
2.6915e-10	0.623183
2.69261e-10	0.627558
2.69372e-10	0.631915
2.69483e-10	0.636254
2.69594e-10	0.640575
2.69704e-10	0.644879
2.69815e-10	0.649163
2.69926e-10	0.65343
2.70037e-10	0.657677
2.70147e-10	0.661906
2.70258e-10	0.666116
2.70369e-10	0.670306
2.7048e-10	0.674477
2.7059e-10	0.678629
2.70701e-10	0.682761
2.70812e-10	0.686872
2.70923e-10	0.690964
2.71033e-10	0.695036
2.71144e-10	0.699086
2.71255e-10	0.703117
2.71366e-10	0.707126
2.71476e-10	0.711115
2.71587e-10	0.715082
2.71698e-10	0.719028
2.71809e-10	0.722952
2.7192e-10	0.726855
2.7203e-10	0.730736
2.72141e-10	0.734595
2.72252e-10	0.738432
2.72363e-10	0.742247
2.72473e-10	0.746039
2.72584e-10	0.749808
2.72695e-10	0.753555
2.72806e-10	0.757279
2.72916e-10	0.760979
2.73027e-10	0.764657
2.73138e-10	0.76831
2.73249e-10	0.771941
2.73359e-10	0.775547
2.7347e-10	0.77913
2.73581e-10	0.782688
2.73692e-10	0.786222
2.73802e-10	0.789732
2.73913e-10	0.793218
2.74024e-10	0.796678
2.74135e-10	0.800114
2.74245e-10	0.803525
2.74356e-10	0.806911
2.74467e-10	0.810271
2.74578e-10	0.813606
2.74689e-10	0.816916
2.74799e-10	0.8202
2.7491e-10	0.823458
2.75021e-10	0.82669
2.75132e-10	0.829896
2.75242e-10	0.833075
2.75353e-10	0.836228
2.75464e-10	0.839355
2.75575e-10	0.842455
2.75685e-10	0.845528
2.75796e-10	0.848575
2.75907e-10	0.851594
2.76018e-10	0.854586
2.76128e-10	0.857551
2.76239e-10	0.860488
2.7635e-10	0.863397
2.76461e-10	0.866279
2.76571e-10	0.869133
2.76682e-10	0.87196
2.76793e-10	0.874758
2.76904e-10	0.877527
2.77015e-10	0.880269
2.77125e-10	0.882982
2.77236e-10	0.885666
2.77347e-10	0.888322
2.77458e-10	0.890949
2.77568e-10	0.893547
2.77679e-10	0.896116
2.7779e-10	0.898656
2.77901e-10	0.901167
2.78011e-10	0.903648
2.78122e-10	0.9061
2.78233e-10	0.908523
2.78344e-10	0.910915
2.78454e-10	0.913278
2.78565e-10	0.915611
2.78676e-10	0.917914
2.78787e-10	0.920187
2.78897e-10	0.92243
2.79008e-10	0.924642
2.79119e-10	0.926824
2.7923e-10	0.928976
2.79341e-10	0.931097
2.79451e-10	0.933187
2.79562e-10	0.935246
2.79673e-10	0.937275
2.79784e-10	0.939273
2.79894e-10	0.94124
2.80005e-10	0.943175
2.80116e-10	0.94508
2.80227e-10	0.946953
2.80337e-10	0.948795
2.80448e-10	0.950605
2.80559e-10	0.952384
2.8067e-10	0.954131
2.8078e-10	0.955847
2.80891e-10	0.957531
2.81002e-10	0.959183
2.81113e-10	0.960803
2.81223e-10	0.962391
2.81334e-10	0.963947
2.81445e-10	0.965471
2.81556e-10	0.966963
2.81667e-10	0.968423
2.81777e-10	0.96985
2.81888e-10	0.971245
2.81999e-10	0.972608
2.8211e-10	0.973938
2.8222e-10	0.975235
2.82331e-10	0.9765
2.82442e-10	0.977732
2.82553e-10	0.978932
2.82663e-10	0.980099
2.82774e-10	0.981233
2.82885e-10	0.982334
2.82996e-10	0.983402
2.83106e-10	0.984437
2.83217e-10	0.98544
2.83328e-10	0.986409
2.83439e-10	0.987345
2.83549e-10	0.988248
2.8366e-10	0.989118
2.83771e-10	0.989954
2.83882e-10	0.990758
2.83993e-10	0.991528
2.84103e-10	0.992265
2.84214e-10	0.992968
2.84325e-10	0.993638
2.84436e-10	0.994275
2.84546e-10	0.994878
2.84657e-10	0.995448
2.84768e-10	0.995984
2.84879e-10	0.996487
2.84989e-10	0.996956
2.851e-10	0.997391
2.85211e-10	0.997794
2.85322e-10	0.998162
2.85432e-10	0.998497
2.85543e-10	0.998798
2.85654e-10	0.999066
2.85765e-10	0.9993
2.85875e-10	0.9995
2.85986e-10	0.999667
2.86097e-10	0.9998
2.86208e-10	0.999899
2.86319e-10	0.999965
2.86429e-10	0.999997
2.8654e-10	0.999995
2.86651e-10	0.999959
2.86762e-10	0.99989
2.86872e-10	0.999788
2.86983e-10	0.999651
2.87094e-10	0.999481
2.87205e-10	0.999277
2.87315e-10	0.99904
2.87426e-10	0.998768
2.87537e-10	0.998464
2.87648e-10	0.998125
2.87758e-10	0.997753
2.87869e-10	0.997348
2.8798e-10	0.996909
2.88091e-10	0.996436
2.88201e-10	0.99593
2.88312e-10	0.99539
2.88423e-10	0.994817
2.88534e-10	0.99421
2.88644e-10	0.99357
2.88755e-10	0.992897
2.88866e-10	0.99219
2.88977e-10	0.991449
2.89088e-10	0.990676
2.89198e-10	0.989869
2.89309e-10	0.989029
2.8942e-10	0.988156
2.89531e-10	0.987249
2.89641e-10	0.98631
2.89752e-10	0.985337
2.89863e-10	0.984331
2.89974e-10	0.983293
2.90084e-10	0.982221
2.90195e-10	0.981117
2.90306e-10	0.979979
2.90417e-10	0.978809
2.90527e-10	0.977606
2.90638e-10	0.97637
2.90749e-10	0.975102
2.9086e-10	0.973801
2.9097e-10	0.972468
2.91081e-10	0.971102
2.91192e-10	0.969703
2.91303e-10	0.968273
2.91414e-10	0.96681
2.91524e-10	0.965315
2.91635e-10	0.963787
2.91746e-10	0.962228
2.91857e-10	0.960636
2.91967e-10	0.959013
2.92078e-10	0.957358
2.92189e-10	0.95567
2.923e-10	0.953951
2.9241e-10	0.952201
2.92521e-10	0.950419
2.92632e-10	0.948605
2.92743e-10	0.94676
2.92853e-10	0.944884
2.92964e-10	0.942976
2.93075e-10	0.941037
2.93186e-10	0.939067
2.93296e-10	0.937066
2.93407e-10	0.935034
2.93518e-10	0.932971
2.93629e-10	0.930878
2.9374e-10	0.928754
2.9385e-10	0.926599
2.93961e-10	0.924414
2.94072e-10	0.922198
2.94183e-10	0.919952
2.94293e-10	0.917676
2.94404e-10	0.91537
2.94515e-10	0.913034
2.94626e-10	0.910668
2.94736e-10	0.908273
2.94847e-10	0.905847
2.94958e-10	0.903392
2.95069e-10	0.900908
2.95179e-10	0.898394
2.9529e-10	0.895851
2.95401e-10	0.893279
2.95512e-10	0.890678
2.95622e-10	0.888048
2.95733e-10	0.885389
2.95844e-10	0.882702
2.95955e-10	0.879986
2.96066e-10	0.877241
2.96176e-10	0.874468
2.96287e-10	0.871668
2.96398e-10	0.868838
2.96509e-10	0.865982
2.96619e-10	0.863097
2.9673e-10	0.860184
2.96841e-10	0.857244
2.96952e-10	0.854277
2.97062e-10	0.851282
2.97173e-10	0.84826
2.97284e-10	0.845211
2.97395e-10	0.842135
2.97505e-10	0.839032
2.97616e-10	0.835902
2.97727e-10	0.832746
2.97838e-10	0.829564
2.97948e-10	0.826355
2.98059e-10	0.823121
2.9817e-10	0.81986
2.98281e-10	0.816574
2.98392e-10	0.813261
2.98502e-10	0.809924
2.98613e-10	0.806561
2.98724e-10	0.803172
2.98835e-10	0.799759
2.98945e-10	0.79632
2.99056e-10	0.792857
2.99167e-10	0.789369
2.99278e-10	0.785857
2.99388e-10	0.78232
2.99499e-10	0.778759
2.9961e-10	0.775174
2.99721e-10	0.771565
2.99831e-10	0.767932
2.99942e-10	0.764276
3.00053e-10	0.760596
3.00164e-10	0.756893
3.00274e-10	0.753167
3.00385e-10	0.749418
3.00496e-10	0.745646
3.00607e-10	0.741852
3.00717e-10	0.738035
3.00828e-10	0.734196
3.00939e-10	0.730335
3.0105e-10	0.726451
3.01161e-10	0.722546
3.01271e-10	0.718619
3.01382e-10	0.714671
3.01493e-10	0.710702
3.01604e-10	0.706711
3.01714e-10	0.702699
3.01825e-10	0.698667
3.01936e-10	0.694614
3.02047e-10	0.69054
3.02157e-10	0.686447
3.02268e-10	0.682333
3.02379e-10	0.678199
3.0249e-10	0.674045
3.026e-10	0.669872
3.02711e-10	0.66568
3.02822e-10	0.661468
3.02933e-10	0.657237
3.03043e-10	0.652988
3.03154e-10	0.64872
3.03265e-10	0.644433
3.03376e-10	0.640128
3.03487e-10	0.635804
3.03597e-10	0.631463
3.03708e-10	0.627104
3.03819e-10	0.622728
3.0393e-10	0.618334
3.0404e-10	0.613923
3.04151e-10	0.609495
3.04262e-10	0.60505
3.04373e-10	0.600588
3.04483e-10	0.59611
3.04594e-10	0.591616
3.04705e-10	0.587105
3.04816e-10	0.582579
3.04926e-10	0.578037
3.05037e-10	0.57348
3.05148e-10	0.568907
3.05259e-10	0.564319
3.05369e-10	0.559716
3.0548e-10	0.555098
3.05591e-10	0.550466
3.05702e-10	0.545819
3.05813e-10	0.541159
3.05923e-10	0.536484
3.06034e-10	0.531796
3.06145e-10	0.527094
3.06256e-10	0.522378
3.06366e-10	0.51765
3.06477e-10	0.512908
3.06588e-10	0.508154
3.06699e-10	0.503387
3.06809e-10	0.498607
3.0692e-10	0.493816
3.07031e-10	0.489012
3.07142e-10	0.484197
3.07252e-10	0.47937
3.07363e-10	0.474532
3.07474e-10	0.469682
3.07585e-10	0.464822
3.07695e-10	0.459951
3.07806e-10	0.455069
3.07917e-10	0.450176
3.08028e-10	0.445274
3.08139e-10	0.440362
3.08249e-10	0.435439
3.0836e-10	0.430508
3.08471e-10	0.425566
3.08582e-10	0.420616
3.08692e-10	0.415657
3.08803e-10	0.410689
3.08914e-10	0.405712
3.09025e-10	0.400727
3.09135e-10	0.395734
3.09246e-10	0.390733
3.09357e-10	0.385724
3.09468e-10	0.380708
3.09578e-10	0.375684
3.09689e-10	0.370653
3.098e-10	0.365615
3.09911e-10	0.360571
3.10021e-10	0.35552
3.10132e-10	0.350463
3.10243e-10	0.345399
3.10354e-10	0.34033
3.10465e-10	0.335255
3.10575e-10	0.330174
3.10686e-10	0.325088
3.10797e-10	0.319998
3.10908e-10	0.314902
3.11018e-10	0.309801
3.11129e-10	0.304696
3.1124e-10	0.299587
3.11351e-10	0.294474
3.11461e-10	0.289357
3.11572e-10	0.284236
3.11683e-10	0.279112
3.11794e-10	0.273985
3.11904e-10	0.268855
3.12015e-10	0.263721
3.12126e-10	0.258586
3.12237e-10	0.253447
3.12347e-10	0.248307
3.12458e-10	0.243164
3.12569e-10	0.23802
3.1268e-10	0.232874
3.12791e-10	0.227727
3.12901e-10	0.222579
3.13012e-10	0.217429
3.13123e-10	0.212279
3.13234e-10	0.207129
3.13344e-10	0.201977
3.13455e-10	0.196826
3.13566e-10	0.191675
3.13677e-10	0.186524
3.13787e-10	0.181374
3.13898e-10	0.176224
3.14009e-10	0.171075
3.1412e-10	0.165927
3.1423e-10	0.16078
3.14341e-10	0.155634
3.14452e-10	0.150491
3.14563e-10	0.145349
3.14673e-10	0.140209
3.14784e-10	0.135072
3.14895e-10	0.129937
3.15006e-10	0.124804
3.15116e-10	0.119675
3.15227e-10	0.114548
3.15338e-10	0.109425
3.15449e-10	0.104305
3.1556e-10	0.0991889
3.1567e-10	0.0940766
3.15781e-10	0.0889683
3.15892e-10	0.0838642
3.16003e-10	0.0787645
3.16113e-10	0.0736694
3.16224e-10	0.0685792
3.16335e-10	0.063494
3.16446e-10	0.0584139
3.16556e-10	0.0533393
3.16667e-10	0.0482702
3.16778e-10	0.0432069
3.16889e-10	0.0381496
3.16999e-10	0.0330985
3.1711e-10	0.0280537
3.17221e-10	0.0230154
3.17332e-10	0.0179839
3.17442e-10	0.0129593
3.17553e-10	0.00794182
3.17664e-10	0.00293163
3.17775e-10	-0.00207108
3.17886e-10	-0.00706611
3.17996e-10	-0.0120533
3.18107e-10	-0.0170324
3.18218e-10	-0.0220033
3.18329e-10	-0.0269658
3.18439e-10	-0.0319197
3.1855e-10	-0.0368648
3.18661e-10	-0.041801
3.18772e-10	-0.046728
3.18882e-10	-0.0516457
3.18993e-10	-0.0565538
3.19104e-10	-0.0614523
3.19215e-10	-0.066341
3.19325e-10	-0.0712195
3.19436e-10	-0.0760879
3.19547e-10	-0.0809458
3.19658e-10	-0.0857932
3.19768e-10	-0.0906299
3.19879e-10	-0.0954556
3.1999e-10	-0.10027
3.20101e-10	-0.105073
3.20212e-10	-0.109865
3.20322e-10	-0.114646
3.20433e-10	-0.119414
3.20544e-10	-0.124171
3.20655e-10	-0.128915
3.20765e-10	-0.133647
3.20876e-10	-0.138367
3.20987e-10	-0.143074
3.21098e-10	-0.147768
3.21208e-10	-0.152449
3.21319e-10	-0.157117
3.2143e-10	-0.161772
3.21541e-10	-0.166413
3.21651e-10	-0.171041
3.21762e-10	-0.175655
3.21873e-10	-0.180255
3.21984e-10	-0.184841
3.22094e-10	-0.189412
3.22205e-10	-0.19397
3.22316e-10	-0.198512
3.22427e-10	-0.20304
3.22538e-10	-0.207553
3.22648e-10	-0.212051
3.22759e-10	-0.216534
3.2287e-10	-0.221001
3.22981e-10	-0.225453
3.23091e-10	-0.229889
3.23202e-10	-0.23431
3.23313e-10	-0.238714
3.23424e-10	-0.243103
3.23534e-10	-0.247475
3.23645e-10	-0.25183
3.23756e-10	-0.25617
3.23867e-10	-0.260492
3.23977e-10	-0.264798
3.24088e-10	-0.269087
3.24199e-10	-0.273358
3.2431e-10	-0.277613
3.2442e-10	-0.28185
3.24531e-10	-0.286069
3.24642e-10	-0.290271
3.24753e-10	-0.294455
3.24864e-10	-0.298621
3.24974e-10	-0.302769
3.25085e-10	-0.306899
3.25196e-10	-0.31101
3.25307e-10	-0.315103
3.25417e-10	-0.319177
3.25528e-10	-0.323233
3.25639e-10	-0.32727
3.2575e-10	-0.331287
3.2586e-10	-0.335286
3.25971e-10	-0.339266
3.26082e-10	-0.343226
3.26193e-10	-0.347166
3.26303e-10	-0.351087
3.26414e-10	-0.354988
3.26525e-10	-0.35887
3.26636e-10	-0.362731
3.26746e-10	-0.366573
3.26857e-10	-0.370394
3.26968e-10	-0.374195
3.27079e-10	-0.377975
3.2719e-10	-0.381735
3.273e-10	-0.385475
3.27411e-10	-0.389193
3.27522e-10	-0.392891
3.27633e-10	-0.396567
3.27743e-10	-0.400223
3.27854e-10	-0.403857
3.27965e-10	-0.40747
3.28076e-10	-0.411062
3.28186e-10	-0.414632
3.28297e-10	-0.418181
3.28408e-10	-0.421708
3.28519e-10	-0.425213
3.28629e-10	-0.428696
3.2874e-10	-0.432157
3.28851e-10	-0.435596
3.28962e-10	-0.439013
3.29072e-10	-0.442408
3.29183e-10	-0.44578
3.29294e-10	-0.44913
3.29405e-10	-0.452457
3.29515e-10	-0.455761
3.29626e-10	-0.459043
3.29737e-10	-0.462302
3.29848e-10	-0.465538
3.29959e-10	-0.468751
3.30069e-10	-0.471941
3.3018e-10	-0.475108
3.30291e-10	-0.478252
3.30402e-10	-0.481372
3.30512e-10	-0.484469
3.30623e-10	-0.487542
3.30734e-10	-0.490592
3.30845e-10	-0.493618
3.30955e-10	-0.496621
3.31066e-10	-0.499599
3.31177e-10	-0.502554
3.31288e-10	-0.505485
3.31398e-10	-0.508392
3.31509e-10	-0.511275
3.3162e-10	-0.514134
3.31731e-10	-0.516969
3.31841e-10	-0.519779
3.31952e-10	-0.522565
3.32063e-10	-0.525327
3.32174e-10	-0.528064
3.32285e-10	-0.530777
3.32395e-10	-0.533465
3.32506e-10	-0.536129
3.32617e-10	-0.538768
3.32728e-10	-0.541382
3.32838e-10	-0.543972
3.32949e-10	-0.546537
3.3306e-10	-0.549076
3.33171e-10	-0.551591
3.33281e-10	-0.554081
3.33392e-10	-0.556546
3.33503e-10	-0.558986
3.33614e-10	-0.561401
3.33724e-10	-0.56379
3.33835e-10	-0.566155
3.33946e-10	-0.568494
3.34057e-10	-0.570808
3.34167e-10	-0.573096
3.34278e-10	-0.57536
3.34389e-10	-0.577598
3.345e-10	-0.57981
3.34611e-10	-0.581997
3.34721e-10	-0.584158
3.34832e-10	-0.586294
3.34943e-10	-0.588405
3.35054e-10	-0.59049
3.35164e-10	-0.592549
3.35275e-10	-0.594583
3.35386e-10	-0.596591
3.35497e-10	-0.598573
3.35607e-10	-0.60053
3.35718e-10	-0.60246
3.35829e-10	-0.604366
3.3594e-10	-0.606245
3.3605e-10	-0.608098
3.36161e-10	-0.609926
3.36272e-10	-0.611728
3.36383e-10	-0.613504
3.36493e-10	-0.615255
3.36604e-10	-0.616979
3.36715e-10	-0.618678
3.36826e-10	-0.62035
3.36937e-10	-0.621997
3.37047e-10	-0.623618
3.37158e-10	-0.625213
3.37269e-10	-0.626782
3.3738e-10	-0.628325
3.3749e-10	-0.629842
3.37601e-10	-0.631334
3.37712e-10	-0.632799
3.37823e-10	-0.634239
3.37933e-10	-0.635652
3.38044e-10	-0.63704
3.38155e-10	-0.638402
3.38266e-10	-0.639738
3.38376e-10	-0.641048
3.38487e-10	-0.642332
3.38598e-10	-0.64359
3.38709e-10	-0.644823
3.38819e-10	-0.646029
3.3893e-10	-0.64721
3.39041e-10	-0.648365
3.39152e-10	-0.649494
3.39263e-10	-0.650597
3.39373e-10	-0.651675
3.39484e-10	-0.652726
3.39595e-10	-0.653752
3.39706e-10	-0.654752
3.39816e-10	-0.655727
3.39927e-10	-0.656676
3.40038e-10	-0.657599
3.40149e-10	-0.658497
3.40259e-10	-0.659369
3.4037e-10	-0.660215
3.40481e-10	-0.661036
3.40592e-10	-0.661831
3.40702e-10	-0.662601
3.40813e-10	-0.663345
3.40924e-10	-0.664064
3.41035e-10	-0.664757
3.41145e-10	-0.665425
3.41256e-10	-0.666068
3.41367e-10	-0.666686
3.41478e-10	-0.667278
3.41588e-10	-0.667845
3.41699e-10	-0.668387
3.4181e-10	-0.668904
3.41921e-10	-0.669395
3.42032e-10	-0.669862
3.42142e-10	-0.670303
3.42253e-10	-0.67072
3.42364e-10	-0.671111
3.42475e-10	-0.671478
3.42585e-10	-0.67182
3.42696e-10	-0.672137
3.42807e-10	-0.67243
3.42918e-10	-0.672697
3.43028e-10	-0.672941
3.43139e-10	-0.673159
3.4325e-10	-0.673353
3.43361e-10	-0.673523
3.43471e-10	-0.673668
3.43582e-10	-0.673789
3.43693e-10	-0.673885
3.43804e-10	-0.673958
3.43914e-10	-0.674006
3.44025e-10	-0.67403
3.44136e-10	-0.67403
3.44247e-10	-0.674005
3.44358e-10	-0.673957
3.44468e-10	-0.673886
3.44579e-10	-0.67379
3.4469e-10	-0.67367
3.44801e-10	-0.673527
3.44911e-10	-0.673361
3.45022e-10	-0.67317
3.45133e-10	-0.672957
3.45244e-10	-0.67272
3.45354e-10	-0.672459
3.45465e-10	-0.672176
3.45576e-10	-0.671869
3.45687e-10	-0.671539
3.45797e-10	-0.671186
3.45908e-10	-0.67081
3.46019e-10	-0.670411
3.4613e-10	-0.66999
3.4624e-10	-0.669545
3.46351e-10	-0.669078
3.46462e-10	-0.668589
3.46573e-10	-0.668077
3.46684e-10	-0.667542
3.46794e-10	-0.666986
3.46905e-10	-0.666407
3.47016e-10	-0.665806
3.47127e-10	-0.665182
3.47237e-10	-0.664537
3.47348e-10	-0.66387
3.47459e-10	-0.663181
3.4757e-10	-0.662471
3.4768e-10	-0.661738
3.47791e-10	-0.660985
3.47902e-10	-0.660209
3.48013e-10	-0.659413
3.48123e-10	-0.658595
3.48234e-10	-0.657756
3.48345e-10	-0.656896
3.48456e-10	-0.656015
3.48566e-10	-0.655112
3.48677e-10	-0.65419
3.48788e-10	-0.653246
3.48899e-10	-0.652282
3.4901e-10	-0.651297
3.4912e-10	-0.650292
3.49231e-10	-0.649267
3.49342e-10	-0.648221
3.49453e-10	-0.647155
3.49563e-10	-0.646069
3.49674e-10	-0.644964
3.49785e-10	-0.643838
3.49896e-10	-0.642693
3.50006e-10	-0.641528
3.50117e-10	-0.640343
3.50228e-10	-0.63914
3.50339e-10	-0.637917
3.50449e-10	-0.636674
3.5056e-10	-0.635413
3.50671e-10	-0.634132
3.50782e-10	-0.632833
3.50892e-10	-0.631515
3.51003e-10	-0.630178
3.51114e-10	-0.628823
3.51225e-10	-0.627449
3.51336e-10	-0.626057
3.51446e-10	-0.624647
3.51557e-10	-0.623218
3.51668e-10	-0.621772
3.51779e-10	-0.620308
3.51889e-10	-0.618826
3.52e-10	-0.617326
3.52111e-10	-0.615808
3.52222e-10	-0.614274
3.52332e-10	-0.612722
3.52443e-10	-0.611152
3.52554e-10	-0.609566
3.52665e-10	-0.607962
3.52775e-10	-0.606342
3.52886e-10	-0.604705
3.52997e-10	-0.603051
3.53108e-10	-0.601381
3.53218e-10	-0.599695
3.53329e-10	-0.597992
3.5344e-10	-0.596273
3.53551e-10	-0.594538
3.53662e-10	-0.592787
3.53772e-10	-0.59102
3.53883e-10	-0.589237
3.53994e-10	-0.587439
3.54105e-10	-0.585626
3.54215e-10	-0.583797
3.54326e-10	-0.581953
3.54437e-10	-0.580094
3.54548e-10	-0.57822
3.54658e-10	-0.576331
3.54769e-10	-0.574427
3.5488e-10	-0.572509
3.54991e-10	-0.570576
3.55101e-10	-0.568629
3.55212e-10	-0.566668
3.55323e-10	-0.564692
3.55434e-10	-0.562703
3.55544e-10	-0.5607
3.55655e-10	-0.558683
3.55766e-10	-0.556652
3.55877e-10	-0.554609
3.55987e-10	-0.552551
3.56098e-10	-0.550481
3.56209e-10	-0.548397
3.5632e-10	-0.5463
3.56431e-10	-0.544191
3.56541e-10	-0.542069
3.56652e-10	-0.539934
3.56763e-10	-0.537787
3.56874e-10	-0.535627
3.56984e-10	-0.533456
3.57095e-10	-0.531272
3.57206e-10	-0.529076
3.57317e-10	-0.526869
3.57427e-10	-0.524649
3.57538e-10	-0.522418
3.57649e-10	-0.520176
3.5776e-10	-0.517923
3.5787e-10	-0.515658
3.57981e-10	-0.513382
3.58092e-10	-0.511095
3.58203e-10	-0.508798
3.58313e-10	-0.50649
3.58424e-10	-0.504171
3.58535e-10	-0.501842
3.58646e-10	-0.499503
3.58757e-10	-0.497153
3.58867e-10	-0.494794
3.58978e-10	-0.492424
3.59089e-10	-0.490045
3.592e-10	-0.487656
3.5931e-10	-0.485258
3.59421e-10	-0.48285
3.59532e-10	-0.480434
3.59643e-10	-0.478008
3.59753e-10	-0.475573
3.59864e-10	-0.473129
3.59975e-10	-0.470676
3.60086e-10	-0.468215
3.60196e-10	-0.465746
3.60307e-10	-0.463268
3.60418e-10	-0.460782
3.60529e-10	-0.458288
3.60639e-10	-0.455786
3.6075e-10	-0.453276
3.60861e-10	-0.450758
3.60972e-10	-0.448233
3.61083e-10	-0.445701
3.61193e-10	-0.443161
3.61304e-10	-0.440614
3.61415e-10	-0.43806
3.61526e-10	-0.435499
3.61636e-10	-0.432932
3.61747e-10	-0.430357
3.61858e-10	-0.427777
3.61969e-10	-0.425189
3.62079e-10	-0.422596
3.6219e-10	-0.419997
3.62301e-10	-0.417391
3.62412e-10	-0.41478
3.62522e-10	-0.412162
3.62633e-10	-0.40954
3.62744e-10	-0.406911
3.62855e-10	-0.404278
3.62965e-10	-0.401639
3.63076e-10	-0.398995
3.63187e-10	-0.396346
3.63298e-10	-0.393693
3.63409e-10	-0.391034
3.63519e-10	-0.388371
3.6363e-10	-0.385704
3.63741e-10	-0.383032
3.63852e-10	-0.380356
3.63962e-10	-0.377675
3.64073e-10	-0.374991
3.64184e-10	-0.372303
3.64295e-10	-0.369612
3.64405e-10	-0.366916
3.64516e-10	-0.364218
3.64627e-10	-0.361516
3.64738e-10	-0.35881
3.64848e-10	-0.356102
3.64959e-10	-0.353391
3.6507e-10	-0.350676
3.65181e-10	-0.347959
3.65291e-10	-0.34524
3.65402e-10	-0.342518
3.65513e-10	-0.339794
3.65624e-10	-0.337067
3.65735e-10	-0.334338
3.65845e-10	-0.331608
3.65956e-10	-0.328875
3.66067e-10	-0.326141
3.66178e-10	-0.323405
3.66288e-10	-0.320667
3.66399e-10	-0.317929
3.6651e-10	-0.315188
3.66621e-10	-0.312447
3.66731e-10	-0.309705
3.66842e-10	-0.306962
3.66953e-10	-0.304218
3.67064e-10	-0.301473
3.67174e-10	-0.298728
3.67285e-10	-0.295982
3.67396e-10	-0.293236
3.67507e-10	-0.29049
3.67617e-10	-0.287743
3.67728e-10	-0.284997
3.67839e-10	-0.282251
3.6795e-10	-0.279505
3.6806e-10	-0.276759
3.68171e-10	-0.274014
3.68282e-10	-0.27127
3.68393e-10	-0.268526
3.68504e-10	-0.265783
3.68614e-10	-0.263041
3.68725e-10	-0.2603
3.68836e-10	-0.25756
3.68947e-10	-0.254821
3.69057e-10	-0.252084
3.69168e-10	-0.249348
3.69279e-10	-0.246613
3.6939e-10	-0.243881
3.695e-10	-0.24115
3.69611e-10	-0.238421
3.69722e-10	-0.235694
3.69833e-10	-0.23297
3.69943e-10	-0.230247
3.70054e-10	-0.227527
3.70165e-10	-0.224809
3.70276e-10	-0.222094
3.70386e-10	-0.219381
3.70497e-10	-0.216672
3.70608e-10	-0.213965
3.70719e-10	-0.211261
3.7083e-10	-0.20856
3.7094e-10	-0.205862
3.71051e-10	-0.203167
3.71162e-10	-0.200476
3.71273e-10	-0.197789
3.71383e-10	-0.195105
3.71494e-10	-0.192424
3.71605e-10	-0.189747
3.71716e-10	-0.187075
3.71826e-10	-0.184406
3.71937e-10	-0.181741
3.72048e-10	-0.17908
3.72159e-10	-0.176424
3.72269e-10	-0.173772
3.7238e-10	-0.171124
3.72491e-10	-0.168481
3.72602e-10	-0.165842
3.72712e-10	-0.163209
3.72823e-10	-0.16058
3.72934e-10	-0.157956
3.73045e-10	-0.155336
3.73156e-10	-0.152722
3.73266e-10	-0.150114
3.73377e-10	-0.14751
3.73488e-10	-0.144912
3.73599e-10	-0.142319
3.73709e-10	-0.139732
3.7382e-10	-0.13715
3.73931e-10	-0.134574
3.74042e-10	-0.132004
3.74152e-10	-0.12944
3.74263e-10	-0.126882
3.74374e-10	-0.12433
3.74485e-10	-0.121784
3.74595e-10	-0.119244
3.74706e-10	-0.11671
3.74817e-10	-0.114183
3.74928e-10	-0.111662
3.75038e-10	-0.109148
3.75149e-10	-0.10664
3.7526e-10	-0.10414
3.75371e-10	-0.101645
3.75482e-10	-0.0991582
3.75592e-10	-0.0966779
3.75703e-10	-0.0942046
3.75814e-10	-0.0917384
3.75925e-10	-0.0892794
3.76035e-10	-0.0868276
3.76146e-10	-0.0843831
3.76257e-10	-0.081946
3.76368e-10	-0.0795164
3.76478e-10	-0.0770943
3.76589e-10	-0.0746799
3.767e-10	-0.0722731
3.76811e-10	-0.069874
3.76921e-10	-0.0674828
3.77032e-10	-0.0650995
3.77143e-10	-0.0627241
3.77254e-10	-0.0603568
3.77364e-10	-0.0579975
3.77475e-10	-0.0556465
3.77586e-10	-0.0533036
3.77697e-10	-0.0509691
3.77808e-10	-0.0486429
3.77918e-10	-0.0463251
3.78029e-10	-0.0440158
3.7814e-10	-0.0417151
3.78251e-10	-0.039423
3.78361e-10	-0.0371395
3.78472e-10	-0.0348648
3.78583e-10	-0.0325989
3.78694e-10	-0.0303419
3.78804e-10	-0.0280938
3.78915e-10	-0.0258546
3.79026e-10	-0.0236245
3.79137e-10	-0.0214035
3.79247e-10	-0.0191916
3.79358e-10	-0.0169889
3.79469e-10	-0.0147955
3.7958e-10	-0.0126114
3.7969e-10	-0.0104367
3.79801e-10	-0.00827142
3.79912e-10	-0.00611559
3.80023e-10	-0.00396929
3.80134e-10	-0.00183257
3.80244e-10	0.000294521
3.80355e-10	0.00241193
3.80466e-10	0.00451962
3.80577e-10	0.00661752
3.80687e-10	0.0087056
3.80798e-10	0.0107838
3.80909e-10	0.0128521
3.8102e-10	0.0149104
3.8113e-10	0.0169587
3.81241e-10	0.018997
3.81352e-10	0.0210251
3.81463e-10	0.0230431
3.81573e-10	0.0250509
3.81684e-10	0.0270485
3.81795e-10	0.0290358
3.81906e-10	0.0310128
3.82016e-10	0.0329795
3.82127e-10	0.0349357
3.82238e-10	0.0368815
3.82349e-10	0.0388169
3.82459e-10	0.0407417
3.8257e-10	0.042656
3.82681e-10	0.0445597
3.82792e-10	0.0464528
3.82903e-10	0.0483353
3.83013e-10	0.050207
3.83124e-10	0.0520681
3.83235e-10	0.0539183
3.83346e-10	0.0557578
3.83456e-10	0.0575865
3.83567e-10	0.0594043
3.83678e-10	0.0612113
3.83789e-10	0.0630073
3.83899e-10	0.0647924
3.8401e-10	0.0665665
3.84121e-10	0.0683296
3.84232e-10	0.0700817
3.84342e-10	0.0718228
3.84453e-10	0.0735528
3.84564e-10	0.0752716
3.84675e-10	0.0769794
3.84785e-10	0.078676
3.84896e-10	0.0803614
3.85007e-10	0.0820356
3.85118e-10	0.0836986
3.85229e-10	0.0853503
3.85339e-10	0.0869908
3.8545e-10	0.08862
3.85561e-10	0.0902379
3.85672e-10	0.0918445
3.85782e-10	0.0934397
3.85893e-10	0.0950236
3.86004e-10	0.0965961
3.86115e-10	0.0981572
3.86225e-10	0.0997069
3.86336e-10	0.101245
3.86447e-10	0.102772
3.86558e-10	0.104287
3.86668e-10	0.105791
3.86779e-10	0.107284
3.8689e-10	0.108765
3.87001e-10	0.110234
3.87111e-10	0.111692
3.87222e-10	0.113138
3.87333e-10	0.114573
3.87444e-10	0.115996
3.87555e-10	0.117408
3.87665e-10	0.118808
3.87776e-10	0.120197
3.87887e-10	0.121574
3.87998e-10	0.122939
3.88108e-10	0.124293
3.88219e-10	0.125635
3.8833e-10	0.126966
3.88441e-10	0.128285
3.88551e-10	0.129592
3.88662e-10	0.130888
3.88773e-10	0.132172
3.88884e-10	0.133444
3.88994e-10	0.134705
3.89105e-10	0.135955
3.89216e-10	0.137192
3.89327e-10	0.138418
3.89437e-10	0.139633
3.89548e-10	0.140835
3.89659e-10	0.142027
3.8977e-10	0.143206
3.89881e-10	0.144374
3.89991e-10	0.14553
3.90102e-10	0.146675
3.90213e-10	0.147808
3.90324e-10	0.14893
3.90434e-10	0.150039
3.90545e-10	0.151138
3.90656e-10	0.152224
3.90767e-10	0.1533
3.90877e-10	0.154363
3.90988e-10	0.155415
3.91099e-10	0.156456
3.9121e-10	0.157485
3.9132e-10	0.158502
3.91431e-10	0.159508
3.91542e-10	0.160502
3.91653e-10	0.161485
3.91763e-10	0.162457
3.91874e-10	0.163416
3.91985e-10	0.164365
3.92096e-10	0.165302
3.92207e-10	0.166227
3.92317e-10	0.167142
3.92428e-10	0.168044
3.92539e-10	0.168936
3.9265e-10	0.169816
3.9276e-10	0.170684
3.92871e-10	0.171541
3.92982e-10	0.172387
3.93093e-10	0.173222
3.93203e-10	0.174045
3.93314e-10	0.174857
3.93425e-10	0.175658
3.93536e-10	0.176448
3.93646e-10	0.177226
3.93757e-10	0.177993
3.93868e-10	0.178749
3.93979e-10	0.179494
3.94089e-10	0.180228
3.942e-10	0.18095
3.94311e-10	0.181662
3.94422e-10	0.182362
3.94532e-10	0.183052
3.94643e-10	0.18373
3.94754e-10	0.184398
3.94865e-10	0.185054
3.94976e-10	0.185699
3.95086e-10	0.186334
3.95197e-10	0.186958
3.95308e-10	0.18757
3.95419e-10	0.188172
3.95529e-10	0.188764
3.9564e-10	0.189344
3.95751e-10	0.189914
3.95862e-10	0.190472
3.95972e-10	0.191021
3.96083e-10	0.191558
3.96194e-10	0.192085
3.96305e-10	0.192601
3.96415e-10	0.193107
3.96526e-10	0.193602
3.96637e-10	0.194086
3.96748e-10	0.19456
3.96858e-10	0.195024
3.96969e-10	0.195477
3.9708e-10	0.19592
3.97191e-10	0.196352
3.97302e-10	0.196774
3.97412e-10	0.197186
3.97523e-10	0.197588
3.97634e-10	0.197979
3.97745e-10	0.19836
3.97855e-10	0.198731
3.97966e-10	0.199092
3.98077e-10	0.199442
3.98188e-10	0.199783
3.98298e-10	0.200114
3.98409e-10	0.200434
3.9852e-10	0.200745
3.98631e-10	0.201046
3.98741e-10	0.201337
3.98852e-10	0.201618
3.98963e-10	0.201889
3.99074e-10	0.20215
3.99184e-10	0.202402
3.99295e-10	0.202644
3.99406e-10	0.202877
3.99517e-10	0.203099
3.99628e-10	0.203313
3.99738e-10	0.203516
3.99849e-10	0.203711
3.9996e-10	0.203895
4.00071e-10	0.204071
4.00181e-10	0.204237
4.00292e-10	0.204393
4.00403e-10	0.204541
4.00514e-10	0.204679
4.00624e-10	0.204808
4.00735e-10	0.204927
4.00846e-10	0.205038
4.00957e-10	0.20514
4.01067e-10	0.205232
4.01178e-10	0.205316
4.01289e-10	0.20539
4.014e-10	0.205456
4.0151e-10	0.205513
4.01621e-10	0.20556
4.01732e-10	0.2056
4.01843e-10	0.20563
4.01954e-10	0.205652
4.02064e-10	0.205665
4.02175e-10	0.20567
4.02286e-10	0.205666
4.02397e-10	0.205653
4.02507e-10	0.205632
4.02618e-10	0.205603
4.02729e-10	0.205565
4.0284e-10	0.205519
4.0295e-10	0.205464
4.03061e-10	0.205402
4.03172e-10	0.205331
4.03283e-10	0.205252
4.03393e-10	0.205165
4.03504e-10	0.20507
4.03615e-10	0.204967
4.03726e-10	0.204855
4.03836e-10	0.204736
4.03947e-10	0.20461
4.04058e-10	0.204475
4.04169e-10	0.204333
4.0428e-10	0.204182
4.0439e-10	0.204025
4.04501e-10	0.203859
4.04612e-10	0.203686
4.04723e-10	0.203506
4.04833e-10	0.203318
4.04944e-10	0.203122
4.05055e-10	0.202919
4.05166e-10	0.202709
4.05276e-10	0.202492
4.05387e-10	0.202267
4.05498e-10	0.202035
4.05609e-10	0.201796
4.05719e-10	0.20155
4.0583e-10	0.201297
4.05941e-10	0.201037
4.06052e-10	0.20077
4.06162e-10	0.200496
4.06273e-10	0.200216
4.06384e-10	0.199928
4.06495e-10	0.199634
4.06606e-10	0.199333
4.06716e-10	0.199025
4.06827e-10	0.198711
4.06938e-10	0.19839
4.07049e-10	0.198063
4.07159e-10	0.19773
4.0727e-10	0.19739
4.07381e-10	0.197043
4.07492e-10	0.196691
4.07602e-10	0.196332
4.07713e-10	0.195967
4.07824e-10	0.195596
4.07935e-10	0.195218
4.08045e-10	0.194835
4.08156e-10	0.194446
4.08267e-10	0.194051
4.08378e-10	0.193649
4.08488e-10	0.193243
4.08599e-10	0.19283
4.0871e-10	0.192411
4.08821e-10	0.191987
4.08931e-10	0.191558
4.09042e-10	0.191122
4.09153e-10	0.190682
4.09264e-10	0.190235
4.09375e-10	0.189784
4.09485e-10	0.189326
4.09596e-10	0.188864
4.09707e-10	0.188396
4.09818e-10	0.187923
4.09928e-10	0.187445
4.10039e-10	0.186962
4.1015e-10	0.186474
4.10261e-10	0.185981
4.10371e-10	0.185482
4.10482e-10	0.184979
4.10593e-10	0.184471
4.10704e-10	0.183958
4.10814e-10	0.183441
4.10925e-10	0.182919
4.11036e-10	0.182392
4.11147e-10	0.18186
4.11257e-10	0.181324
4.11368e-10	0.180783
4.11479e-10	0.180238
4.1159e-10	0.179689
4.11701e-10	0.179135
4.11811e-10	0.178577
4.11922e-10	0.178014
4.12033e-10	0.177448
4.12144e-10	0.176877
4.12254e-10	0.176302
4.12365e-10	0.175723
4.12476e-10	0.17514
4.12587e-10	0.174553
4.12697e-10	0.173962
4.12808e-10	0.173367
4.12919e-10	0.172769
4.1303e-10	0.172166
4.1314e-10	0.17156
4.13251e-10	0.170951
4.13362e-10	0.170338
4.13473e-10	0.169721
4.13583e-10	0.1691
4.13694e-10	0.168477
4.13805e-10	0.167849
4.13916e-10	0.167219
4.14027e-10	0.166585
4.14137e-10	0.165948
4.14248e-10	0.165307
4.14359e-10	0.164663
4.1447e-10	0.164017
4.1458e-10	0.163367
4.14691e-10	0.162714
4.14802e-10	0.162058
4.14913e-10	0.161399
4.15023e-10	0.160738
4.15134e-10	0.160073
4.15245e-10	0.159406
4.15356e-10	0.158736
4.15466e-10	0.158063
4.15577e-10	0.157388
4.15688e-10	0.15671
4.15799e-10	0.156029
4.15909e-10	0.155346
4.1602e-10	0.154661
4.16131e-10	0.153973
4.16242e-10	0.153282
4.16353e-10	0.15259
4.16463e-10	0.151895
4.16574e-10	0.151198
4.16685e-10	0.150498
4.16796e-10	0.149797
4.16906e-10	0.149093
4.17017e-10	0.148388
4.17128e-10	0.14768
4.17239e-10	0.14697
4.17349e-10	0.146259
4.1746e-10	0.145545
4.17571e-10	0.14483
4.17682e-10	0.144113
4.17792e-10	0.143394
4.17903e-10	0.142674
4.18014e-10	0.141952
4.18125e-10	0.141228
4.18235e-10	0.140503
4.18346e-10	0.139776
4.18457e-10	0.139047
4.18568e-10	0.138318
4.18679e-10	0.137586
4.18789e-10	0.136854
4.189e-10	0.13612
4.19011e-10	0.135385
4.19122e-10	0.134649
4.19232e-10	0.133911
4.19343e-10	0.133173
4.19454e-10	0.132433
4.19565e-10	0.131692
4.19675e-10	0.13095
4.19786e-10	0.130207
4.19897e-10	0.129464
4.20008e-10	0.128719
4.20118e-10	0.127973
4.20229e-10	0.127227
4.2034e-10	0.12648
4.20451e-10	0.125732
4.20561e-10	0.124984
4.20672e-10	0.124235
4.20783e-10	0.123485
4.20894e-10	0.122734
4.21004e-10	0.121983
4.21115e-10	0.121232
4.21226e-10	0.12048
4.21337e-10	0.119728
4.21448e-10	0.118975
4.21558e-10	0.118222
4.21669e-10	0.117469
4.2178e-10	0.116715
4.21891e-10	0.115961
4.22001e-10	0.115207
4.22112e-10	0.114453
4.22223e-10	0.113698
4.22334e-10	0.112944
4.22444e-10	0.112189
4.22555e-10	0.111435
4.22666e-10	0.11068
4.22777e-10	0.109926
4.22887e-10	0.109172
4.22998e-10	0.108417
4.23109e-10	0.107663
4.2322e-10	0.106909
4.2333e-10	0.106156
4.23441e-10	0.105402
4.23552e-10	0.104649
4.23663e-10	0.103896
4.23774e-10	0.103144
4.23884e-10	0.102392
4.23995e-10	0.10164
4.24106e-10	0.100889
4.24217e-10	0.100138
4.24327e-10	0.0993883
4.24438e-10	0.0986387
4.24549e-10	0.0978898
4.2466e-10	0.0971414
4.2477e-10	0.0963937
4.24881e-10	0.0956467
4.24992e-10	0.0949004
4.25103e-10	0.0941549
4.25213e-10	0.0934101
4.25324e-10	0.0926662
4.25435e-10	0.091923
4.25546e-10	0.0911808
4.25656e-10	0.0904395
4.25767e-10	0.089699
4.25878e-10	0.0889596
4.25989e-10	0.0882211
4.261e-10	0.0874837
4.2621e-10	0.0867473
4.26321e-10	0.0860119
4.26432e-10	0.0852777
4.26543e-10	0.0845446
4.26653e-10	0.0838126
4.26764e-10	0.0830819
4.26875e-10	0.0823523
4.26986e-10	0.081624
4.27096e-10	0.080897
4.27207e-10	0.0801713
4.27318e-10	0.0794468
4.27429e-10	0.0787238
4.27539e-10	0.0780021
4.2765e-10	0.0772817
4.27761e-10	0.0765629
4.27872e-10	0.0758454
4.27982e-10	0.0751295
4.28093e-10	0.074415
4.28204e-10	0.0737021
4.28315e-10	0.0729907
4.28426e-10	0.0722808
4.28536e-10	0.0715726
4.28647e-10	0.070866
4.28758e-10	0.070161
4.28869e-10	0.0694577
4.28979e-10	0.0687561
4.2909e-10	0.0680562
4.29201e-10	0.0673581
4.29312e-10	0.0666617
4.29422e-10	0.065967
4.29533e-10	0.0652742
4.29644e-10	0.0645832
4.29755e-10	0.063894
4.29865e-10	0.0632067
4.29976e-10	0.0625213
4.30087e-10	0.0618378
4.30198e-10	0.0611562
4.30308e-10	0.0604766
4.30419e-10	0.0597989
4.3053e-10	0.0591232
4.30641e-10	0.0584495
4.30752e-10	0.0577779
4.30862e-10	0.0571083
4.30973e-10	0.0564407
4.31084e-10	0.0557753
4.31195e-10	0.0551119
4.31305e-10	0.0544507
4.31416e-10	0.0537916
4.31527e-10	0.0531346
4.31638e-10	0.0524799
4.31748e-10	0.0518273
4.31859e-10	0.0511769
4.3197e-10	0.0505287
4.32081e-10	0.0498828
4.32191e-10	0.0492392
4.32302e-10	0.0485978
4.32413e-10	0.0479587
4.32524e-10	0.0473219
4.32634e-10	0.0466874
4.32745e-10	0.0460553
4.32856e-10	0.0454255
4.32967e-10	0.0447981
4.33078e-10	0.044173
4.33188e-10	0.0435504
4.33299e-10	0.0429302
4.3341e-10	0.0423123
4.33521e-10	0.041697
4.33631e-10	0.041084
4.33742e-10	0.0404736
4.33853e-10	0.0398656
4.33964e-10	0.0392601
4.34074e-10	0.0386571
4.34185e-10	0.0380567
4.34296e-10	0.0374587
4.34407e-10	0.0368633
4.34517e-10	0.0362705
4.34628e-10	0.0356802
4.34739e-10	0.0350925
4.3485e-10	0.0345073
4.3496e-10	0.0339248
4.35071e-10	0.0333449
4.35182e-10	0.0327676
4.35293e-10	0.0321929
4.35403e-10	0.0316209
4.35514e-10	0.0310515
4.35625e-10	0.0304848
4.35736e-10	0.0299207
4.35847e-10	0.0293594
4.35957e-10	0.0288007
4.36068e-10	0.0282447
4.36179e-10	0.0276914
4.3629e-10	0.0271409
4.364e-10	0.026593
4.36511e-10	0.0260479
4.36622e-10	0.0255056
4.36733e-10	0.0249659
4.36843e-10	0.0244291
4.36954e-10	0.023895
4.37065e-10	0.0233636
4.37176e-10	0.0228351
4.37286e-10	0.0223093
4.37397e-10	0.0217864
4.37508e-10	0.0212662
4.37619e-10	0.0207488
4.37729e-10	0.0202342
4.3784e-10	0.0197225
4.37951e-10	0.0192136
4.38062e-10	0.0187075
4.38173e-10	0.0182042
4.38283e-10	0.0177038
4.38394e-10	0.0172062
4.38505e-10	0.0167114
4.38616e-10	0.0162196
4.38726e-10	0.0157305
4.38837e-10	0.0152444
4.38948e-10	0.0147611
4.39059e-10	0.0142806
4.39169e-10	0.0138031
4.3928e-10	0.0133284
4.39391e-10	0.0128566
4.39502e-10	0.0123877
4.39612e-10	0.0119217
4.39723e-10	0.0114585
4.39834e-10	0.0109983
4.39945e-10	0.0105409
4.40055e-10	0.0100865
4.40166e-10	0.00963493
4.40277e-10	0.00918628
4.40388e-10	0.00874054
4.40499e-10	0.0082977
4.40609e-10	0.00785776
4.4072e-10	0.00742074
4.40831e-10	0.00698663
4.40942e-10	0.00655542
4.41052e-10	0.00612713
4.41163e-10	0.00570175
4.41274e-10	0.00527929
4.41385e-10	0.00485974
4.41495e-10	0.0044431
4.41606e-10	0.00402938
4.41717e-10	0.00361857
4.41828e-10	0.00321067
4.41938e-10	0.00280569
4.42049e-10	0.00240362
4.4216e-10	0.00200447
4.42271e-10	0.00160823
4.42381e-10	0.00121489
4.42492e-10	0.000824473
4.42603e-10	0.000436959
4.42714e-10	5.23532e-05
4.42825e-10	-0.000329347
4.42935e-10	-0.000708143
4.43046e-10	-0.00108404
4.43157e-10	-0.00145703
4.43268e-10	-0.00182712
4.43378e-10	-0.00219432
4.43489e-10	-0.00255863
4.436e-10	-0.00292004
4.43711e-10	-0.00327856
4.43821e-10	-0.0036342
4.43932e-10	-0.00398695
4.44043e-10	-0.00433683
4.44154e-10	-0.00468383
4.44264e-10	-0.00502795
4.44375e-10	-0.0053692
4.44486e-10	-0.00570759
4.44597e-10	-0.00604311
4.44707e-10	-0.00637578
4.44818e-10	-0.00670559
4.44929e-10	-0.00703255
4.4504e-10	-0.00735666
4.45151e-10	-0.00767792
4.45261e-10	-0.00799635
4.45372e-10	-0.00831195
4.45483e-10	-0.00862471
4.45594e-10	-0.00893465
4.45704e-10	-0.00924178
4.45815e-10	-0.00954608
4.45926e-10	-0.00984758
4.46037e-10	-0.0101463
4.46147e-10	-0.0104422
4.46258e-10	-0.0107353
4.46369e-10	-0.0110256
4.4648e-10	-0.0113131
4.4659e-10	-0.0115979
4.46701e-10	-0.0118799
4.46812e-10	-0.0121591
4.46923e-10	-0.0124355
4.47033e-10	-0.0127092
4.47144e-10	-0.0129802
4.47255e-10	-0.0132484
4.47366e-10	-0.0135139
4.47477e-10	-0.0137767
4.47587e-10	-0.0140367
4.47698e-10	-0.0142941
4.47809e-10	-0.0145487
4.4792e-10	-0.0148006
4.4803e-10	-0.0150499
4.48141e-10	-0.0152964
4.48252e-10	-0.0155403
4.48363e-10	-0.0157815
4.48473e-10	-0.01602
4.48584e-10	-0.0162559
4.48695e-10	-0.0164892
4.48806e-10	-0.0167198
4.48916e-10	-0.0169477
4.49027e-10	-0.0171731
4.49138e-10	-0.0173958
4.49249e-10	-0.0176159
4.49359e-10	-0.0178334
4.4947e-10	-0.0180484
4.49581e-10	-0.0182607
4.49692e-10	-0.0184705
4.49802e-10	-0.0186777
4.49913e-10	-0.0188824
4.50024e-10	-0.0190845
4.50135e-10	-0.019284
4.50246e-10	-0.0194811
4.50356e-10	-0.0196756
4.50467e-10	-0.0198676
4.50578e-10	-0.0200571
4.50689e-10	-0.0202441
4.50799e-10	-0.0204286
4.5091e-10	-0.0206106
4.51021e-10	-0.0207902
4.51132e-10	-0.0209673
4.51242e-10	-0.0211419
4.51353e-10	-0.0213142
4.51464e-10	-0.0214839
4.51575e-10	-0.0216513
4.51685e-10	-0.0218163
4.51796e-10	-0.0219788
4.51907e-10	-0.022139
4.52018e-10	-0.0222968
4.52128e-10	-0.0224522
4.52239e-10	-0.0226053
4.5235e-10	-0.022756
4.52461e-10	-0.0229043
4.52572e-10	-0.0230504
4.52682e-10	-0.0231941
4.52793e-10	-0.0233355
4.52904e-10	-0.0234746
4.53015e-10	-0.0236114
4.53125e-10	-0.0237459
4.53236e-10	-0.0238782
4.53347e-10	-0.0240082
4.53458e-10	-0.0241359
4.53568e-10	-0.0242614
4.53679e-10	-0.0243847
4.5379e-10	-0.0245058
4.53901e-10	-0.0246247
4.54011e-10	-0.0247413
4.54122e-10	-0.0248558
4.54233e-10	-0.0249681
4.54344e-10	-0.0250783
4.54454e-10	-0.0251863
4.54565e-10	-0.0252922
4.54676e-10	-0.0253959
4.54787e-10	-0.0254975
4.54898e-10	-0.025597
4.55008e-10	-0.0256944
4.55119e-10	-0.0257898
4.5523e-10	-0.025883
4.55341e-10	-0.0259742
4.55451e-10	-0.0260633
4.55562e-10	-0.0261504
4.55673e-10	-0.0262355
4.55784e-10	-0.0263185
4.55894e-10	-0.0263996
4.56005e-10	-0.0264786
4.56116e-10	-0.0265557
4.56227e-10	-0.0266308
4.56337e-10	-0.0267039
4.56448e-10	-0.0267751
4.56559e-10	-0.0268443
4.5667e-10	-0.0269116
4.5678e-10	-0.026977
4.56891e-10	-0.0270405
4.57002e-10	-0.0271021
4.57113e-10	-0.0271618
4.57224e-10	-0.0272197
4.57334e-10	-0.0272757
4.57445e-10	-0.0273298
4.57556e-10	-0.0273822
4.57667e-10	-0.0274326
4.57777e-10	-0.0274813
4.57888e-10	-0.0275282
4.57999e-10	-0.0275733
4.5811e-10	-0.0276166
4.5822e-10	-0.0276582
4.58331e-10	-0.027698
4.58442e-10	-0.027736
4.58553e-10	-0.0277724
4.58663e-10	-0.027807
4.58774e-10	-0.0278399
4.58885e-10	-0.0278711
4.58996e-10	-0.0279006
4.59106e-10	-0.0279285
4.59217e-10	-0.0279547
4.59328e-10	-0.0279793
4.59439e-10	-0.0280022
4.5955e-10	-0.0280235
4.5966e-10	-0.0280432
4.59771e-10	-0.0280612
4.59882e-10	-0.0280777
4.59993e-10	-0.0280927
4.60103e-10	-0.028106
4.60214e-10	-0.0281178
4.60325e-10	-0.0281281
4.60436e-10	-0.0281368
4.60546e-10	-0.028144
4.60657e-10	-0.0281497
4.60768e-10	-0.028154
4.60879e-10	-0.0281567
4.60989e-10	-0.028158
4.611e-10	-0.0281578
4.61211e-10	-0.0281561
4.61322e-10	-0.028153
4.61432e-10	-0.0281485
4.61543e-10	-0.0281426
4.61654e-10	-0.0281353
4.61765e-10	-0.0281266
4.61875e-10	-0.0281165
4.61986e-10	-0.028105
4.62097e-10	-0.0280922
4.62208e-10	-0.0280781
4.62319e-10	-0.0280626
4.62429e-10	-0.0280458
4.6254e-10	-0.0280277
4.62651e-10	-0.0280083
4.62762e-10	-0.0279876
4.62872e-10	-0.0279657
4.62983e-10	-0.0279424
4.63094e-10	-0.027918
4.63205e-10	-0.0278923
4.63315e-10	-0.0278653
4.63426e-10	-0.0278372
4.63537e-10	-0.0278078
4.63648e-10	-0.0277772
4.63758e-10	-0.0277455
4.63869e-10	-0.0277126
4.6398e-10	-0.0276785
4.64091e-10	-0.0276433
4.64201e-10	-0.027607
4.64312e-10	-0.0275695
4.64423e-10	-0.0275309
4.64534e-10	-0.0274912
4.64645e-10	-0.0274504
4.64755e-10	-0.0274085
4.64866e-10	-0.0273656
4.64977e-10	-0.0273216
4.65088e-10	-0.0272766
4.65198e-10	-0.0272305
4.65309e-10	-0.0271834
4.6542e-10	-0.0271352
4.65531e-10	-0.0270861
4.65641e-10	-0.027036
4.65752e-10	-0.0269849
4.65863e-10	-0.0269328
4.65974e-10	-0.0268798
4.66084e-10	-0.0268258
4.66195e-10	-0.0267709
4.66306e-10	-0.026715
4.66417e-10	-0.0266582
4.66527e-10	-0.0266005
4.66638e-10	-0.026542
4.66749e-10	-0.0264825
4.6686e-10	-0.0264222
4.66971e-10	-0.026361
4.67081e-10	-0.0262989
4.67192e-10	-0.026236
4.67303e-10	-0.0261723
4.67414e-10	-0.0261077
4.67524e-10	-0.0260424
4.67635e-10	-0.0259762
4.67746e-10	-0.0259092
4.67857e-10	-0.0258415
4.67967e-10	-0.025773
4.68078e-10	-0.0257037
4.68189e-10	-0.0256336
4.683e-10	-0.0255629
4.6841e-10	-0.0254914
4.68521e-10	-0.0254191
4.68632e-10	-0.0253462
4.68743e-10	-0.0252726
4.68853e-10	-0.0251982
4.68964e-10	-0.0251232
4.69075e-10	-0.0250475
4.69186e-10	-0.0249712
4.69297e-10	-0.0248942
4.69407e-10	-0.0248166
4.69518e-10	-0.0247383
4.69629e-10	-0.0246594
4.6974e-10	-0.0245799
4.6985e-10	-0.0244998
4.69961e-10	-0.024419
4.70072e-10	-0.0243377
4.70183e-10	-0.0242559
4.70293e-10	-0.0241734
4.70404e-10	-0.0240904
4.70515e-10	-0.0240069
4.70626e-10	-0.0239228
4.70736e-10	-0.0238382
4.70847e-10	-0.023753
4.70958e-10	-0.0236674
4.71069e-10	-0.0235812
4.71179e-10	-0.0234946
4.7129e-10	-0.0234075
4.71401e-10	-0.0233199
4.71512e-10	-0.0232318
4.71623e-10	-0.0231433
4.71733e-10	-0.0230543
4.71844e-10	-0.0229649
4.71955e-10	-0.022875
4.72066e-10	-0.0227847
4.72176e-10	-0.022694
4.72287e-10	-0.0226029
4.72398e-10	-0.0225114
4.72509e-10	-0.0224196
4.72619e-10	-0.0223273
4.7273e-10	-0.0222347
4.72841e-10	-0.0221417
4.72952e-10	-0.0220483
4.73062e-10	-0.0219546
4.73173e-10	-0.0218606
4.73284e-10	-0.0217662
4.73395e-10	-0.0216715
4.73505e-10	-0.0215765
4.73616e-10	-0.0214811
4.73727e-10	-0.0213855
4.73838e-10	-0.0212896
4.73949e-10	-0.0211934
4.74059e-10	-0.0210969
4.7417e-10	-0.0210002
4.74281e-10	-0.0209032
4.74392e-10	-0.0208059
4.74502e-10	-0.0207084
4.74613e-10	-0.0206107
4.74724e-10	-0.0205127
4.74835e-10	-0.0204145
4.74945e-10	-0.0203161
4.75056e-10	-0.0202175
4.75167e-10	-0.0201187
4.75278e-10	-0.0200197
4.75388e-10	-0.0199205
4.75499e-10	-0.0198211
4.7561e-10	-0.0197215
4.75721e-10	-0.0196218
4.75831e-10	-0.019522
4.75942e-10	-0.0194219
4.76053e-10	-0.0193218
4.76164e-10	-0.0192215
4.76274e-10	-0.019121
4.76385e-10	-0.0190205
4.76496e-10	-0.0189198
4.76607e-10	-0.018819
4.76718e-10	-0.0187181
4.76828e-10	-0.0186171
4.76939e-10	-0.018516
4.7705e-10	-0.0184149
4.77161e-10	-0.0183136
4.77271e-10	-0.0182123
4.77382e-10	-0.0181109
4.77493e-10	-0.0180095
4.77604e-10	-0.017908
4.77714e-10	-0.0178065
4.77825e-10	-0.0177049
4.77936e-10	-0.0176033
4.78047e-10	-0.0175016
4.78157e-10	-0.0174
4.78268e-10	-0.0172983
4.78379e-10	-0.0171966
4.7849e-10	-0.0170949
4.786e-10	-0.0169932
4.78711e-10	-0.0168915
4.78822e-10	-0.0167899
4.78933e-10	-0.0166882
4.79044e-10	-0.0165866
4.79154e-10	-0.016485
4.79265e-10	-0.0163834
4.79376e-10	-0.0162819
4.79487e-10	-0.0161804
4.79597e-10	-0.0160789
4.79708e-10	-0.0159776
4.79819e-10	-0.0158762
4.7993e-10	-0.015775
4.8004e-10	-0.0156738
4.80151e-10	-0.0155727
4.80262e-10	-0.0154717
4.80373e-10	-0.0153707
4.80483e-10	-0.0152699
4.80594e-10	-0.0151692
4.80705e-10	-0.0150685
4.80816e-10	-0.014968
4.80926e-10	-0.0148675
4.81037e-10	-0.0147672
4.81148e-10	-0.014667
4.81259e-10	-0.014567
4.8137e-10	-0.014467
4.8148e-10	-0.0143672
4.81591e-10	-0.0142676
4.81702e-10	-0.014168
4.81813e-10	-0.0140687
4.81923e-10	-0.0139694
4.82034e-10	-0.0138704
4.82145e-10	-0.0137715
4.82256e-10	-0.0136727
4.82366e-10	-0.0135741
4.82477e-10	-0.0134757
4.82588e-10	-0.0133775
4.82699e-10	-0.0132795
4.82809e-10	-0.0131816
4.8292e-10	-0.0130839
4.83031e-10	-0.0129865
4.83142e-10	-0.0128892
4.83252e-10	-0.0127921
4.83363e-10	-0.0126952
4.83474e-10	-0.0125986
4.83585e-10	-0.0125021
4.83696e-10	-0.0124058
4.83806e-10	-0.0123098
4.83917e-10	-0.012214
4.84028e-10	-0.0121184
4.84139e-10	-0.0120231
4.84249e-10	-0.011928
4.8436e-10	-0.0118331
4.84471e-10	-0.0117385
4.84582e-10	-0.0116441
4.84692e-10	-0.0115499
4.84803e-10	-0.011456
4.84914e-10	-0.0113623
4.85025e-10	-0.0112689
4.85135e-10	-0.0111758
4.85246e-10	-0.0110829
4.85357e-10	-0.0109903
4.85468e-10	-0.010898
4.85578e-10	-0.0108059
4.85689e-10	-0.0107141
4.858e-10	-0.0106225
4.85911e-10	-0.0105313
4.86022e-10	-0.0104403
4.86132e-10	-0.0103496
4.86243e-10	-0.0102592
4.86354e-10	-0.0101691
4.86465e-10	-0.0100793
4.86575e-10	-0.00998975
4.86686e-10	-0.00990052
4.86797e-10	-0.00981158
4.86908e-10	-0.00972295
4.87018e-10	-0.00963462
4.87129e-10	-0.0095466
4.8724e-10	-0.00945889
4.87351e-10	-0.00937148
4.87461e-10	-0.00928439
4.87572e-10	-0.00919761
4.87683e-10	-0.00911115
4.87794e-10	-0.00902501
4.87904e-10	-0.00893919
4.88015e-10	-0.0088537
4.88126e-10	-0.00876852
4.88237e-10	-0.00868368
4.88347e-10	-0.00859916
4.88458e-10	-0.00851498
4.88569e-10	-0.00843113
4.8868e-10	-0.00834761
4.88791e-10	-0.00826443
4.88901e-10	-0.00818158
4.89012e-10	-0.00809908
4.89123e-10	-0.00801692
4.89234e-10	-0.0079351
4.89344e-10	-0.00785362
4.89455e-10	-0.00777249
4.89566e-10	-0.00769171
4.89677e-10	-0.00761128
4.89787e-10	-0.0075312
4.89898e-10	-0.00745147
4.90009e-10	-0.00737209
4.9012e-10	-0.00729307
4.9023e-10	-0.0072144
4.90341e-10	-0.00713609
4.90452e-10	-0.00705814
4.90563e-10	-0.00698055
4.90673e-10	-0.00690332
4.90784e-10	-0.00682645
4.90895e-10	-0.00674995
4.91006e-10	-0.0066738
4.91117e-10	-0.00659803
4.91227e-10	-0.00652262
4.91338e-10	-0.00644758
4.91449e-10	-0.0063729
4.9156e-10	-0.0062986
4.9167e-10	-0.00622466
4.91781e-10	-0.0061511
4.91892e-10	-0.00607791
4.92003e-10	-0.00600509
4.92113e-10	-0.00593264
4.92224e-10	-0.00586057
4.92335e-10	-0.00578887
4.92446e-10	-0.00571755
4.92556e-10	-0.0056466
4.92667e-10	-0.00557603
4.92778e-10	-0.00550584
4.92889e-10	-0.00543602
4.92999e-10	-0.00536659
4.9311e-10	-0.00529753
4.93221e-10	-0.00522885
4.93332e-10	-0.00516055
4.93443e-10	-0.00509264
4.93553e-10	-0.0050251
4.93664e-10	-0.00495794
4.93775e-10	-0.00489117
4.93886e-10	-0.00482478
4.93996e-10	-0.00475877
4.94107e-10	-0.00469314
4.94218e-10	-0.00462789
4.94329e-10	-0.00456303
4.94439e-10	-0.00449855
4.9455e-10	-0.00443446
4.94661e-10	-0.00437074
4.94772e-10	-0.00430741
4.94882e-10	-0.00424447
4.94993e-10	-0.00418191
4.95104e-10	-0.00411973
4.95215e-10	-0.00405793
4.95325e-10	-0.00399652
4.95436e-10	-0.00393549
4.95547e-10	-0.00387485
4.95658e-10	-0.00381459
4.95769e-10	-0.00375471
4.95879e-10	-0.00369522
4.9599e-10	-0.00363611
4.96101e-10	-0.00357738
4.96212e-10	-0.00351904
4.96322e-10	-0.00346108
4.96433e-10	-0.0034035
4.96544e-10	-0.0033463
4.96655e-10	-0.00328949
4.96765e-10	-0.00323305
4.96876e-10	-0.003177
4.96987e-10	-0.00312133
4.97098e-10	-0.00306604
4.97208e-10	-0.00301113
4.97319e-10	-0.0029566
4.9743e-10	-0.00290245
4.97541e-10	-0.00284868
4.97651e-10	-0.00279528
4.97762e-10	-0.00274227
4.97873e-10	-0.00268963
4.97984e-10	-0.00263737
4.98095e-10	-0.00258549
4.98205e-10	-0.00253398
4.98316e-10	-0.00248285
4.98427e-10	-0.00243209
4.98538e-10	-0.00238171
4.98648e-10	-0.0023317
4.98759e-10	-0.00228206
4.9887e-10	-0.0022328
4.98981e-10	-0.00218391
4.99091e-10	-0.00213539
4.99202e-10	-0.00208724
4.99313e-10	-0.00203946
4.99424e-10	-0.00199205
4.99534e-10	-0.001945
4.99645e-10	-0.00189833
4.99756e-10	-0.00185202
4.99867e-10	-0.00180607
4.99977e-10	-0.0017605
5.00088e-10	-0.00171528
5.00199e-10	-0.00167043
5.0031e-10	-0.00162594
5.00421e-10	-0.00158182
5.00531e-10	-0.00153805
5.00642e-10	-0.00149465
5.00753e-10	-0.0014516
5.00864e-10	-0.00140891
5.00974e-10	-0.00136658
5.01085e-10	-0.0013246
5.01196e-10	-0.00128298
5.01307e-10	-0.00124172
5.01417e-10	-0.0012008
5.01528e-10	-0.00116024
5.01639e-10	-0.00112003
5.0175e-10	-0.00108017
5.0186e-10	-0.00104066
5.01971e-10	-0.0010015
5.02082e-10	-0.000962686
5.02193e-10	-0.000924217
5.02303e-10	-0.000886092
5.02414e-10	-0.000848312
5.02525e-10	-0.000810874
5.02636e-10	-0.000773777
5.02746e-10	-0.000737021
5.02857e-10	-0.000700605
5.02968e-10	-0.000664526
5.03079e-10	-0.000628784
5.0319e-10	-0.000593378
5.033e-10	-0.000558307
5.03411e-10	-0.000523569
5.03522e-10	-0.000489164
5.03633e-10	-0.000455089
5.03743e-10	-0.000421344
5.03854e-10	-0.000387927
5.03965e-10	-0.000354838
5.04076e-10	-0.000322075
5.04186e-10	-0.000289637
5.04297e-10	-0.000257522
5.04408e-10	-0.00022573
5.04519e-10	-0.000194258
5.04629e-10	-0.000163106
5.0474e-10	-0.000132273
5.04851e-10	-0.000101757
5.04962e-10	-7.15564e-05
5.05072e-10	-4.16704e-05
5.05183e-10	-1.20976e-05
5.05294e-10	1.71633e-05
5.05405e-10	4.61138e-05
5.05516e-10	7.47552e-05
5.05626e-10	0.000103089
5.05737e-10	0.000131116
5.05848e-10	0.000158838
5.05959e-10	0.000186256
5.06069e-10	0.000213372
5.0618e-10	0.000240187
5.06291e-10	0.000266703
5.06402e-10	0.00029292
5.06512e-10	0.000318841
5.06623e-10	0.000344466
5.06734e-10	0.000369797
5.06845e-10	0.000394836
5.06955e-10	0.000419583
5.07066e-10	0.000444041
5.07177e-10	0.000468211
5.07288e-10	0.000492093
5.07398e-10	0.00051569
5.07509e-10	0.000539004
5.0762e-10	0.000562035
5.07731e-10	0.000584784
5.07842e-10	0.000607254
5.07952e-10	0.000629446
5.08063e-10	0.000651361
5.08174e-10	0.000673001
5.08285e-10	0.000694367
5.08395e-10	0.000715461
5.08506e-10	0.000736284
5.08617e-10	0.000756837
5.08728e-10	0.000777123
5.08838e-10	0.000797142
5.08949e-10	0.000816896
5.0906e-10	0.000836387
5.09171e-10	0.000855615
5.09281e-10	0.000874583
5.09392e-10	0.000893293
5.09503e-10	0.000911744
5.09614e-10	0.00092994
5.09724e-10	0.000947881
5.09835e-10	0.000965569
5.09946e-10	0.000983006
5.10057e-10	0.00100019
5.10168e-10	0.00101713
5.10278e-10	0.00103382
5.10389e-10	0.00105027
5.105e-10	0.00106647
5.10611e-10	0.00108243
5.10721e-10	0.00109814
5.10832e-10	0.00111362
5.10943e-10	0.00112886
5.11054e-10	0.00114387
5.11164e-10	0.00115864
5.11275e-10	0.00117317
5.11386e-10	0.00118747
5.11497e-10	0.00120155
5.11607e-10	0.00121539
5.11718e-10	0.00122901
5.11829e-10	0.0012424
5.1194e-10	0.00125556
5.1205e-10	0.00126851
5.12161e-10	0.00128123
5.12272e-10	0.00129373
5.12383e-10	0.00130601
5.12494e-10	0.00131808
5.12604e-10	0.00132993
5.12715e-10	0.00134157
5.12826e-10	0.00135299
5.12937e-10	0.0013642
5.13047e-10	0.00137521
5.13158e-10	0.001386
5.13269e-10	0.00139659
5.1338e-10	0.00140698
5.1349e-10	0.00141716
5.13601e-10	0.00142714
5.13712e-10	0.00143692
5.13823e-10	0.0014465
5.13933e-10	0.00145588
5.14044e-10	0.00146506
5.14155e-10	0.00147405
5.14266e-10	0.00148285
5.14376e-10	0.00149146
5.14487e-10	0.00149987
5.14598e-10	0.0015081
5.14709e-10	0.00151614
5.14819e-10	0.001524
5.1493e-10	0.00153167
5.15041e-10	0.00153915
5.15152e-10	0.00154646
5.15263e-10	0.00155359
5.15373e-10	0.00156053
5.15484e-10	0.0015673
5.15595e-10	0.0015739
5.15706e-10	0.00158032
5.15816e-10	0.00158656
5.15927e-10	0.00159264
5.16038e-10	0.00159855
5.16149e-10	0.00160428
5.16259e-10	0.00160985
5.1637e-10	0.00161526
5.16481e-10	0.0016205
5.16592e-10	0.00162558
5.16702e-10	0.00163049
5.16813e-10	0.00163525
5.16924e-10	0.00163985
5.17035e-10	0.00164429
5.17145e-10	0.00164857
5.17256e-10	0.0016527
5.17367e-10	0.00165668
5.17478e-10	0.00166051
5.17589e-10	0.00166418
5.17699e-10	0.00166771
5.1781e-10	0.00167109
5.17921e-10	0.00167432
5.18032e-10	0.00167741
5.18142e-10	0.00168035
5.18253e-10	0.00168315
5.18364e-10	0.00168581
5.18475e-10	0.00168834
5.18585e-10	0.00169072
5.18696e-10	0.00169297
5.18807e-10	0.00169508
5.18918e-10	0.00169705
5.19028e-10	0.0016989
5.19139e-10	0.00170061
5.1925e-10	0.00170219
5.19361e-10	0.00170365
5.19471e-10	0.00170497
5.19582e-10	0.00170617
5.19693e-10	0.00170725
5.19804e-10	0.0017082
5.19915e-10	0.00170902
5.20025e-10	0.00170973
5.20136e-10	0.00171032
5.20247e-10	0.00171079
5.20358e-10	0.00171114
5.20468e-10	0.00171137
5.20579e-10	0.00171149
5.2069e-10	0.0017115
5.20801e-10	0.00171139
5.20911e-10	0.00171117
5.21022e-10	0.00171085
5.21133e-10	0.00171041
5.21244e-10	0.00170986
5.21354e-10	0.00170921
5.21465e-10	0.00170846
5.21576e-10	0.0017076
5.21687e-10	0.00170663
5.21797e-10	0.00170557
5.21908e-10	0.00170441
5.22019e-10	0.00170314
5.2213e-10	0.00170178
5.22241e-10	0.00170032
5.22351e-10	0.00169877
5.22462e-10	0.00169712
5.22573e-10	0.00169537
5.22684e-10	0.00169354
5.22794e-10	0.00169161
5.22905e-10	0.00168959
5.23016e-10	0.00168749
5.23127e-10	0.00168529
5.23237e-10	0.00168301
5.23348e-10	0.00168065
5.23459e-10	0.0016782
5.2357e-10	0.00167566
5.2368e-10	0.00167305
5.23791e-10	0.00167035
5.23902e-10	0.00166757
5.24013e-10	0.00166471
5.24123e-10	0.00166178
5.24234e-10	0.00165877
5.24345e-10	0.00165568
5.24456e-10	0.00165252
5.24567e-10	0.00164928
5.24677e-10	0.00164597
5.24788e-10	0.00164259
5.24899e-10	0.00163914
5.2501e-10	0.00163561
5.2512e-10	0.00163202
5.25231e-10	0.00162836
5.25342e-10	0.00162464
5.25453e-10	0.00162085
5.25563e-10	0.00161699
5.25674e-10	0.00161307
5.25785e-10	0.00160909
5.25896e-10	0.00160504
5.26006e-10	0.00160094
5.26117e-10	0.00159677
5.26228e-10	0.00159255
5.26339e-10	0.00158826
5.26449e-10	0.00158392
5.2656e-10	0.00157953
5.26671e-10	0.00157507
5.26782e-10	0.00157057
5.26893e-10	0.00156601
5.27003e-10	0.0015614
5.27114e-10	0.00155673
5.27225e-10	0.00155202
5.27336e-10	0.00154725
5.27446e-10	0.00154244
5.27557e-10	0.00153758
5.27668e-10	0.00153267
5.27779e-10	0.00152771
5.27889e-10	0.00152271
5.28e-10	0.00151766
5.28111e-10	0.00151257
5.28222e-10	0.00150744
5.28332e-10	0.00150226
5.28443e-10	0.00149705
5.28554e-10	0.00149179
5.28665e-10	0.00148649
5.28775e-10	0.00148116
5.28886e-10	0.00147578
5.28997e-10	0.00147037
5.29108e-10	0.00146492
5.29218e-10	0.00145944
5.29329e-10	0.00145392
5.2944e-10	0.00144837
5.29551e-10	0.00144278
5.29662e-10	0.00143716
5.29772e-10	0.00143151
5.29883e-10	0.00142583
5.29994e-10	0.00142011
5.30105e-10	0.00141437
5.30215e-10	0.0014086
5.30326e-10	0.0014028
5.30437e-10	0.00139697
5.30548e-10	0.00139112
5.30658e-10	0.00138523
5.30769e-10	0.00137933
5.3088e-10	0.0013734
5.30991e-10	0.00136744
5.31101e-10	0.00136146
5.31212e-10	0.00135546
5.31323e-10	0.00134944
5.31434e-10	0.00134339
5.31544e-10	0.00133733
5.31655e-10	0.00133124
5.31766e-10	0.00132514
5.31877e-10	0.00131901
5.31988e-10	0.00131287
5.32098e-10	0.00130671
5.32209e-10	0.00130053
5.3232e-10	0.00129434
5.32431e-10	0.00128813
5.32541e-10	0.00128191
5.32652e-10	0.00127567
5.32763e-10	0.00126941
5.32874e-10	0.00126315
5.32984e-10	0.00125687
5.33095e-10	0.00125058
5.33206e-10	0.00124428
5.33317e-10	0.00123797
5.33427e-10	0.00123164
5.33538e-10	0.00122531
5.33649e-10	0.00121897
5.3376e-10	0.00121261
5.3387e-10	0.00120625
5.33981e-10	0.00119989
5.34092e-10	0.00119351
5.34203e-10	0.00118713
5.34314e-10	0.00118074
5.34424e-10	0.00117435
5.34535e-10	0.00116795
5.34646e-10	0.00116155
5.34757e-10	0.00115514
5.34867e-10	0.00114873
5.34978e-10	0.00114232
5.35089e-10	0.0011359
5.352e-10	0.00112948
5.3531e-10	0.00112306
5.35421e-10	0.00111664
5.35532e-10	0.00111022
5.35643e-10	0.0011038
5.35753e-10	0.00109737
5.35864e-10	0.00109095
5.35975e-10	0.00108453
5.36086e-10	0.00107811
5.36196e-10	0.00107169
5.36307e-10	0.00106528
5.36418e-10	0.00105887
5.36529e-10	0.00105246
5.3664e-10	0.00104605
5.3675e-10	0.00103965
5.36861e-10	0.00103325
5.36972e-10	0.00102686
5.37083e-10	0.00102047
5.37193e-10	0.00101409
5.37304e-10	0.00100771
5.37415e-10	0.00100134
5.37526e-10	0.000994979
5.37636e-10	0.000988623
5.37747e-10	0.000982274
5.37858e-10	0.000975933
5.37969e-10	0.0009696
5.38079e-10	0.000963276
5.3819e-10	0.00095696
5.38301e-10	0.000950654
5.38412e-10	0.000944357
5.38522e-10	0.00093807
5.38633e-10	0.000931793
5.38744e-10	0.000925527
5.38855e-10	0.000919271
5.38966e-10	0.000913027
5.39076e-10	0.000906794
5.39187e-10	0.000900572
5.39298e-10	0.000894363
5.39409e-10	0.000888166
5.39519e-10	0.000881982
5.3963e-10	0.00087581
5.39741e-10	0.000869652
5.39852e-10	0.000863507
5.39962e-10	0.000857376
5.40073e-10	0.000851259
5.40184e-10	0.000845157
5.40295e-10	0.000839069
5.40405e-10	0.000832995
5.40516e-10	0.000826937
5.40627e-10	0.000820894
5.40738e-10	0.000814867
5.40848e-10	0.000808856
5.40959e-10	0.00080286
5.4107e-10	0.000796881
5.41181e-10	0.000790918
5.41291e-10	0.000784973
5.41402e-10	0.000779044
5.41513e-10	0.000773132
5.41624e-10	0.000767238
5.41735e-10	0.000761361
5.41845e-10	0.000755502
5.41956e-10	0.000749662
5.42067e-10	0.000743839
5.42178e-10	0.000738035
5.42288e-10	0.00073225
5.42399e-10	0.000726484
5.4251e-10	0.000720736
5.42621e-10	0.000715008
5.42731e-10	0.000709299
5.42842e-10	0.00070361
5.42953e-10	0.00069794
5.43064e-10	0.000692291
5.43174e-10	0.000686661
5.43285e-10	0.000681052
5.43396e-10	0.000675463
5.43507e-10	0.000669895
5.43617e-10	0.000664347
5.43728e-10	0.00065882
5.43839e-10	0.000653315
5.4395e-10	0.00064783
5.44061e-10	0.000642367
5.44171e-10	0.000636925
5.44282e-10	0.000631505
5.44393e-10	0.000626106
5.44504e-10	0.00062073
5.44614e-10	0.000615375
5.44725e-10	0.000610043
5.44836e-10	0.000604732
5.44947e-10	0.000599444
5.45057e-10	0.000594179
5.45168e-10	0.000588936
5.45279e-10	0.000583715
5.4539e-10	0.000578518
5.455e-10	0.000573343
5.45611e-10	0.000568191
5.45722e-10	0.000563062
5.45833e-10	0.000557957
5.45943e-10	0.000552874
5.46054e-10	0.000547815
5.46165e-10	0.00054278
5.46276e-10	0.000537767
5.46387e-10	0.000532779
5.46497e-10	0.000527814
5.46608e-10	0.000522873
5.46719e-10	0.000517956
5.4683e-10	0.000513062
5.4694e-10	0.000508193
5.47051e-10	0.000503347
5.47162e-10	0.000498526
5.47273e-10	0.000493728
5.47383e-10	0.000488955
5.47494e-10	0.000484206
5.47605e-10	0.000479482
5.47716e-10	0.000474781
5.47826e-10	0.000470106
5.47937e-10	0.000465454
5.48048e-10	0.000460827
5.48159e-10	0.000456225
5.48269e-10	0.000451647
5.4838e-10	0.000447094
5.48491e-10	0.000442565
5.48602e-10	0.000438061
5.48713e-10	0.000433581
5.48823e-10	0.000429127
5.48934e-10	0.000424697
5.49045e-10	0.000420292
5.49156e-10	0.000415911
5.49266e-10	0.000411556
5.49377e-10	0.000407225
5.49488e-10	0.000402919
5.49599e-10	0.000398638
5.49709e-10	0.000394382
5.4982e-10	0.00039015
5.49931e-10	0.000385944
5.50042e-10	0.000381762
5.50152e-10	0.000377606
5.50263e-10	0.000373474
5.50374e-10	0.000369367
5.50485e-10	0.000365285
5.50595e-10	0.000361227
5.50706e-10	0.000357195
5.50817e-10	0.000353187
5.50928e-10	0.000349205
5.51039e-10	0.000345247
5.51149e-10	0.000341314
5.5126e-10	0.000337406
5.51371e-10	0.000333522
5.51482e-10	0.000329664
5.51592e-10	0.00032583
5.51703e-10	0.000322021
5.51814e-10	0.000318236
5.51925e-10	0.000314476
5.52035e-10	0.000310741
5.52146e-10	0.000307031
5.52257e-10	0.000303345
5.52368e-10	0.000299684
5.52478e-10	0.000296047
5.52589e-10	0.000292435
5.527e-10	0.000288847
5.52811e-10	0.000285283
5.52921e-10	0.000281744
5.53032e-10	0.00027823
5.53143e-10	0.00027474
5.53254e-10	0.000271274
5.53365e-10	0.000267832
5.53475e-10	0.000264414
5.53586e-10	0.000261021
5.53697e-10	0.000257652
5.53808e-10	0.000254306
5.53918e-10	0.000250985
5.54029e-10	0.000247688
5.5414e-10	0.000244414
5.54251e-10	0.000241165
5.54361e-10	0.000237939
5.54472e-10	0.000234737
5.54583e-10	0.000231559
5.54694e-10	0.000228404
5.54804e-10	0.000225273
5.54915e-10	0.000222165
5.55026e-10	0.000219081
5.55137e-10	0.00021602
5.55247e-10	0.000212982
5.55358e-10	0.000209968
5.55469e-10	0.000206977
5.5558e-10	0.000204009
5.5569e-10	0.000201064
5.55801e-10	0.000198142
5.55912e-10	0.000195243
5.56023e-10	0.000192367
5.56134e-10	0.000189514
5.56244e-10	0.000186684
5.56355e-10	0.000183876
5.56466e-10	0.00018109
5.56577e-10	0.000178327
5.56687e-10	0.000175587
5.56798e-10	0.000172869
5.56909e-10	0.000170173
5.5702e-10	0.000167499
5.5713e-10	0.000164848
5.57241e-10	0.000162218
5.57352e-10	0.000159611
5.57463e-10	0.000157025
5.57573e-10	0.000154461
5.57684e-10	0.000151919
5.57795e-10	0.000149399
5.57906e-10	0.0001469
5.58016e-10	0.000144423
5.58127e-10	0.000141967
5.58238e-10	0.000139532
5.58349e-10	0.000137118
5.5846e-10	0.000134726
5.5857e-10	0.000132355
5.58681e-10	0.000130004
5.58792e-10	0.000127675
5.58903e-10	0.000125366
5.59013e-10	0.000123078
5.59124e-10	0.000120811
5.59235e-10	0.000118564
5.59346e-10	0.000116338
5.59456e-10	0.000114132
5.59567e-10	0.000111946
5.59678e-10	0.000109781
5.59789e-10	0.000107635
5.59899e-10	0.000105509
5.6001e-10	0.000103404
5.60121e-10	0.000101318
5.60232e-10	9.92519e-05
5.60342e-10	9.72054e-05
5.60453e-10	9.51785e-05
5.60564e-10	9.31709e-05
5.60675e-10	9.11827e-05
5.60786e-10	8.92137e-05
5.60896e-10	8.72639e-05
5.61007e-10	8.53332e-05
5.61118e-10	8.34213e-05
5.61229e-10	8.15284e-05
5.61339e-10	7.96542e-05
5.6145e-10	7.77987e-05
5.61561e-10	7.59617e-05
5.61672e-10	7.41433e-05
5.61782e-10	7.23432e-05
5.61893e-10	7.05614e-05
5.62004e-10	6.87977e-05
5.62115e-10	6.70522e-05
5.62225e-10	6.53246e-05
5.62336e-10	6.3615e-05
5.62447e-10	6.19231e-05
5.62558e-10	6.0249e-05
5.62668e-10	5.85924e-05
5.62779e-10	5.69533e-05
5.6289e-10	5.53317e-05
5.63001e-10	5.37273e-05
5.63112e-10	5.21402e-05
5.63222e-10	5.05701e-05
5.63333e-10	4.90171e-05
5.63444e-10	4.74809e-05
5.63555e-10	4.59616e-05
5.63665e-10	4.4459e-05
5.63776e-10	4.2973e-05
5.63887e-10	4.15035e-05
5.63998e-10	4.00504e-05
5.64108e-10	3.86136e-05
5.64219e-10	3.71931e-05
5.6433e-10	3.57886e-05
5.64441e-10	3.44002e-05
5.64551e-10	3.30277e-05
5.64662e-10	3.1671e-05
5.64773e-10	3.033e-05
5.64884e-10	2.90046e-05
5.64994e-10	2.76948e-05
5.65105e-10	2.64004e-05
5.65216e-10	2.51213e-05
5.65327e-10	2.38574e-05
5.65438e-10	2.26086e-05
5.65548e-10	2.13749e-05
5.65659e-10	2.01561e-05
5.6577e-10	1.89521e-05
5.65881e-10	1.77628e-05
5.65991e-10	1.65882e-05
5.66102e-10	1.54281e-05
5.66213e-10	1.42824e-05
5.66324e-10	1.31511e-05
5.66434e-10	1.2034e-05
5.66545e-10	1.0931e-05
5.66656e-10	9.84206e-06
5.66767e-10	8.76706e-06
5.66877e-10	7.70591e-06
5.66988e-10	6.65851e-06
5.67099e-10	5.62475e-06
5.6721e-10	4.60455e-06
5.6732e-10	3.59779e-06
5.67431e-10	2.6044e-06
5.67542e-10	1.62427e-06
5.67653e-10	6.57295e-07
5.67764e-10	-2.96609e-07
5.67874e-10	-1.23754e-06
5.67985e-10	-2.1656e-06
5.68096e-10	-3.08087e-06
5.68207e-10	-3.98347e-06
5.68317e-10	-4.87347e-06
5.68428e-10	-5.75098e-06
5.68539e-10	-6.61609e-06
5.6865e-10	-7.4689e-06
5.6876e-10	-8.30949e-06
5.68871e-10	-9.13797e-06
5.68982e-10	-9.95443e-06
5.69093e-10	-1.0759e-05
5.69203e-10	-1.15517e-05
5.69314e-10	-1.23326e-05
5.69425e-10	-1.31019e-05
5.69536e-10	-1.38597e-05
5.69646e-10	-1.46059e-05
5.69757e-10	-1.53409e-05
5.69868e-10	-1.60645e-05
5.69979e-10	-1.67769e-05
5.70089e-10	-1.74783e-05
5.702e-10	-1.81686e-05
5.70311e-10	-1.8848e-05
5.70422e-10	-1.95166e-05
5.70533e-10	-2.01745e-05
5.70643e-10	-2.08217e-05
5.70754e-10	-2.14584e-05
5.70865e-10	-2.20846e-05
5.70976e-10	-2.27004e-05
5.71086e-10	-2.33059e-05
5.71197e-10	-2.39012e-05
5.71308e-10	-2.44864e-05
5.71419e-10	-2.50616e-05
5.71529e-10	-2.56269e-05
5.7164e-10	-2.61822e-05
5.71751e-10	-2.67279e-05
5.71862e-10	-2.72638e-05
5.71972e-10	-2.77902e-05
5.72083e-10	-2.8307e-05
5.72194e-10	-2.88144e-05
5.72305e-10	-2.93125e-05
5.72415e-10	-2.98014e-05
5.72526e-10	-3.0281e-05
5.72637e-10	-3.07516e-05
5.72748e-10	-3.12132e-05
5.72859e-10	-3.16658e-05
