5.53808e-14	0
1.66142e-13	-3.13936e-05
2.76904e-13	-3.09356e-05
3.87665e-13	-3.04686e-05
4.98427e-13	-2.99925e-05
6.09188e-13	-2.95073e-05
7.1995e-13	-2.90129e-05
8.30711e-13	-2.85092e-05
9.41473e-13	-2.79961e-05
1.05223e-12	-2.74735e-05
1.163e-12	-2.69414e-05
1.27376e-12	-2.63996e-05
1.38452e-12	-2.58481e-05
1.49528e-12	-2.52867e-05
1.60604e-12	-2.47155e-05
1.7168e-12	-2.41343e-05
1.82756e-12	-2.3543e-05
1.93833e-12	-2.29415e-05
2.04909e-12	-2.23298e-05
2.15985e-12	-2.17077e-05
2.27061e-12	-2.10752e-05
2.38137e-12	-2.04322e-05
2.49213e-12	-1.97786e-05
2.6029e-12	-1.91142e-05
2.71366e-12	-1.84391e-05
2.82442e-12	-1.77531e-05
2.93518e-12	-1.70561e-05
3.04594e-12	-1.63481e-05
3.1567e-12	-1.56289e-05
3.26746e-12	-1.48985e-05
3.37823e-12	-1.41567e-05
3.48899e-12	-1.34035e-05
3.59975e-12	-1.26388e-05
3.71051e-12	-1.18625e-05
3.82127e-12	-1.10744e-05
3.93203e-12	-1.02746e-05
4.0428e-12	-9.46289e-06
4.15356e-12	-8.63919e-06
4.26432e-12	-7.8034e-06
4.37508e-12	-6.95545e-06
4.48584e-12	-6.09522e-06
4.5966e-12	-5.22264e-06
4.70736e-12	-4.33759e-06
4.81813e-12	-3.44e-06
4.92889e-12	-2.52976e-06
5.03965e-12	-1.60678e-06
5.15041e-12	-6.7096e-07
5.26117e-12	2.77792e-07
5.37193e-12	1.23957e-06
5.48269e-12	2.21448e-06
5.59346e-12	3.20261e-06
5.70422e-12	4.20406e-06
5.81498e-12	5.21892e-06
5.92574e-12	6.2473e-06
6.0365e-12	7.28928e-06
6.14726e-12	8.34498e-06
6.25803e-12	9.41447e-06
6.36879e-12	1.04979e-05
6.47955e-12	1.15953e-05
6.59031e-12	1.27068e-05
6.70107e-12	1.38325e-05
6.81183e-12	1.49724e-05
6.92259e-12	1.61268e-05
7.03336e-12	1.72957e-05
7.14412e-12	1.84791e-05
7.25488e-12	1.96773e-05
7.36564e-12	2.08902e-05
7.4764e-12	2.2118e-05
7.58716e-12	2.33608e-05
7.69792e-12	2.46187e-05
7.80869e-12	2.58918e-05
7.91945e-12	2.71801e-05
8.03021e-12	2.84838e-05
8.14097e-12	2.9803e-05
8.25173e-12	3.11378e-05
8.36249e-12	3.24883e-05
8.47326e-12	3.38545e-05
8.58402e-12	3.52366e-05
8.69478e-12	3.66347e-05
8.80554e-12	3.80489e-05
8.9163e-12	3.94792e-05
9.02706e-12	4.09258e-05
9.13782e-12	4.23888e-05
9.24859e-12	4.38682e-05
9.35935e-12	4.53643e-05
9.47011e-12	4.6877e-05
9.58087e-12	4.84064e-05
9.69163e-12	4.99528e-05
9.80239e-12	5.15161e-05
9.91316e-12	5.30964e-05
1.00239e-11	5.4694e-05
1.01347e-11	5.63087e-05
1.02454e-11	5.79409e-05
1.03562e-11	5.95905e-05
1.0467e-11	6.12577e-05
1.05777e-11	6.29425e-05
1.06885e-11	6.46451e-05
1.07992e-11	6.63656e-05
1.091e-11	6.8104e-05
1.10208e-11	6.98604e-05
1.11315e-11	7.1635e-05
1.12423e-11	7.34279e-05
1.13531e-11	7.5239e-05
1.14638e-11	7.70686e-05
1.15746e-11	7.89168e-05
1.16853e-11	8.07836e-05
1.17961e-11	8.26691e-05
1.19069e-11	8.45734e-05
1.20176e-11	8.64967e-05
1.21284e-11	8.84389e-05
1.22391e-11	9.04003e-05
1.23499e-11	9.23809e-05
1.24607e-11	9.43807e-05
1.25714e-11	9.64e-05
1.26822e-11	9.84388e-05
1.2793e-11	0.000100497
1.29037e-11	0.000102575
1.30145e-11	0.000104673
1.31252e-11	0.00010679
1.3236e-11	0.000108928
1.33468e-11	0.000111086
1.34575e-11	0.000113263
1.35683e-11	0.000115461
1.3679e-11	0.00011768
1.37898e-11	0.000119918
1.39006e-11	0.000122178
1.40113e-11	0.000124457
1.41221e-11	0.000126758
1.42329e-11	0.000129079
1.43436e-11	0.000131421
1.44544e-11	0.000133784
1.45651e-11	0.000136168
1.46759e-11	0.000138573
1.47867e-11	0.000140999
1.48974e-11	0.000143447
1.50082e-11	0.000145916
1.51189e-11	0.000148406
1.52297e-11	0.000150918
1.53405e-11	0.000153452
1.54512e-11	0.000156007
1.5562e-11	0.000158584
1.56728e-11	0.000161183
1.57835e-11	0.000163803
1.58943e-11	0.000166446
1.6005e-11	0.000169111
1.61158e-11	0.000171798
1.62266e-11	0.000174507
1.63373e-11	0.000177239
1.64481e-11	0.000179993
1.65588e-11	0.000182769
1.66696e-11	0.000185568
1.67804e-11	0.00018839
1.68911e-11	0.000191234
1.70019e-11	0.000194101
1.71127e-11	0.000196991
1.72234e-11	0.000199904
1.73342e-11	0.00020284
1.74449e-11	0.000205798
1.75557e-11	0.00020878
1.76665e-11	0.000211785
1.77772e-11	0.000214814
1.7888e-11	0.000217865
1.79987e-11	0.00022094
1.81095e-11	0.000224039
1.82203e-11	0.00022716
1.8331e-11	0.000230306
1.84418e-11	0.000233475
1.85526e-11	0.000236667
1.86633e-11	0.000239884
1.87741e-11	0.000243124
1.88848e-11	0.000246388
1.89956e-11	0.000249676
1.91064e-11	0.000252988
1.92171e-11	0.000256323
1.93279e-11	0.000259683
1.94386e-11	0.000263067
1.95494e-11	0.000266475
1.96602e-11	0.000269907
1.97709e-11	0.000273363
1.98817e-11	0.000276844
1.99925e-11	0.000280349
2.01032e-11	0.000283878
2.0214e-11	0.000287432
2.03247e-11	0.00029101
2.04355e-11	0.000294613
2.05463e-11	0.00029824
2.0657e-11	0.000301891
2.07678e-11	0.000305567
2.08785e-11	0.000309268
2.09893e-11	0.000312994
2.11001e-11	0.000316743
2.12108e-11	0.000320518
2.13216e-11	0.000324318
2.14324e-11	0.000328142
2.15431e-11	0.00033199
2.16539e-11	0.000335864
2.17646e-11	0.000339762
2.18754e-11	0.000343686
2.19862e-11	0.000347634
2.20969e-11	0.000351606
2.22077e-11	0.000355604
2.23184e-11	0.000359627
2.24292e-11	0.000363674
2.254e-11	0.000367746
2.26507e-11	0.000371843
2.27615e-11	0.000375965
2.28723e-11	0.000380112
2.2983e-11	0.000384284
2.30938e-11	0.000388481
2.32045e-11	0.000392702
2.33153e-11	0.000396949
2.34261e-11	0.00040122
2.35368e-11	0.000405516
2.36476e-11	0.000409837
2.37583e-11	0.000414183
2.38691e-11	0.000418553
2.39799e-11	0.000422949
2.40906e-11	0.000427369
2.42014e-11	0.000431814
2.43122e-11	0.000436283
2.44229e-11	0.000440777
2.45337e-11	0.000445296
2.46444e-11	0.00044984
2.47552e-11	0.000454408
2.4866e-11	0.000459001
2.49767e-11	0.000463618
2.50875e-11	0.00046826
2.51982e-11	0.000472926
2.5309e-11	0.000477617
2.54198e-11	0.000482332
2.55305e-11	0.000487071
2.56413e-11	0.000491834
2.57521e-11	0.000496622
2.58628e-11	0.000501434
2.59736e-11	0.00050627
2.60843e-11	0.00051113
2.61951e-11	0.000516014
2.63059e-11	0.000520922
2.64166e-11	0.000525854
2.65274e-11	0.000530809
2.66381e-11	0.000535788
2.67489e-11	0.000540791
2.68597e-11	0.000545817
2.69704e-11	0.000550867
2.70812e-11	0.00055594
2.7192e-11	0.000561037
2.73027e-11	0.000566156
2.74135e-11	0.000571299
2.75242e-11	0.000576464
2.7635e-11	0.000581653
2.77458e-11	0.000586864
2.78565e-11	0.000592099
2.79673e-11	0.000597355
2.8078e-11	0.000602634
2.81888e-11	0.000607936
2.82996e-11	0.00061326
2.84103e-11	0.000618606
2.85211e-11	0.000623974
2.86319e-11	0.000629363
2.87426e-11	0.000634775
2.88534e-11	0.000640208
2.89641e-11	0.000645663
2.90749e-11	0.000651139
2.91857e-11	0.000656636
2.92964e-11	0.000662155
2.94072e-11	0.000667694
2.95179e-11	0.000673254
2.96287e-11	0.000678835
2.97395e-11	0.000684436
2.98502e-11	0.000690058
2.9961e-11	0.000695699
3.00717e-11	0.000701361
3.01825e-11	0.000707042
3.02933e-11	0.000712744
3.0404e-11	0.000718464
3.05148e-11	0.000724204
3.06256e-11	0.000729963
3.07363e-11	0.000735741
3.08471e-11	0.000741538
3.09578e-11	0.000747353
3.10686e-11	0.000753186
3.11794e-11	0.000759038
3.12901e-11	0.000764907
3.14009e-11	0.000770795
3.15116e-11	0.000776699
3.16224e-11	0.000782621
3.17332e-11	0.000788561
3.18439e-11	0.000794517
3.19547e-11	0.000800489
3.20655e-11	0.000806478
3.21762e-11	0.000812483
3.2287e-11	0.000818504
3.23977e-11	0.000824541
3.25085e-11	0.000830593
3.26193e-11	0.000836661
3.273e-11	0.000842743
3.28408e-11	0.00084884
3.29515e-11	0.000854951
3.30623e-11	0.000861077
3.31731e-11	0.000867216
3.32838e-11	0.000873369
3.33946e-11	0.000879535
3.35054e-11	0.000885714
3.36161e-11	0.000891906
3.37269e-11	0.000898111
3.38376e-11	0.000904327
3.39484e-11	0.000910556
3.40592e-11	0.000916796
3.41699e-11	0.000923047
3.42807e-11	0.000929309
3.43914e-11	0.000935582
3.45022e-11	0.000941865
3.4613e-11	0.000948158
3.47237e-11	0.000954461
3.48345e-11	0.000960773
3.49453e-11	0.000967093
3.5056e-11	0.000973423
3.51668e-11	0.000979761
3.52775e-11	0.000986106
3.53883e-11	0.00099246
3.54991e-11	0.00099882
3.56098e-11	0.00100519
3.57206e-11	0.00101156
3.58313e-11	0.00101794
3.59421e-11	0.00102433
3.60529e-11	0.00103072
3.61636e-11	0.00103711
3.62744e-11	0.00104351
3.63852e-11	0.00104992
3.64959e-11	0.00105633
3.66067e-11	0.00106274
3.67174e-11	0.00106915
3.68282e-11	0.00107557
3.6939e-11	0.00108199
3.70497e-11	0.00108841
3.71605e-11	0.00109483
3.72712e-11	0.00110125
3.7382e-11	0.00110767
3.74928e-11	0.0011141
3.76035e-11	0.00112052
3.77143e-11	0.00112694
3.78251e-11	0.00113336
3.79358e-11	0.00113978
3.80466e-11	0.00114619
3.81573e-11	0.0011526
3.82681e-11	0.00115901
3.83789e-11	0.00116542
3.84896e-11	0.00117182
3.86004e-11	0.00117821
3.87111e-11	0.0011846
3.88219e-11	0.00119098
3.89327e-11	0.00119736
3.90434e-11	0.00120373
3.91542e-11	0.0012101
3.9265e-11	0.00121645
3.93757e-11	0.0012228
3.94865e-11	0.00122913
3.95972e-11	0.00123546
3.9708e-11	0.00124178
3.98188e-11	0.00124808
3.99295e-11	0.00125438
4.00403e-11	0.00126066
4.0151e-11	0.00126693
4.02618e-11	0.00127319
4.03726e-11	0.00127944
4.04833e-11	0.00128567
4.05941e-11	0.00129188
4.07049e-11	0.00129808
4.08156e-11	0.00130426
4.09264e-11	0.00131043
4.10371e-11	0.00131658
4.11479e-11	0.00132271
4.12587e-11	0.00132882
4.13694e-11	0.00133492
4.14802e-11	0.00134099
4.15909e-11	0.00134704
4.17017e-11	0.00135308
4.18125e-11	0.00135909
4.19232e-11	0.00136508
4.2034e-11	0.00137104
4.21448e-11	0.00137698
4.22555e-11	0.0013829
4.23663e-11	0.00138879
4.2477e-11	0.00139465
4.25878e-11	0.00140049
4.26986e-11	0.0014063
4.28093e-11	0.00141209
4.29201e-11	0.00141784
4.30308e-11	0.00142357
4.31416e-11	0.00142926
4.32524e-11	0.00143493
4.33631e-11	0.00144056
4.34739e-11	0.00144616
4.35847e-11	0.00145172
4.36954e-11	0.00145726
4.38062e-11	0.00146275
4.39169e-11	0.00146822
4.40277e-11	0.00147364
4.41385e-11	0.00147903
4.42492e-11	0.00148438
4.436e-11	0.0014897
4.44707e-11	0.00149497
4.45815e-11	0.0015002
4.46923e-11	0.00150539
4.4803e-11	0.00151054
4.49138e-11	0.00151565
4.50246e-11	0.00152071
4.51353e-11	0.00152573
4.52461e-11	0.00153071
4.53568e-11	0.00153564
4.54676e-11	0.00154052
4.55784e-11	0.00154535
4.56891e-11	0.00155013
4.57999e-11	0.00155487
4.59106e-11	0.00155955
4.60214e-11	0.00156419
4.61322e-11	0.00156877
4.62429e-11	0.00157329
4.63537e-11	0.00157777
4.64645e-11	0.00158219
4.65752e-11	0.00158655
4.6686e-11	0.00159086
4.67967e-11	0.0015951
4.69075e-11	0.00159929
4.70183e-11	0.00160342
4.7129e-11	0.00160749
4.72398e-11	0.0016115
4.73505e-11	0.00161544
4.74613e-11	0.00161933
4.75721e-11	0.00162314
4.76828e-11	0.0016269
4.77936e-11	0.00163058
4.79044e-11	0.0016342
4.80151e-11	0.00163775
4.81259e-11	0.00164123
4.82366e-11	0.00164464
4.83474e-11	0.00164798
4.84582e-11	0.00165124
4.85689e-11	0.00165444
4.86797e-11	0.00165755
4.87904e-11	0.0016606
4.89012e-11	0.00166356
4.9012e-11	0.00166645
4.91227e-11	0.00166926
4.92335e-11	0.00167199
4.93443e-11	0.00167464
4.9455e-11	0.0016772
4.95658e-11	0.00167969
4.96765e-11	0.00168209
4.97873e-11	0.0016844
4.98981e-11	0.00168663
5.00088e-11	0.00168877
5.01196e-11	0.00169082
5.02303e-11	0.00169278
5.03411e-11	0.00169466
5.04519e-11	0.00169644
5.05626e-11	0.00169812
5.06734e-11	0.00169972
5.07842e-11	0.00170121
5.08949e-11	0.00170261
5.10057e-11	0.00170392
5.11164e-11	0.00170512
5.12272e-11	0.00170622
5.1338e-11	0.00170723
5.14487e-11	0.00170813
5.15595e-11	0.00170893
5.16702e-11	0.00170962
5.1781e-11	0.00171021
5.18918e-11	0.00171068
5.20025e-11	0.00171106
5.21133e-11	0.00171132
5.22241e-11	0.00171147
5.23348e-11	0.00171151
5.24456e-11	0.00171143
5.25563e-11	0.00171124
5.26671e-11	0.00171094
5.27779e-11	0.00171052
5.28886e-11	0.00170998
5.29994e-11	0.00170932
5.31101e-11	0.00170854
5.32209e-11	0.00170764
5.33317e-11	0.00170661
5.34424e-11	0.00170546
5.35532e-11	0.00170419
5.3664e-11	0.00170278
5.37747e-11	0.00170125
5.38855e-11	0.00169959
5.39962e-11	0.0016978
5.4107e-11	0.00169588
5.42178e-11	0.00169382
5.43285e-11	0.00169163
5.44393e-11	0.0016893
5.455e-11	0.00168683
5.46608e-11	0.00168422
5.47716e-11	0.00168148
5.48823e-11	0.00167859
5.49931e-11	0.00167556
5.51039e-11	0.00167239
5.52146e-11	0.00166906
5.53254e-11	0.0016656
5.54361e-11	0.00166198
5.55469e-11	0.00165822
5.56577e-11	0.0016543
5.57684e-11	0.00165023
5.58792e-11	0.00164601
5.59899e-11	0.00164163
5.61007e-11	0.00163709
5.62115e-11	0.0016324
5.63222e-11	0.00162755
5.6433e-11	0.00162253
5.65438e-11	0.00161736
5.66545e-11	0.00161202
5.67653e-11	0.00160651
5.6876e-11	0.00160084
5.69868e-11	0.001595
5.70976e-11	0.00158899
5.72083e-11	0.00158281
5.73191e-11	0.00157646
5.74298e-11	0.00156994
5.75406e-11	0.00156324
5.76514e-11	0.00155636
5.77621e-11	0.0015493
5.78729e-11	0.00154207
5.79837e-11	0.00153466
5.80944e-11	0.00152706
5.82052e-11	0.00151928
5.83159e-11	0.00151131
5.84267e-11	0.00150316
5.85375e-11	0.00149482
5.86482e-11	0.00148629
5.8759e-11	0.00147756
5.88697e-11	0.00146865
5.89805e-11	0.00145954
5.90913e-11	0.00145024
5.9202e-11	0.00144074
5.93128e-11	0.00143104
5.94236e-11	0.00142114
5.95343e-11	0.00141104
5.96451e-11	0.00140073
5.97558e-11	0.00139022
5.98666e-11	0.00137951
5.99774e-11	0.00136859
6.00881e-11	0.00135746
6.01989e-11	0.00134612
6.03096e-11	0.00133457
6.04204e-11	0.0013228
6.05312e-11	0.00131082
6.06419e-11	0.00129862
6.07527e-11	0.00128621
6.08634e-11	0.00127357
6.09742e-11	0.00126072
6.1085e-11	0.00124764
6.11957e-11	0.00123434
6.13065e-11	0.00122081
6.14173e-11	0.00120706
6.1528e-11	0.00119308
6.16388e-11	0.00117887
6.17495e-11	0.00116442
6.18603e-11	0.00114975
6.19711e-11	0.00113484
6.20818e-11	0.00111969
6.21926e-11	0.00110431
6.23033e-11	0.00108868
6.24141e-11	0.00107282
6.25249e-11	0.00105671
6.26356e-11	0.00104037
6.27464e-11	0.00102377
6.28572e-11	0.00100693
6.29679e-11	0.000989845
6.30787e-11	0.000972508
6.31894e-11	0.000954919
6.33002e-11	0.000937079
6.3411e-11	0.000918984
6.35217e-11	0.000900634
6.36325e-11	0.000882027
6.37432e-11	0.000863162
6.3854e-11	0.000844036
6.39648e-11	0.00082465
6.40755e-11	0.000805
6.41863e-11	0.000785086
6.42971e-11	0.000764906
6.44078e-11	0.000744459
6.45186e-11	0.000723743
6.46293e-11	0.000702757
6.47401e-11	0.000681499
6.48509e-11	0.000659968
6.49616e-11	0.000638162
6.50724e-11	0.00061608
6.51831e-11	0.00059372
6.52939e-11	0.000571082
6.54047e-11	0.000548162
6.55154e-11	0.000524961
6.56262e-11	0.000501477
6.5737e-11	0.000477707
6.58477e-11	0.000453652
6.59585e-11	0.000429308
6.60692e-11	0.000404676
6.618e-11	0.000379752
6.62908e-11	0.000354537
6.64015e-11	0.000329029
6.65123e-11	0.000303225
6.6623e-11	0.000277126
6.67338e-11	0.000250729
6.68446e-11	0.000224032
6.69553e-11	0.000197036
6.70661e-11	0.000169737
6.71769e-11	0.000142136
6.72876e-11	0.00011423
6.73984e-11	8.60179e-05
6.75091e-11	5.74987e-05
6.76199e-11	2.86708e-05
6.77307e-11	-4.66964e-07
6.78414e-11	-2.99161e-05
6.79522e-11	-5.96778e-05
6.80629e-11	-8.97535e-05
6.81737e-11	-0.000120144
6.82845e-11	-0.000150852
6.83952e-11	-0.000181877
6.8506e-11	-0.000213222
6.86168e-11	-0.000244887
6.87275e-11	-0.000276874
6.88383e-11	-0.000309184
6.8949e-11	-0.000341818
6.90598e-11	-0.000374778
6.91706e-11	-0.000408065
6.92813e-11	-0.000441679
6.93921e-11	-0.000475623
6.95028e-11	-0.000509898
6.96136e-11	-0.000544504
6.97244e-11	-0.000579443
6.98351e-11	-0.000614716
6.99459e-11	-0.000650325
7.00567e-11	-0.00068627
7.01674e-11	-0.000722552
7.02782e-11	-0.000759174
7.03889e-11	-0.000796135
7.04997e-11	-0.000833438
7.06105e-11	-0.000871082
7.07212e-11	-0.00090907
7.0832e-11	-0.000947403
7.09427e-11	-0.000986081
7.10535e-11	-0.00102511
7.11643e-11	-0.00106448
7.1275e-11	-0.0011042
7.13858e-11	-0.00114427
7.14966e-11	-0.00118469
7.16073e-11	-0.00122546
7.17181e-11	-0.00126659
7.18288e-11	-0.00130807
7.19396e-11	-0.0013499
7.20504e-11	-0.00139209
7.21611e-11	-0.00143464
7.22719e-11	-0.00147755
7.23826e-11	-0.00152081
7.24934e-11	-0.00156443
7.26042e-11	-0.00160842
7.27149e-11	-0.00165276
7.28257e-11	-0.00169747
7.29365e-11	-0.00174254
7.30472e-11	-0.00178797
7.3158e-11	-0.00183377
7.32687e-11	-0.00187993
7.33795e-11	-0.00192647
7.34903e-11	-0.00197336
7.3601e-11	-0.00202063
7.37118e-11	-0.00206826
7.38225e-11	-0.00211627
7.39333e-11	-0.00216464
7.40441e-11	-0.00221338
7.41548e-11	-0.0022625
7.42656e-11	-0.00231199
7.43764e-11	-0.00236185
7.44871e-11	-0.00241208
7.45979e-11	-0.00246269
7.47086e-11	-0.00251368
7.48194e-11	-0.00256503
7.49302e-11	-0.00261677
7.50409e-11	-0.00266888
7.51517e-11	-0.00272137
7.52624e-11	-0.00277423
7.53732e-11	-0.00282748
7.5484e-11	-0.0028811
7.55947e-11	-0.0029351
7.57055e-11	-0.00298948
7.58163e-11	-0.00304424
7.5927e-11	-0.00309938
7.60378e-11	-0.0031549
7.61485e-11	-0.0032108
7.62593e-11	-0.00326708
7.63701e-11	-0.00332374
7.64808e-11	-0.00338079
7.65916e-11	-0.00343822
7.67023e-11	-0.00349603
7.68131e-11	-0.00355422
7.69239e-11	-0.0036128
7.70346e-11	-0.00367175
7.71454e-11	-0.0037311
7.72562e-11	-0.00379082
7.73669e-11	-0.00385093
7.74777e-11	-0.00391142
7.75884e-11	-0.0039723
7.76992e-11	-0.00403355
7.781e-11	-0.0040952
7.79207e-11	-0.00415722
7.80315e-11	-0.00421963
7.81422e-11	-0.00428243
7.8253e-11	-0.00434561
7.83638e-11	-0.00440917
7.84745e-11	-0.00447311
7.85853e-11	-0.00453744
7.86961e-11	-0.00460215
7.88068e-11	-0.00466724
7.89176e-11	-0.00473272
7.90283e-11	-0.00479858
7.91391e-11	-0.00486482
7.92499e-11	-0.00493144
7.93606e-11	-0.00499845
7.94714e-11	-0.00506583
7.95821e-11	-0.0051336
7.96929e-11	-0.00520175
7.98037e-11	-0.00527027
7.99144e-11	-0.00533918
8.00252e-11	-0.00540847
8.0136e-11	-0.00547813
8.02467e-11	-0.00554817
8.03575e-11	-0.00561859
8.04682e-11	-0.00568939
8.0579e-11	-0.00576056
8.06898e-11	-0.00583211
8.08005e-11	-0.00590404
8.09113e-11	-0.00597634
8.1022e-11	-0.00604901
8.11328e-11	-0.00612205
8.12436e-11	-0.00619547
8.13543e-11	-0.00626926
8.14651e-11	-0.00634342
8.15759e-11	-0.00641795
8.16866e-11	-0.00649284
8.17974e-11	-0.00656811
8.19081e-11	-0.00664374
8.20189e-11	-0.00671973
8.21297e-11	-0.0067961
8.22404e-11	-0.00687282
8.23512e-11	-0.00694991
8.24619e-11	-0.00702736
8.25727e-11	-0.00710516
8.26835e-11	-0.00718333
8.27942e-11	-0.00726186
8.2905e-11	-0.00734074
8.30158e-11	-0.00741998
8.31265e-11	-0.00749957
8.32373e-11	-0.00757951
8.3348e-11	-0.0076598
8.34588e-11	-0.00774045
8.35696e-11	-0.00782144
8.36803e-11	-0.00790278
8.37911e-11	-0.00798446
8.39018e-11	-0.00806649
8.40126e-11	-0.00814886
8.41234e-11	-0.00823157
8.42341e-11	-0.00831461
8.43449e-11	-0.008398
8.44557e-11	-0.00848172
8.45664e-11	-0.00856577
8.46772e-11	-0.00865015
8.47879e-11	-0.00873487
8.48987e-11	-0.00881991
8.50095e-11	-0.00890528
8.51202e-11	-0.00899097
8.5231e-11	-0.00907699
8.53417e-11	-0.00916332
8.54525e-11	-0.00924997
8.55633e-11	-0.00933694
8.5674e-11	-0.00942422
8.57848e-11	-0.00951181
8.58956e-11	-0.00959971
8.60063e-11	-0.00968792
8.61171e-11	-0.00977643
8.62278e-11	-0.00986525
8.63386e-11	-0.00995436
8.64494e-11	-0.0100438
8.65601e-11	-0.0101335
8.66709e-11	-0.0102235
8.67816e-11	-0.0103138
8.68924e-11	-0.0104043
8.70032e-11	-0.0104952
8.71139e-11	-0.0105863
8.72247e-11	-0.0106778
8.73355e-11	-0.0107695
8.74462e-11	-0.0108614
8.7557e-11	-0.0109537
8.76677e-11	-0.0110462
8.77785e-11	-0.011139
8.78893e-11	-0.011232
8.8e-11	-0.0113253
8.81108e-11	-0.0114189
8.82215e-11	-0.0115127
8.83323e-11	-0.0116067
8.84431e-11	-0.011701
8.85538e-11	-0.0117956
8.86646e-11	-0.0118904
8.87754e-11	-0.0119854
8.88861e-11	-0.0120806
8.89969e-11	-0.0121761
8.91076e-11	-0.0122718
8.92184e-11	-0.0123678
8.93292e-11	-0.0124639
8.94399e-11	-0.0125603
8.95507e-11	-0.0126569
8.96614e-11	-0.0127537
8.97722e-11	-0.0128507
8.9883e-11	-0.0129479
8.99937e-11	-0.0130453
9.01045e-11	-0.0131429
9.02152e-11	-0.0132407
9.0326e-11	-0.0133386
9.04368e-11	-0.0134368
9.05475e-11	-0.0135351
9.06583e-11	-0.0136336
9.07691e-11	-0.0137323
9.08798e-11	-0.0138312
9.09906e-11	-0.0139302
9.11013e-11	-0.0140293
9.12121e-11	-0.0141286
9.13229e-11	-0.0142281
9.14336e-11	-0.0143277
9.15444e-11	-0.0144275
9.16551e-11	-0.0145274
9.17659e-11	-0.0146274
9.18767e-11	-0.0147275
9.19874e-11	-0.0148278
9.20982e-11	-0.0149282
9.2209e-11	-0.0150287
9.23197e-11	-0.0151293
9.24305e-11	-0.01523
9.25412e-11	-0.0153308
9.2652e-11	-0.0154317
9.27628e-11	-0.0155327
9.28735e-11	-0.0156337
9.29843e-11	-0.0157349
9.3095e-11	-0.0158361
9.32058e-11	-0.0159374
9.33166e-11	-0.0160388
9.34273e-11	-0.0161402
9.35381e-11	-0.0162416
9.36489e-11	-0.0163432
9.37596e-11	-0.0164447
9.38704e-11	-0.0165463
9.39811e-11	-0.0166479
9.40919e-11	-0.0167496
9.42027e-11	-0.0168512
9.43134e-11	-0.0169529
9.44242e-11	-0.0170546
9.45349e-11	-0.0171563
9.46457e-11	-0.017258
9.47565e-11	-0.0173597
9.48672e-11	-0.0174614
9.4978e-11	-0.017563
9.50888e-11	-0.0176646
9.51995e-11	-0.0177662
9.53103e-11	-0.0178678
9.5421e-11	-0.0179693
9.55318e-11	-0.0180708
9.56426e-11	-0.0181722
9.57533e-11	-0.0182735
9.58641e-11	-0.0183748
9.59748e-11	-0.018476
9.60856e-11	-0.0185771
9.61964e-11	-0.0186781
9.63071e-11	-0.018779
9.64179e-11	-0.0188799
9.65287e-11	-0.0189806
9.66394e-11	-0.0190812
9.67502e-11	-0.0191817
9.68609e-11	-0.019282
9.69717e-11	-0.0193823
9.70825e-11	-0.0194823
9.71932e-11	-0.0195823
9.7304e-11	-0.0196821
9.74147e-11	-0.0197817
9.75255e-11	-0.0198811
9.76363e-11	-0.0199804
9.7747e-11	-0.0200795
9.78578e-11	-0.0201784
9.79686e-11	-0.0202771
9.80793e-11	-0.0203756
9.81901e-11	-0.0204738
9.83008e-11	-0.0205719
9.84116e-11	-0.0206697
9.85224e-11	-0.0207673
9.86331e-11	-0.0208647
9.87439e-11	-0.0209618
9.88546e-11	-0.0210586
9.89654e-11	-0.0211552
9.90762e-11	-0.0212515
9.91869e-11	-0.0213475
9.92977e-11	-0.0214433
9.94085e-11	-0.0215387
9.95192e-11	-0.0216339
9.963e-11	-0.0217287
9.97407e-11	-0.0218232
9.98515e-11	-0.0219174
9.99623e-11	-0.0220112
1.00073e-10	-0.0221047
1.00184e-10	-0.0221979
1.00295e-10	-0.0222906
1.00405e-10	-0.0223831
1.00516e-10	-0.0224751
1.00627e-10	-0.0225667
1.00738e-10	-0.022658
1.00848e-10	-0.0227488
1.00959e-10	-0.0228393
1.0107e-10	-0.0229293
1.01181e-10	-0.0230189
1.01291e-10	-0.0231081
1.01402e-10	-0.0231968
1.01513e-10	-0.023285
1.01624e-10	-0.0233728
1.01734e-10	-0.0234601
1.01845e-10	-0.023547
1.01956e-10	-0.0236333
1.02067e-10	-0.0237192
1.02177e-10	-0.0238045
1.02288e-10	-0.0238893
1.02399e-10	-0.0239736
1.0251e-10	-0.0240574
1.02621e-10	-0.0241406
1.02731e-10	-0.0242233
1.02842e-10	-0.0243054
1.02953e-10	-0.0243869
1.03064e-10	-0.0244678
1.03174e-10	-0.0245482
1.03285e-10	-0.024628
1.03396e-10	-0.0247071
1.03507e-10	-0.0247856
1.03617e-10	-0.0248635
1.03728e-10	-0.0249408
1.03839e-10	-0.0250174
1.0395e-10	-0.0250933
1.0406e-10	-0.0251686
1.04171e-10	-0.0252432
1.04282e-10	-0.0253171
1.04393e-10	-0.0253903
1.04503e-10	-0.0254628
1.04614e-10	-0.0255346
1.04725e-10	-0.0256057
1.04836e-10	-0.025676
1.04947e-10	-0.0257456
1.05057e-10	-0.0258144
1.05168e-10	-0.0258825
1.05279e-10	-0.0259497
1.0539e-10	-0.0260162
1.055e-10	-0.0260819
1.05611e-10	-0.0261468
1.05722e-10	-0.0262109
1.05833e-10	-0.0262741
1.05943e-10	-0.0263365
1.06054e-10	-0.026398
1.06165e-10	-0.0264587
1.06276e-10	-0.0265185
1.06386e-10	-0.0265774
1.06497e-10	-0.0266355
1.06608e-10	-0.0266926
1.06719e-10	-0.0267488
1.06829e-10	-0.0268041
1.0694e-10	-0.0268585
1.07051e-10	-0.0269119
1.07162e-10	-0.0269644
1.07273e-10	-0.0270159
1.07383e-10	-0.0270664
1.07494e-10	-0.0271159
1.07605e-10	-0.0271644
1.07716e-10	-0.0272119
1.07826e-10	-0.0272584
1.07937e-10	-0.0273039
1.08048e-10	-0.0273483
1.08159e-10	-0.0273917
1.08269e-10	-0.0274339
1.0838e-10	-0.0274752
1.08491e-10	-0.0275153
1.08602e-10	-0.0275543
1.08712e-10	-0.0275922
1.08823e-10	-0.027629
1.08934e-10	-0.0276647
1.09045e-10	-0.0276992
1.09155e-10	-0.0277326
1.09266e-10	-0.0277648
1.09377e-10	-0.0277958
1.09488e-10	-0.0278257
1.09599e-10	-0.0278543
1.09709e-10	-0.0278817
1.0982e-10	-0.0279079
1.09931e-10	-0.0279329
1.10042e-10	-0.0279566
1.10152e-10	-0.0279791
1.10263e-10	-0.0280003
1.10374e-10	-0.0280202
1.10485e-10	-0.0280388
1.10595e-10	-0.0280561
1.10706e-10	-0.0280721
1.10817e-10	-0.0280868
1.10928e-10	-0.0281001
1.11038e-10	-0.0281121
1.11149e-10	-0.0281228
1.1126e-10	-0.028132
1.11371e-10	-0.0281399
1.11481e-10	-0.0281463
1.11592e-10	-0.0281514
1.11703e-10	-0.0281551
1.11814e-10	-0.0281573
1.11925e-10	-0.028158
1.12035e-10	-0.0281574
1.12146e-10	-0.0281552
1.12257e-10	-0.0281516
1.12368e-10	-0.0281465
1.12478e-10	-0.0281399
1.12589e-10	-0.0281317
1.127e-10	-0.0281221
1.12811e-10	-0.0281109
1.12921e-10	-0.0280981
1.13032e-10	-0.0280838
1.13143e-10	-0.028068
1.13254e-10	-0.0280505
1.13364e-10	-0.0280315
1.13475e-10	-0.0280108
1.13586e-10	-0.0279885
1.13697e-10	-0.0279646
1.13807e-10	-0.0279391
1.13918e-10	-0.0279119
1.14029e-10	-0.027883
1.1414e-10	-0.0278525
1.1425e-10	-0.0278202
1.14361e-10	-0.0277863
1.14472e-10	-0.0277506
1.14583e-10	-0.0277133
1.14694e-10	-0.0276742
1.14804e-10	-0.0276333
1.14915e-10	-0.0275907
1.15026e-10	-0.0275463
1.15137e-10	-0.0275001
1.15247e-10	-0.0274521
1.15358e-10	-0.0274024
1.15469e-10	-0.0273508
1.1558e-10	-0.0272974
1.1569e-10	-0.0272421
1.15801e-10	-0.027185
1.15912e-10	-0.027126
1.16023e-10	-0.0270652
1.16133e-10	-0.0270024
1.16244e-10	-0.0269378
1.16355e-10	-0.0268712
1.16466e-10	-0.0268027
1.16576e-10	-0.0267323
1.16687e-10	-0.02666
1.16798e-10	-0.0265857
1.16909e-10	-0.0265094
1.1702e-10	-0.0264311
1.1713e-10	-0.0263509
1.17241e-10	-0.0262686
1.17352e-10	-0.0261844
1.17463e-10	-0.0260981
1.17573e-10	-0.0260097
1.17684e-10	-0.0259194
1.17795e-10	-0.0258269
1.17906e-10	-0.0257324
1.18016e-10	-0.0256359
1.18127e-10	-0.0255372
1.18238e-10	-0.0254364
1.18349e-10	-0.0253335
1.18459e-10	-0.0252285
1.1857e-10	-0.0251213
1.18681e-10	-0.025012
1.18792e-10	-0.0249006
1.18902e-10	-0.024787
1.19013e-10	-0.0246712
1.19124e-10	-0.0245532
1.19235e-10	-0.024433
1.19346e-10	-0.0243106
1.19456e-10	-0.0241859
1.19567e-10	-0.0240591
1.19678e-10	-0.0239299
1.19789e-10	-0.0237986
1.19899e-10	-0.023665
1.2001e-10	-0.023529
1.20121e-10	-0.0233909
1.20232e-10	-0.0232504
1.20342e-10	-0.0231076
1.20453e-10	-0.0229625
1.20564e-10	-0.022815
1.20675e-10	-0.0226653
1.20785e-10	-0.0225131
1.20896e-10	-0.0223587
1.21007e-10	-0.0222018
1.21118e-10	-0.0220426
1.21228e-10	-0.021881
1.21339e-10	-0.021717
1.2145e-10	-0.0215505
1.21561e-10	-0.0213817
1.21672e-10	-0.0212105
1.21782e-10	-0.0210368
1.21893e-10	-0.0208606
1.22004e-10	-0.020682
1.22115e-10	-0.020501
1.22225e-10	-0.0203175
1.22336e-10	-0.0201314
1.22447e-10	-0.0199429
1.22558e-10	-0.0197519
1.22668e-10	-0.0195584
1.22779e-10	-0.0193624
1.2289e-10	-0.0191638
1.23001e-10	-0.0189627
1.23111e-10	-0.0187591
1.23222e-10	-0.0185529
1.23333e-10	-0.0183441
1.23444e-10	-0.0181328
1.23554e-10	-0.0179189
1.23665e-10	-0.0177024
1.23776e-10	-0.0174833
1.23887e-10	-0.0172616
1.23998e-10	-0.0170373
1.24108e-10	-0.0168104
1.24219e-10	-0.0165808
1.2433e-10	-0.0163486
1.24441e-10	-0.0161138
1.24551e-10	-0.0158763
1.24662e-10	-0.0156362
1.24773e-10	-0.0153933
1.24884e-10	-0.0151479
1.24994e-10	-0.0148997
1.25105e-10	-0.0146488
1.25216e-10	-0.0143953
1.25327e-10	-0.014139
1.25437e-10	-0.01388
1.25548e-10	-0.0136184
1.25659e-10	-0.0133539
1.2577e-10	-0.0130868
1.2588e-10	-0.0128169
1.25991e-10	-0.0125443
1.26102e-10	-0.0122689
1.26213e-10	-0.0119908
1.26324e-10	-0.0117099
1.26434e-10	-0.0114263
1.26545e-10	-0.0111398
1.26656e-10	-0.0108506
1.26767e-10	-0.0105586
1.26877e-10	-0.0102638
1.26988e-10	-0.00996626
1.27099e-10	-0.00966588
1.2721e-10	-0.00936268
1.2732e-10	-0.00905668
1.27431e-10	-0.00874785
1.27542e-10	-0.00843621
1.27653e-10	-0.00812173
1.27763e-10	-0.00780443
1.27874e-10	-0.00748428
1.27985e-10	-0.0071613
1.28096e-10	-0.00683547
1.28206e-10	-0.00650679
1.28317e-10	-0.00617526
1.28428e-10	-0.00584087
1.28539e-10	-0.00550362
1.28649e-10	-0.0051635
1.2876e-10	-0.00482052
1.28871e-10	-0.00447466
1.28982e-10	-0.00412592
1.29093e-10	-0.00377431
1.29203e-10	-0.00341981
1.29314e-10	-0.00306243
1.29425e-10	-0.00270217
1.29536e-10	-0.00233901
1.29646e-10	-0.00197296
1.29757e-10	-0.00160401
1.29868e-10	-0.00123217
1.29979e-10	-0.000857422
1.30089e-10	-0.000479776
1.302e-10	-9.9227e-05
1.30311e-10	0.000284227
1.30422e-10	0.000670589
1.30532e-10	0.00105986
1.30643e-10	0.00145204
1.30754e-10	0.00184713
1.30865e-10	0.00224513
1.30975e-10	0.00264604
1.31086e-10	0.00304987
1.31197e-10	0.00345661
1.31308e-10	0.00386626
1.31419e-10	0.00427883
1.31529e-10	0.00469431
1.3164e-10	0.00511271
1.31751e-10	0.00553402
1.31862e-10	0.00595824
1.31972e-10	0.00638538
1.32083e-10	0.00681543
1.32194e-10	0.00724839
1.32305e-10	0.00768426
1.32415e-10	0.00812304
1.32526e-10	0.00856473
1.32637e-10	0.00900933
1.32748e-10	0.00945683
1.32858e-10	0.00990723
1.32969e-10	0.0103605
1.3308e-10	0.0108167
1.33191e-10	0.0112758
1.33301e-10	0.0117378
1.33412e-10	0.0122027
1.33523e-10	0.0126705
1.33634e-10	0.0131411
1.33745e-10	0.0136147
1.33855e-10	0.0140911
1.33966e-10	0.0145704
1.34077e-10	0.0150525
1.34188e-10	0.0155376
1.34298e-10	0.0160255
1.34409e-10	0.0165162
1.3452e-10	0.0170098
1.34631e-10	0.0175063
1.34741e-10	0.0180056
1.34852e-10	0.0185077
1.34963e-10	0.0190127
1.35074e-10	0.0195205
1.35184e-10	0.0200311
1.35295e-10	0.0205446
1.35406e-10	0.0210608
1.35517e-10	0.0215799
1.35627e-10	0.0221018
1.35738e-10	0.0226264
1.35849e-10	0.0231539
1.3596e-10	0.0236841
1.36071e-10	0.0242171
1.36181e-10	0.0247529
1.36292e-10	0.0252914
1.36403e-10	0.0258327
1.36514e-10	0.0263767
1.36624e-10	0.0269235
1.36735e-10	0.027473
1.36846e-10	0.0280252
1.36957e-10	0.0285801
1.37067e-10	0.0291377
1.37178e-10	0.029698
1.37289e-10	0.030261
1.374e-10	0.0308267
1.3751e-10	0.031395
1.37621e-10	0.031966
1.37732e-10	0.0325396
1.37843e-10	0.0331158
1.37953e-10	0.0336947
1.38064e-10	0.0342762
1.38175e-10	0.0348603
1.38286e-10	0.035447
1.38397e-10	0.0360363
1.38507e-10	0.0366281
1.38618e-10	0.0372225
1.38729e-10	0.0378194
1.3884e-10	0.0384189
1.3895e-10	0.0390209
1.39061e-10	0.0396254
1.39172e-10	0.0402324
1.39283e-10	0.0408419
1.39393e-10	0.0414538
1.39504e-10	0.0420682
1.39615e-10	0.0426851
1.39726e-10	0.0433044
1.39836e-10	0.043926
1.39947e-10	0.0445501
1.40058e-10	0.0451766
1.40169e-10	0.0458055
1.40279e-10	0.0464367
1.4039e-10	0.0470702
1.40501e-10	0.0477061
1.40612e-10	0.0483443
1.40722e-10	0.0489848
1.40833e-10	0.0496275
1.40944e-10	0.0502726
1.41055e-10	0.0509198
1.41166e-10	0.0515693
1.41276e-10	0.052221
1.41387e-10	0.0528749
1.41498e-10	0.053531
1.41609e-10	0.0541893
1.41719e-10	0.0548497
1.4183e-10	0.0555122
1.41941e-10	0.0561768
1.42052e-10	0.0568436
1.42162e-10	0.0575124
1.42273e-10	0.0581832
1.42384e-10	0.0588561
1.42495e-10	0.059531
1.42605e-10	0.0602078
1.42716e-10	0.0608867
1.42827e-10	0.0615675
1.42938e-10	0.0622503
1.43048e-10	0.0629349
1.43159e-10	0.0636215
1.4327e-10	0.0643099
1.43381e-10	0.0650002
1.43492e-10	0.0656923
1.43602e-10	0.0663862
1.43713e-10	0.0670819
1.43824e-10	0.0677794
1.43935e-10	0.0684786
1.44045e-10	0.0691796
1.44156e-10	0.0698822
1.44267e-10	0.0705865
1.44378e-10	0.0712925
1.44488e-10	0.072
1.44599e-10	0.0727092
1.4471e-10	0.07342
1.44821e-10	0.0741323
1.44931e-10	0.0748462
1.45042e-10	0.0755616
1.45153e-10	0.0762784
1.45264e-10	0.0769967
1.45374e-10	0.0777165
1.45485e-10	0.0784376
1.45596e-10	0.0791602
1.45707e-10	0.0798841
1.45818e-10	0.0806093
1.45928e-10	0.0813358
1.46039e-10	0.0820636
1.4615e-10	0.0827927
1.46261e-10	0.083523
1.46371e-10	0.0842545
1.46482e-10	0.0849871
1.46593e-10	0.0857209
1.46704e-10	0.0864558
1.46814e-10	0.0871918
1.46925e-10	0.0879288
1.47036e-10	0.0886669
1.47147e-10	0.0894059
1.47257e-10	0.090146
1.47368e-10	0.090887
1.47479e-10	0.0916289
1.4759e-10	0.0923716
1.477e-10	0.0931153
1.47811e-10	0.0938597
1.47922e-10	0.0946049
1.48033e-10	0.0953509
1.48144e-10	0.0960977
1.48254e-10	0.0968451
1.48365e-10	0.0975932
1.48476e-10	0.0983419
1.48587e-10	0.0990913
1.48697e-10	0.0998412
1.48808e-10	0.100592
1.48919e-10	0.101343
1.4903e-10	0.102094
1.4914e-10	0.102846
1.49251e-10	0.103598
1.49362e-10	0.104351
1.49473e-10	0.105104
1.49583e-10	0.105857
1.49694e-10	0.106611
1.49805e-10	0.107364
1.49916e-10	0.108119
1.50026e-10	0.108873
1.50137e-10	0.109627
1.50248e-10	0.110381
1.50359e-10	0.111136
1.5047e-10	0.111891
1.5058e-10	0.112645
1.50691e-10	0.1134
1.50802e-10	0.114154
1.50913e-10	0.114908
1.51023e-10	0.115662
1.51134e-10	0.116416
1.51245e-10	0.11717
1.51356e-10	0.117924
1.51466e-10	0.118677
1.51577e-10	0.11943
1.51688e-10	0.120182
1.51799e-10	0.120934
1.51909e-10	0.121686
1.5202e-10	0.122437
1.52131e-10	0.123187
1.52242e-10	0.123938
1.52352e-10	0.124687
1.52463e-10	0.125436
1.52574e-10	0.126184
1.52685e-10	0.126931
1.52796e-10	0.127678
1.52906e-10	0.128424
1.53017e-10	0.129169
1.53128e-10	0.129913
1.53239e-10	0.130656
1.53349e-10	0.131398
1.5346e-10	0.132139
1.53571e-10	0.13288
1.53682e-10	0.133619
1.53792e-10	0.134357
1.53903e-10	0.135093
1.54014e-10	0.135829
1.54125e-10	0.136563
1.54235e-10	0.137296
1.54346e-10	0.138028
1.54457e-10	0.138758
1.54568e-10	0.139487
1.54678e-10	0.140215
1.54789e-10	0.140941
1.549e-10	0.141665
1.55011e-10	0.142388
1.55121e-10	0.143109
1.55232e-10	0.143828
1.55343e-10	0.144546
1.55454e-10	0.145262
1.55565e-10	0.145976
1.55675e-10	0.146689
1.55786e-10	0.147399
1.55897e-10	0.148107
1.56008e-10	0.148814
1.56118e-10	0.149518
1.56229e-10	0.150221
1.5634e-10	0.150921
1.56451e-10	0.151619
1.56561e-10	0.152315
1.56672e-10	0.153008
1.56783e-10	0.1537
1.56894e-10	0.154388
1.57004e-10	0.155075
1.57115e-10	0.155759
1.57226e-10	0.156441
1.57337e-10	0.15712
1.57447e-10	0.157796
1.57558e-10	0.15847
1.57669e-10	0.159141
1.5778e-10	0.159809
1.57891e-10	0.160475
1.58001e-10	0.161138
1.58112e-10	0.161798
1.58223e-10	0.162455
1.58334e-10	0.163109
1.58444e-10	0.16376
1.58555e-10	0.164408
1.58666e-10	0.165052
1.58777e-10	0.165694
1.58887e-10	0.166333
1.58998e-10	0.166968
1.59109e-10	0.1676
1.5922e-10	0.168228
1.5933e-10	0.168854
1.59441e-10	0.169475
1.59552e-10	0.170094
1.59663e-10	0.170708
1.59773e-10	0.171319
1.59884e-10	0.171927
1.59995e-10	0.172531
1.60106e-10	0.173131
1.60217e-10	0.173727
1.60327e-10	0.174319
1.60438e-10	0.174908
1.60549e-10	0.175492
1.6066e-10	0.176073
1.6077e-10	0.176649
1.60881e-10	0.177222
1.60992e-10	0.17779
1.61103e-10	0.178354
1.61213e-10	0.178914
1.61324e-10	0.17947
1.61435e-10	0.180021
1.61546e-10	0.180568
1.61656e-10	0.18111
1.61767e-10	0.181648
1.61878e-10	0.182182
1.61989e-10	0.18271
1.62099e-10	0.183235
1.6221e-10	0.183754
1.62321e-10	0.184269
1.62432e-10	0.184779
1.62543e-10	0.185284
1.62653e-10	0.185784
1.62764e-10	0.186279
1.62875e-10	0.186769
1.62986e-10	0.187255
1.63096e-10	0.187735
1.63207e-10	0.18821
1.63318e-10	0.188679
1.63429e-10	0.189144
1.63539e-10	0.189603
1.6365e-10	0.190057
1.63761e-10	0.190505
1.63872e-10	0.190948
1.63982e-10	0.191386
1.64093e-10	0.191818
1.64204e-10	0.192244
1.64315e-10	0.192665
1.64425e-10	0.19308
1.64536e-10	0.193489
1.64647e-10	0.193892
1.64758e-10	0.19429
1.64869e-10	0.194682
1.64979e-10	0.195067
1.6509e-10	0.195447
1.65201e-10	0.19582
1.65312e-10	0.196188
1.65422e-10	0.196549
1.65533e-10	0.196904
1.65644e-10	0.197253
1.65755e-10	0.197596
1.65865e-10	0.197932
1.65976e-10	0.198262
1.66087e-10	0.198585
1.66198e-10	0.198902
1.66308e-10	0.199212
1.66419e-10	0.199515
1.6653e-10	0.199812
1.66641e-10	0.200102
1.66751e-10	0.200386
1.66862e-10	0.200663
1.66973e-10	0.200932
1.67084e-10	0.201195
1.67194e-10	0.201451
1.67305e-10	0.2017
1.67416e-10	0.201942
1.67527e-10	0.202176
1.67638e-10	0.202404
1.67748e-10	0.202624
1.67859e-10	0.202837
1.6797e-10	0.203043
1.68081e-10	0.203241
1.68191e-10	0.203432
1.68302e-10	0.203616
1.68413e-10	0.203792
1.68524e-10	0.20396
1.68634e-10	0.204121
1.68745e-10	0.204274
1.68856e-10	0.204419
1.68967e-10	0.204557
1.69077e-10	0.204687
1.69188e-10	0.204809
1.69299e-10	0.204923
1.6941e-10	0.20503
1.6952e-10	0.205128
1.69631e-10	0.205218
1.69742e-10	0.2053
1.69853e-10	0.205375
1.69964e-10	0.20544
1.70074e-10	0.205498
1.70185e-10	0.205547
1.70296e-10	0.205589
1.70407e-10	0.205621
1.70517e-10	0.205646
1.70628e-10	0.205662
1.70739e-10	0.205669
1.7085e-10	0.205668
1.7096e-10	0.205658
1.71071e-10	0.20564
1.71182e-10	0.205613
1.71293e-10	0.205577
1.71403e-10	0.205533
1.71514e-10	0.205479
1.71625e-10	0.205417
1.71736e-10	0.205346
1.71846e-10	0.205266
1.71957e-10	0.205177
1.72068e-10	0.205079
1.72179e-10	0.204972
1.7229e-10	0.204856
1.724e-10	0.204731
1.72511e-10	0.204596
1.72622e-10	0.204453
1.72733e-10	0.2043
1.72843e-10	0.204138
1.72954e-10	0.203966
1.73065e-10	0.203785
1.73176e-10	0.203594
1.73286e-10	0.203394
1.73397e-10	0.203185
1.73508e-10	0.202966
1.73619e-10	0.202737
1.73729e-10	0.202499
1.7384e-10	0.202251
1.73951e-10	0.201994
1.74062e-10	0.201726
1.74172e-10	0.201449
1.74283e-10	0.201162
1.74394e-10	0.200865
1.74505e-10	0.200559
1.74616e-10	0.200242
1.74726e-10	0.199915
1.74837e-10	0.199579
1.74948e-10	0.199232
1.75059e-10	0.198875
1.75169e-10	0.198508
1.7528e-10	0.198131
1.75391e-10	0.197744
1.75502e-10	0.197347
1.75612e-10	0.196939
1.75723e-10	0.196521
1.75834e-10	0.196093
1.75945e-10	0.195654
1.76055e-10	0.195205
1.76166e-10	0.194745
1.76277e-10	0.194275
1.76388e-10	0.193795
1.76498e-10	0.193304
1.76609e-10	0.192803
1.7672e-10	0.192291
1.76831e-10	0.191768
1.76942e-10	0.191235
1.77052e-10	0.190691
1.77163e-10	0.190136
1.77274e-10	0.189571
1.77385e-10	0.188995
1.77495e-10	0.188408
1.77606e-10	0.18781
1.77717e-10	0.187202
1.77828e-10	0.186582
1.77938e-10	0.185952
1.78049e-10	0.185311
1.7816e-10	0.184659
1.78271e-10	0.183996
1.78381e-10	0.183322
1.78492e-10	0.182637
1.78603e-10	0.181941
1.78714e-10	0.181234
1.78824e-10	0.180515
1.78935e-10	0.179786
1.79046e-10	0.179046
1.79157e-10	0.178294
1.79268e-10	0.177531
1.79378e-10	0.176758
1.79489e-10	0.175972
1.796e-10	0.175176
1.79711e-10	0.174368
1.79821e-10	0.17355
1.79932e-10	0.172719
1.80043e-10	0.171878
1.80154e-10	0.171025
1.80264e-10	0.170161
1.80375e-10	0.169286
1.80486e-10	0.168399
1.80597e-10	0.167501
1.80707e-10	0.166591
1.80818e-10	0.16567
1.80929e-10	0.164737
1.8104e-10	0.163794
1.8115e-10	0.162838
1.81261e-10	0.161871
1.81372e-10	0.160893
1.81483e-10	0.159903
1.81593e-10	0.158902
1.81704e-10	0.157889
1.81815e-10	0.156865
1.81926e-10	0.155829
1.82037e-10	0.154781
1.82147e-10	0.153722
1.82258e-10	0.152652
1.82369e-10	0.15157
1.8248e-10	0.150476
1.8259e-10	0.149371
1.82701e-10	0.148254
1.82812e-10	0.147125
1.82923e-10	0.145985
1.83033e-10	0.144833
1.83144e-10	0.14367
1.83255e-10	0.142495
1.83366e-10	0.141309
1.83476e-10	0.140111
1.83587e-10	0.138901
1.83698e-10	0.137679
1.83809e-10	0.136446
1.83919e-10	0.135202
1.8403e-10	0.133945
1.84141e-10	0.132677
1.84252e-10	0.131398
1.84363e-10	0.130107
1.84473e-10	0.128804
1.84584e-10	0.12749
1.84695e-10	0.126164
1.84806e-10	0.124826
1.84916e-10	0.123477
1.85027e-10	0.122116
1.85138e-10	0.120744
1.85249e-10	0.11936
1.85359e-10	0.117964
1.8547e-10	0.116557
1.85581e-10	0.115138
1.85692e-10	0.113708
1.85802e-10	0.112266
1.85913e-10	0.110813
1.86024e-10	0.109348
1.86135e-10	0.107872
1.86245e-10	0.106384
1.86356e-10	0.104885
1.86467e-10	0.103374
1.86578e-10	0.101851
1.86689e-10	0.100318
1.86799e-10	0.0987726
1.8691e-10	0.097216
1.87021e-10	0.095648
1.87132e-10	0.0940686
1.87242e-10	0.0924779
1.87353e-10	0.0908758
1.87464e-10	0.0892624
1.87575e-10	0.0876377
1.87685e-10	0.0860017
1.87796e-10	0.0843544
1.87907e-10	0.0826958
1.88018e-10	0.0810261
1.88128e-10	0.0793451
1.88239e-10	0.0776529
1.8835e-10	0.0759496
1.88461e-10	0.0742351
1.88571e-10	0.0725095
1.88682e-10	0.0707729
1.88793e-10	0.0690252
1.88904e-10	0.0672664
1.89015e-10	0.0654966
1.89125e-10	0.0637159
1.89236e-10	0.0619242
1.89347e-10	0.0601216
1.89458e-10	0.058308
1.89568e-10	0.0564837
1.89679e-10	0.0546484
1.8979e-10	0.0528024
1.89901e-10	0.0509457
1.90011e-10	0.0490781
1.90122e-10	0.0471999
1.90233e-10	0.0453111
1.90344e-10	0.0434115
1.90454e-10	0.0415014
1.90565e-10	0.0395808
1.90676e-10	0.0376496
1.90787e-10	0.0357079
1.90897e-10	0.0337558
1.91008e-10	0.0317933
1.91119e-10	0.0298204
1.9123e-10	0.0278371
1.91341e-10	0.0258436
1.91451e-10	0.0238398
1.91562e-10	0.0218259
1.91673e-10	0.0198017
1.91784e-10	0.0177675
1.91894e-10	0.0157232
1.92005e-10	0.0136688
1.92116e-10	0.0116045
1.92227e-10	0.00953019
1.92337e-10	0.00744601
1.92448e-10	0.005352
1.92559e-10	0.00324818
1.9267e-10	0.00113462
1.9278e-10	-0.000988645
1.92891e-10	-0.00312156
1.93002e-10	-0.00526407
1.93113e-10	-0.00741613
1.93223e-10	-0.00957768
1.93334e-10	-0.0117487
1.93445e-10	-0.0139291
1.93556e-10	-0.0161188
1.93667e-10	-0.0183178
1.93777e-10	-0.020526
1.93888e-10	-0.0227434
1.93999e-10	-0.02497
1.9411e-10	-0.0272055
1.9422e-10	-0.0294501
1.94331e-10	-0.0317036
1.94442e-10	-0.033966
1.94553e-10	-0.0362372
1.94663e-10	-0.0385172
1.94774e-10	-0.0408059
1.94885e-10	-0.0431032
1.94996e-10	-0.0454091
1.95106e-10	-0.0477235
1.95217e-10	-0.0500464
1.95328e-10	-0.0523776
1.95439e-10	-0.0547172
1.95549e-10	-0.057065
1.9566e-10	-0.0594211
1.95771e-10	-0.0617852
1.95882e-10	-0.0641574
1.95992e-10	-0.0665376
1.96103e-10	-0.0689257
1.96214e-10	-0.0713216
1.96325e-10	-0.0737254
1.96436e-10	-0.0761368
1.96546e-10	-0.0785559
1.96657e-10	-0.0809825
1.96768e-10	-0.0834166
1.96879e-10	-0.0858582
1.96989e-10	-0.0883071
1.971e-10	-0.0907633
1.97211e-10	-0.0932266
1.97322e-10	-0.0956971
1.97432e-10	-0.0981746
1.97543e-10	-0.100659
1.97654e-10	-0.103151
1.97765e-10	-0.105649
1.97875e-10	-0.108154
1.97986e-10	-0.110665
1.98097e-10	-0.113183
1.98208e-10	-0.115708
1.98318e-10	-0.118239
1.98429e-10	-0.120776
1.9854e-10	-0.12332
1.98651e-10	-0.12587
1.98762e-10	-0.128426
1.98872e-10	-0.130988
1.98983e-10	-0.133555
1.99094e-10	-0.136129
1.99205e-10	-0.138708
1.99315e-10	-0.141293
1.99426e-10	-0.143884
1.99537e-10	-0.14648
1.99648e-10	-0.149081
1.99758e-10	-0.151688
1.99869e-10	-0.1543
1.9998e-10	-0.156917
2.00091e-10	-0.159539
2.00201e-10	-0.162166
2.00312e-10	-0.164798
2.00423e-10	-0.167435
2.00534e-10	-0.170076
2.00644e-10	-0.172722
2.00755e-10	-0.175372
2.00866e-10	-0.178027
2.00977e-10	-0.180686
2.01088e-10	-0.183349
2.01198e-10	-0.186017
2.01309e-10	-0.188688
2.0142e-10	-0.191363
2.01531e-10	-0.194042
2.01641e-10	-0.196725
2.01752e-10	-0.199411
2.01863e-10	-0.202101
2.01974e-10	-0.204794
2.02084e-10	-0.207491
2.02195e-10	-0.21019
2.02306e-10	-0.212893
2.02417e-10	-0.215599
2.02527e-10	-0.218307
2.02638e-10	-0.221019
2.02749e-10	-0.223733
2.0286e-10	-0.22645
2.0297e-10	-0.229169
2.03081e-10	-0.231891
2.03192e-10	-0.234615
2.03303e-10	-0.237341
2.03414e-10	-0.240069
2.03524e-10	-0.242799
2.03635e-10	-0.245531
2.03746e-10	-0.248264
2.03857e-10	-0.250999
2.03967e-10	-0.253736
2.04078e-10	-0.256474
2.04189e-10	-0.259214
2.043e-10	-0.261954
2.0441e-10	-0.264696
2.04521e-10	-0.267439
2.04632e-10	-0.270182
2.04743e-10	-0.272927
2.04853e-10	-0.275672
2.04964e-10	-0.278417
2.05075e-10	-0.281163
2.05186e-10	-0.283909
2.05296e-10	-0.286655
2.05407e-10	-0.289402
2.05518e-10	-0.292148
2.05629e-10	-0.294894
2.0574e-10	-0.29764
2.0585e-10	-0.300385
2.05961e-10	-0.30313
2.06072e-10	-0.305875
2.06183e-10	-0.308618
2.06293e-10	-0.311361
2.06404e-10	-0.314102
2.06515e-10	-0.316843
2.06626e-10	-0.319582
2.06736e-10	-0.32232
2.06847e-10	-0.325057
2.06958e-10	-0.327792
2.07069e-10	-0.330525
2.07179e-10	-0.333257
2.0729e-10	-0.335986
2.07401e-10	-0.338714
2.07512e-10	-0.341439
2.07622e-10	-0.344162
2.07733e-10	-0.346882
2.07844e-10	-0.3496
2.07955e-10	-0.352316
2.08065e-10	-0.355028
2.08176e-10	-0.357738
2.08287e-10	-0.360444
2.08398e-10	-0.363147
2.08509e-10	-0.365848
2.08619e-10	-0.368544
2.0873e-10	-0.371237
2.08841e-10	-0.373927
2.08952e-10	-0.376612
2.09062e-10	-0.379294
2.09173e-10	-0.381972
2.09284e-10	-0.384645
2.09395e-10	-0.387315
2.09505e-10	-0.38998
2.09616e-10	-0.39264
2.09727e-10	-0.395295
2.09838e-10	-0.397946
2.09948e-10	-0.400592
2.10059e-10	-0.403233
2.1017e-10	-0.405869
2.10281e-10	-0.408499
2.10391e-10	-0.411124
2.10502e-10	-0.413743
2.10613e-10	-0.416357
2.10724e-10	-0.418965
2.10835e-10	-0.421567
2.10945e-10	-0.424163
2.11056e-10	-0.426752
2.11167e-10	-0.429336
2.11278e-10	-0.431912
2.11388e-10	-0.434483
2.11499e-10	-0.437046
2.1161e-10	-0.439603
2.11721e-10	-0.442153
2.11831e-10	-0.444695
2.11942e-10	-0.447231
2.12053e-10	-0.449759
2.12164e-10	-0.452279
2.12274e-10	-0.454792
2.12385e-10	-0.457297
2.12496e-10	-0.459795
2.12607e-10	-0.462284
2.12717e-10	-0.464765
2.12828e-10	-0.467238
2.12939e-10	-0.469702
2.1305e-10	-0.472158
2.13161e-10	-0.474605
2.13271e-10	-0.477044
2.13382e-10	-0.479473
2.13493e-10	-0.481894
2.13604e-10	-0.484305
2.13714e-10	-0.486707
2.13825e-10	-0.4891
2.13936e-10	-0.491483
2.14047e-10	-0.493856
2.14157e-10	-0.496219
2.14268e-10	-0.498573
2.14379e-10	-0.500916
2.1449e-10	-0.503249
2.146e-10	-0.505572
2.14711e-10	-0.507885
2.14822e-10	-0.510186
2.14933e-10	-0.512477
2.15043e-10	-0.514758
2.15154e-10	-0.517027
2.15265e-10	-0.519285
2.15376e-10	-0.521531
2.15487e-10	-0.523767
2.15597e-10	-0.525991
2.15708e-10	-0.528203
2.15819e-10	-0.530403
2.1593e-10	-0.532592
2.1604e-10	-0.534768
2.16151e-10	-0.536933
2.16262e-10	-0.539085
2.16373e-10	-0.541225
2.16483e-10	-0.543352
2.16594e-10	-0.545466
2.16705e-10	-0.547568
2.16816e-10	-0.549657
2.16926e-10	-0.551732
2.17037e-10	-0.553795
2.17148e-10	-0.555844
2.17259e-10	-0.55788
2.17369e-10	-0.559902
2.1748e-10	-0.561911
2.17591e-10	-0.563906
2.17702e-10	-0.565887
2.17813e-10	-0.567854
2.17923e-10	-0.569806
2.18034e-10	-0.571745
2.18145e-10	-0.573669
2.18256e-10	-0.575578
2.18366e-10	-0.577473
2.18477e-10	-0.579353
2.18588e-10	-0.581218
2.18699e-10	-0.583068
2.18809e-10	-0.584903
2.1892e-10	-0.586722
2.19031e-10	-0.588527
2.19142e-10	-0.590315
2.19252e-10	-0.592088
2.19363e-10	-0.593846
2.19474e-10	-0.595587
2.19585e-10	-0.597313
2.19695e-10	-0.599022
2.19806e-10	-0.600715
2.19917e-10	-0.602392
2.20028e-10	-0.604052
2.20139e-10	-0.605695
2.20249e-10	-0.607322
2.2036e-10	-0.608933
2.20471e-10	-0.610526
2.20582e-10	-0.612102
2.20692e-10	-0.613661
2.20803e-10	-0.615202
2.20914e-10	-0.616727
2.21025e-10	-0.618233
2.21135e-10	-0.619723
2.21246e-10	-0.621194
2.21357e-10	-0.622647
2.21468e-10	-0.624083
2.21578e-10	-0.625501
2.21689e-10	-0.6269
2.218e-10	-0.628281
2.21911e-10	-0.629643
2.22021e-10	-0.630988
2.22132e-10	-0.632313
2.22243e-10	-0.63362
2.22354e-10	-0.634908
2.22464e-10	-0.636177
2.22575e-10	-0.637427
2.22686e-10	-0.638657
2.22797e-10	-0.639869
2.22908e-10	-0.641061
2.23018e-10	-0.642234
2.23129e-10	-0.643387
2.2324e-10	-0.64452
2.23351e-10	-0.645634
2.23461e-10	-0.646727
2.23572e-10	-0.647801
2.23683e-10	-0.648855
2.23794e-10	-0.649888
2.23904e-10	-0.650901
2.24015e-10	-0.651894
2.24126e-10	-0.652866
2.24237e-10	-0.653818
2.24347e-10	-0.654749
2.24458e-10	-0.65566
2.24569e-10	-0.656549
2.2468e-10	-0.657418
2.2479e-10	-0.658265
2.24901e-10	-0.659091
2.25012e-10	-0.659896
2.25123e-10	-0.66068
2.25234e-10	-0.661442
2.25344e-10	-0.662183
2.25455e-10	-0.662902
2.25566e-10	-0.6636
2.25677e-10	-0.664275
2.25787e-10	-0.664929
2.25898e-10	-0.665561
2.26009e-10	-0.666171
2.2612e-10	-0.666759
2.2623e-10	-0.667324
2.26341e-10	-0.667868
2.26452e-10	-0.668389
2.26563e-10	-0.668887
2.26673e-10	-0.669363
2.26784e-10	-0.669816
2.26895e-10	-0.670247
2.27006e-10	-0.670655
2.27116e-10	-0.67104
2.27227e-10	-0.671402
2.27338e-10	-0.671741
2.27449e-10	-0.672057
2.2756e-10	-0.67235
2.2767e-10	-0.672619
2.27781e-10	-0.672866
2.27892e-10	-0.673089
2.28003e-10	-0.673288
2.28113e-10	-0.673464
2.28224e-10	-0.673617
2.28335e-10	-0.673745
2.28446e-10	-0.67385
2.28556e-10	-0.673932
2.28667e-10	-0.673989
2.28778e-10	-0.674023
2.28889e-10	-0.674032
2.28999e-10	-0.674018
2.2911e-10	-0.673979
2.29221e-10	-0.673917
2.29332e-10	-0.67383
2.29442e-10	-0.673719
2.29553e-10	-0.673583
2.29664e-10	-0.673423
2.29775e-10	-0.673239
2.29886e-10	-0.67303
2.29996e-10	-0.672797
2.30107e-10	-0.672539
2.30218e-10	-0.672256
2.30329e-10	-0.671949
2.30439e-10	-0.671617
2.3055e-10	-0.67126
2.30661e-10	-0.670878
2.30772e-10	-0.670471
2.30882e-10	-0.67004
2.30993e-10	-0.669583
2.31104e-10	-0.669101
2.31215e-10	-0.668595
2.31325e-10	-0.668063
2.31436e-10	-0.667506
2.31547e-10	-0.666923
2.31658e-10	-0.666316
2.31768e-10	-0.665683
2.31879e-10	-0.665025
2.3199e-10	-0.664342
2.32101e-10	-0.663633
2.32212e-10	-0.662899
2.32322e-10	-0.662139
2.32433e-10	-0.661354
2.32544e-10	-0.660543
2.32655e-10	-0.659707
2.32765e-10	-0.658845
2.32876e-10	-0.657958
2.32987e-10	-0.657045
2.33098e-10	-0.656106
2.33208e-10	-0.655142
2.33319e-10	-0.654152
2.3343e-10	-0.653136
2.33541e-10	-0.652094
2.33651e-10	-0.651027
2.33762e-10	-0.649934
2.33873e-10	-0.648815
2.33984e-10	-0.647671
2.34094e-10	-0.6465
2.34205e-10	-0.645304
2.34316e-10	-0.644082
2.34427e-10	-0.642834
2.34537e-10	-0.64156
2.34648e-10	-0.64026
2.34759e-10	-0.638934
2.3487e-10	-0.637583
2.34981e-10	-0.636205
2.35091e-10	-0.634802
2.35202e-10	-0.633373
2.35313e-10	-0.631918
2.35424e-10	-0.630436
2.35534e-10	-0.628929
2.35645e-10	-0.627397
2.35756e-10	-0.625838
2.35867e-10	-0.624253
2.35977e-10	-0.622642
2.36088e-10	-0.621006
2.36199e-10	-0.619343
2.3631e-10	-0.617655
2.3642e-10	-0.615941
2.36531e-10	-0.614201
2.36642e-10	-0.612435
2.36753e-10	-0.610643
2.36863e-10	-0.608826
2.36974e-10	-0.606982
2.37085e-10	-0.605113
2.37196e-10	-0.603218
2.37307e-10	-0.601298
2.37417e-10	-0.599351
2.37528e-10	-0.597379
2.37639e-10	-0.595381
2.3775e-10	-0.593358
2.3786e-10	-0.591309
2.37971e-10	-0.589234
2.38082e-10	-0.587134
2.38193e-10	-0.585008
2.38303e-10	-0.582856
2.38414e-10	-0.58068
2.38525e-10	-0.578477
2.38636e-10	-0.576249
2.38746e-10	-0.573996
2.38857e-10	-0.571718
2.38968e-10	-0.569414
2.39079e-10	-0.567085
2.39189e-10	-0.56473
2.393e-10	-0.562351
2.39411e-10	-0.559946
2.39522e-10	-0.557516
2.39633e-10	-0.555061
2.39743e-10	-0.552581
2.39854e-10	-0.550076
2.39965e-10	-0.547546
2.40076e-10	-0.544991
2.40186e-10	-0.542411
2.40297e-10	-0.539807
2.40408e-10	-0.537178
2.40519e-10	-0.534524
2.40629e-10	-0.531845
2.4074e-10	-0.529142
2.40851e-10	-0.526414
2.40962e-10	-0.523662
2.41072e-10	-0.520886
2.41183e-10	-0.518085
2.41294e-10	-0.51526
2.41405e-10	-0.512411
2.41515e-10	-0.509537
2.41626e-10	-0.50664
2.41737e-10	-0.503718
2.41848e-10	-0.500773
2.41959e-10	-0.497804
2.42069e-10	-0.494811
2.4218e-10	-0.491794
2.42291e-10	-0.488753
2.42402e-10	-0.485689
2.42512e-10	-0.482602
2.42623e-10	-0.479491
2.42734e-10	-0.476356
2.42845e-10	-0.473199
2.42955e-10	-0.470018
2.43066e-10	-0.466814
2.43177e-10	-0.463587
2.43288e-10	-0.460337
2.43398e-10	-0.457064
2.43509e-10	-0.453769
2.4362e-10	-0.450451
2.43731e-10	-0.44711
2.43841e-10	-0.443746
2.43952e-10	-0.440361
2.44063e-10	-0.436953
2.44174e-10	-0.433522
2.44285e-10	-0.43007
2.44395e-10	-0.426596
2.44506e-10	-0.423099
2.44617e-10	-0.419581
2.44728e-10	-0.416041
2.44838e-10	-0.412479
2.44949e-10	-0.408896
2.4506e-10	-0.405291
2.45171e-10	-0.401665
2.45281e-10	-0.398018
2.45392e-10	-0.39435
2.45503e-10	-0.390661
2.45614e-10	-0.38695
2.45724e-10	-0.383219
2.45835e-10	-0.379468
2.45946e-10	-0.375695
2.46057e-10	-0.371902
2.46167e-10	-0.368089
2.46278e-10	-0.364256
2.46389e-10	-0.360402
2.465e-10	-0.356529
2.46611e-10	-0.352635
2.46721e-10	-0.348722
2.46832e-10	-0.344789
2.46943e-10	-0.340837
2.47054e-10	-0.336865
2.47164e-10	-0.332874
2.47275e-10	-0.328864
2.47386e-10	-0.324835
2.47497e-10	-0.320786
2.47607e-10	-0.316719
2.47718e-10	-0.312634
2.47829e-10	-0.30853
2.4794e-10	-0.304407
2.4805e-10	-0.300266
2.48161e-10	-0.296108
2.48272e-10	-0.291931
2.48383e-10	-0.287736
2.48493e-10	-0.283523
2.48604e-10	-0.279293
2.48715e-10	-0.275046
2.48826e-10	-0.270781
2.48936e-10	-0.266499
2.49047e-10	-0.2622
2.49158e-10	-0.257884
2.49269e-10	-0.253552
2.4938e-10	-0.249202
2.4949e-10	-0.244837
2.49601e-10	-0.240455
2.49712e-10	-0.236057
2.49823e-10	-0.231643
2.49933e-10	-0.227213
2.50044e-10	-0.222767
2.50155e-10	-0.218306
2.50266e-10	-0.213829
2.50376e-10	-0.209337
2.50487e-10	-0.20483
2.50598e-10	-0.200308
2.50709e-10	-0.195771
2.50819e-10	-0.19122
2.5093e-10	-0.186654
2.51041e-10	-0.182074
2.51152e-10	-0.177479
2.51262e-10	-0.172871
2.51373e-10	-0.168248
2.51484e-10	-0.163613
2.51595e-10	-0.158963
2.51706e-10	-0.1543
2.51816e-10	-0.149624
2.51927e-10	-0.144935
2.52038e-10	-0.140233
2.52149e-10	-0.135519
2.52259e-10	-0.130791
2.5237e-10	-0.126052
2.52481e-10	-0.1213
2.52592e-10	-0.116536
2.52702e-10	-0.111761
2.52813e-10	-0.106973
2.52924e-10	-0.102175
2.53035e-10	-0.0973645
2.53145e-10	-0.0925432
2.53256e-10	-0.0877108
2.53367e-10	-0.0828677
2.53478e-10	-0.0780139
2.53588e-10	-0.0731496
2.53699e-10	-0.0682751
2.5381e-10	-0.0633904
2.53921e-10	-0.0584958
2.54032e-10	-0.0535915
2.54142e-10	-0.0486775
2.54253e-10	-0.0437542
2.54364e-10	-0.0388217
2.54475e-10	-0.0338801
2.54585e-10	-0.0289296
2.54696e-10	-0.0239705
2.54807e-10	-0.0190029
2.54918e-10	-0.014027
2.55028e-10	-0.00904302
2.55139e-10	-0.00405108
2.5525e-10	0.000948611
2.55361e-10	0.00595586
2.55471e-10	0.0109705
2.55582e-10	0.0159923
2.55693e-10	0.0210211
2.55804e-10	0.0260567
2.55914e-10	0.0310989
2.56025e-10	0.0361476
2.56136e-10	0.0412025
2.56247e-10	0.0462634
2.56358e-10	0.0513302
2.56468e-10	0.0564026
2.56579e-10	0.0614806
2.5669e-10	0.0665638
2.56801e-10	0.0716521
2.56911e-10	0.0767452
2.57022e-10	0.0818431
2.57133e-10	0.0869455
2.57244e-10	0.0920521
2.57354e-10	0.0971629
2.57465e-10	0.102278
2.57576e-10	0.107396
2.57687e-10	0.112518
2.57797e-10	0.117643
2.57908e-10	0.122772
2.58019e-10	0.127903
2.5813e-10	0.133037
2.5824e-10	0.138173
2.58351e-10	0.143312
2.58462e-10	0.148453
2.58573e-10	0.153596
2.58684e-10	0.158741
2.58794e-10	0.163887
2.58905e-10	0.169035
2.59016e-10	0.174183
2.59127e-10	0.179333
2.59237e-10	0.184483
2.59348e-10	0.189634
2.59459e-10	0.194785
2.5957e-10	0.199937
2.5968e-10	0.205088
2.59791e-10	0.210239
2.59902e-10	0.215389
2.60013e-10	0.220539
2.60123e-10	0.225688
2.60234e-10	0.230835
2.60345e-10	0.235982
2.60456e-10	0.241126
2.60566e-10	0.24627
2.60677e-10	0.251411
2.60788e-10	0.25655
2.60899e-10	0.261687
2.61009e-10	0.266821
2.6112e-10	0.271953
2.61231e-10	0.277081
2.61342e-10	0.282207
2.61453e-10	0.287329
2.61563e-10	0.292447
2.61674e-10	0.297562
2.61785e-10	0.302673
2.61896e-10	0.307779
2.62006e-10	0.312881
2.62117e-10	0.317979
2.62228e-10	0.323072
2.62339e-10	0.32816
2.62449e-10	0.333242
2.6256e-10	0.33832
2.62671e-10	0.343391
2.62782e-10	0.348457
2.62892e-10	0.353517
2.63003e-10	0.35857
2.63114e-10	0.363618
2.63225e-10	0.368658
2.63335e-10	0.373692
2.63446e-10	0.378718
2.63557e-10	0.383737
2.63668e-10	0.388749
2.63779e-10	0.393753
2.63889e-10	0.39875
2.64e-10	0.403738
2.64111e-10	0.408718
2.64222e-10	0.41369
2.64332e-10	0.418652
2.64443e-10	0.423606
2.64554e-10	0.428551
2.64665e-10	0.433487
2.64775e-10	0.438413
2.64886e-10	0.443329
2.64997e-10	0.448235
2.65108e-10	0.453132
2.65218e-10	0.458018
2.65329e-10	0.462893
2.6544e-10	0.467758
2.65551e-10	0.472612
2.65661e-10	0.477455
2.65772e-10	0.482286
2.65883e-10	0.487106
2.65994e-10	0.491914
2.66105e-10	0.49671
2.66215e-10	0.501495
2.66326e-10	0.506266
2.66437e-10	0.511026
2.66548e-10	0.515772
2.66658e-10	0.520506
2.66769e-10	0.525227
2.6688e-10	0.529934
2.66991e-10	0.534628
2.67101e-10	0.539308
2.67212e-10	0.543974
2.67323e-10	0.548627
2.67434e-10	0.553265
2.67544e-10	0.557888
2.67655e-10	0.562497
2.67766e-10	0.567091
2.67877e-10	0.57167
2.67987e-10	0.576233
2.68098e-10	0.580781
2.68209e-10	0.585314
2.6832e-10	0.589831
2.68431e-10	0.594331
2.68541e-10	0.598816
2.68652e-10	0.603284
2.68763e-10	0.607736
2.68874e-10	0.61217
2.68984e-10	0.616588
2.69095e-10	0.620989
2.69206e-10	0.625372
2.69317e-10	0.629738
2.69427e-10	0.634087
2.69538e-10	0.638417
2.69649e-10	0.642729
2.6976e-10	0.647023
2.6987e-10	0.651299
2.69981e-10	0.655556
2.70092e-10	0.659794
2.70203e-10	0.664013
2.70313e-10	0.668214
2.70424e-10	0.672394
2.70535e-10	0.676556
2.70646e-10	0.680697
2.70757e-10	0.684819
2.70867e-10	0.688921
2.70978e-10	0.693002
2.71089e-10	0.697064
2.712e-10	0.701104
2.7131e-10	0.705124
2.71421e-10	0.709123
2.71532e-10	0.713101
2.71643e-10	0.717058
2.71753e-10	0.720993
2.71864e-10	0.724907
2.71975e-10	0.728799
2.72086e-10	0.732669
2.72196e-10	0.736517
2.72307e-10	0.740342
2.72418e-10	0.744146
2.72529e-10	0.747927
2.72639e-10	0.751685
2.7275e-10	0.75542
2.72861e-10	0.759132
2.72972e-10	0.762821
2.73083e-10	0.766486
2.73193e-10	0.770128
2.73304e-10	0.773747
2.73415e-10	0.777341
2.73526e-10	0.780912
2.73636e-10	0.784458
2.73747e-10	0.78798
2.73858e-10	0.791478
2.73969e-10	0.794951
2.74079e-10	0.798399
2.7419e-10	0.801823
2.74301e-10	0.805221
2.74412e-10	0.808594
2.74522e-10	0.811942
2.74633e-10	0.815264
2.74744e-10	0.818561
2.74855e-10	0.821832
2.74965e-10	0.825077
2.75076e-10	0.828296
2.75187e-10	0.831489
2.75298e-10	0.834655
2.75408e-10	0.837795
2.75519e-10	0.840908
2.7563e-10	0.843995
2.75741e-10	0.847055
2.75852e-10	0.850088
2.75962e-10	0.853093
2.76073e-10	0.856072
2.76184e-10	0.859023
2.76295e-10	0.861946
2.76405e-10	0.864842
2.76516e-10	0.86771
2.76627e-10	0.87055
2.76738e-10	0.873362
2.76848e-10	0.876146
2.76959e-10	0.878902
2.7707e-10	0.881629
2.77181e-10	0.884328
2.77291e-10	0.886998
2.77402e-10	0.889639
2.77513e-10	0.892252
2.77624e-10	0.894836
2.77734e-10	0.89739
2.77845e-10	0.899915
2.77956e-10	0.902411
2.78067e-10	0.904878
2.78178e-10	0.907315
2.78288e-10	0.909723
2.78399e-10	0.9121
2.7851e-10	0.914448
2.78621e-10	0.916766
2.78731e-10	0.919054
2.78842e-10	0.921312
2.78953e-10	0.92354
2.79064e-10	0.925737
2.79174e-10	0.927904
2.79285e-10	0.93004
2.79396e-10	0.932146
2.79507e-10	0.934221
2.79617e-10	0.936265
2.79728e-10	0.938278
2.79839e-10	0.94026
2.7995e-10	0.942211
2.8006e-10	0.944131
2.80171e-10	0.94602
2.80282e-10	0.947878
2.80393e-10	0.949704
2.80504e-10	0.951499
2.80614e-10	0.953262
2.80725e-10	0.954993
2.80836e-10	0.956693
2.80947e-10	0.958361
2.81057e-10	0.959997
2.81168e-10	0.961601
2.81279e-10	0.963173
2.8139e-10	0.964713
2.815e-10	0.966221
2.81611e-10	0.967697
2.81722e-10	0.969141
2.81833e-10	0.970552
2.81943e-10	0.97193
2.82054e-10	0.973277
2.82165e-10	0.974591
2.82276e-10	0.975872
2.82386e-10	0.97712
2.82497e-10	0.978336
2.82608e-10	0.979519
2.82719e-10	0.98067
2.8283e-10	0.981787
2.8294e-10	0.982872
2.83051e-10	0.983924
2.83162e-10	0.984943
2.83273e-10	0.985928
2.83383e-10	0.986881
2.83494e-10	0.987801
2.83605e-10	0.988687
2.83716e-10	0.98954
2.83826e-10	0.99036
2.83937e-10	0.991147
2.84048e-10	0.9919
2.84159e-10	0.99262
2.84269e-10	0.993307
2.8438e-10	0.993961
2.84491e-10	0.99458
2.84602e-10	0.995167
2.84712e-10	0.99572
2.84823e-10	0.996239
2.84934e-10	0.996725
2.85045e-10	0.997178
2.85156e-10	0.997597
2.85266e-10	0.997982
2.85377e-10	0.998334
2.85488e-10	0.998652
2.85599e-10	0.998936
2.85709e-10	0.999187
2.8582e-10	0.999404
2.85931e-10	0.999588
2.86042e-10	0.999737
2.86152e-10	0.999854
2.86263e-10	0.999936
2.86374e-10	0.999985
2.86485e-10	1
2.86595e-10	0.999981
2.86706e-10	0.999929
2.86817e-10	0.999843
2.86928e-10	0.999723
2.87038e-10	0.99957
2.87149e-10	0.999383
2.8726e-10	0.999163
2.87371e-10	0.998908
2.87481e-10	0.99862
2.87592e-10	0.998299
2.87703e-10	0.997944
2.87814e-10	0.997555
2.87925e-10	0.997132
2.88035e-10	0.996677
2.88146e-10	0.996187
2.88257e-10	0.995664
2.88368e-10	0.995108
2.88478e-10	0.994518
2.88589e-10	0.993894
2.887e-10	0.993237
2.88811e-10	0.992547
2.88921e-10	0.991824
2.89032e-10	0.991067
2.89143e-10	0.990277
2.89254e-10	0.989453
2.89364e-10	0.988597
2.89475e-10	0.987707
2.89586e-10	0.986784
2.89697e-10	0.985828
2.89807e-10	0.984838
2.89918e-10	0.983816
2.90029e-10	0.982761
2.9014e-10	0.981673
2.90251e-10	0.980552
2.90361e-10	0.979398
2.90472e-10	0.978212
2.90583e-10	0.976992
2.90694e-10	0.97574
2.90804e-10	0.974456
2.90915e-10	0.973139
2.91026e-10	0.971789
2.91137e-10	0.970407
2.91247e-10	0.968992
2.91358e-10	0.967545
2.91469e-10	0.966066
2.9158e-10	0.964555
2.9169e-10	0.963012
2.91801e-10	0.961436
2.91912e-10	0.959829
2.92023e-10	0.958189
2.92133e-10	0.956518
2.92244e-10	0.954815
2.92355e-10	0.95308
2.92466e-10	0.951314
2.92577e-10	0.949516
2.92687e-10	0.947687
2.92798e-10	0.945826
2.92909e-10	0.943934
2.9302e-10	0.94201
2.9313e-10	0.940056
2.93241e-10	0.93807
2.93352e-10	0.936054
2.93463e-10	0.934007
2.93573e-10	0.931928
2.93684e-10	0.92982
2.93795e-10	0.92768
2.93906e-10	0.92551
2.94016e-10	0.92331
2.94127e-10	0.921079
2.94238e-10	0.918818
2.94349e-10	0.916527
2.94459e-10	0.914206
2.9457e-10	0.911855
2.94681e-10	0.909474
2.94792e-10	0.907064
2.94903e-10	0.904623
2.95013e-10	0.902154
2.95124e-10	0.899655
2.95235e-10	0.897126
2.95346e-10	0.894569
2.95456e-10	0.891982
2.95567e-10	0.889367
2.95678e-10	0.886722
2.95789e-10	0.884049
2.95899e-10	0.881347
2.9601e-10	0.878617
2.96121e-10	0.875858
2.96232e-10	0.873071
2.96342e-10	0.870256
2.96453e-10	0.867413
2.96564e-10	0.864543
2.96675e-10	0.861644
2.96785e-10	0.858718
2.96896e-10	0.855764
2.97007e-10	0.852783
2.97118e-10	0.849774
2.97229e-10	0.846739
2.97339e-10	0.843676
2.9745e-10	0.840587
2.97561e-10	0.83747
2.97672e-10	0.834328
2.97782e-10	0.831159
2.97893e-10	0.827963
2.98004e-10	0.824741
2.98115e-10	0.821494
2.98225e-10	0.81822
2.98336e-10	0.814921
2.98447e-10	0.811596
2.98558e-10	0.808245
2.98668e-10	0.804869
2.98779e-10	0.801468
2.9889e-10	0.798043
2.99001e-10	0.794592
2.99111e-10	0.791116
2.99222e-10	0.787616
2.99333e-10	0.784091
2.99444e-10	0.780542
2.99555e-10	0.776969
2.99665e-10	0.773372
2.99776e-10	0.769752
2.99887e-10	0.766107
2.99998e-10	0.762439
3.00108e-10	0.758748
3.00219e-10	0.755033
3.0033e-10	0.751296
3.00441e-10	0.747535
3.00551e-10	0.743752
3.00662e-10	0.739946
3.00773e-10	0.736118
3.00884e-10	0.732268
3.00994e-10	0.728396
3.01105e-10	0.724501
3.01216e-10	0.720585
3.01327e-10	0.716648
3.01437e-10	0.712689
3.01548e-10	0.708709
3.01659e-10	0.704708
3.0177e-10	0.700686
3.0188e-10	0.696643
3.01991e-10	0.69258
3.02102e-10	0.688496
3.02213e-10	0.684392
3.02324e-10	0.680268
3.02434e-10	0.676125
3.02545e-10	0.671961
3.02656e-10	0.667779
3.02767e-10	0.663576
3.02877e-10	0.659355
3.02988e-10	0.655115
3.03099e-10	0.650856
3.0321e-10	0.646578
3.0332e-10	0.642283
3.03431e-10	0.637968
3.03542e-10	0.633636
3.03653e-10	0.629286
3.03763e-10	0.624918
3.03874e-10	0.620533
3.03985e-10	0.616131
3.04096e-10	0.611711
3.04206e-10	0.607274
3.04317e-10	0.602821
3.04428e-10	0.598351
3.04539e-10	0.593865
3.0465e-10	0.589363
3.0476e-10	0.584844
3.04871e-10	0.58031
3.04982e-10	0.57576
3.05093e-10	0.571195
3.05203e-10	0.566615
3.05314e-10	0.562019
3.05425e-10	0.557409
3.05536e-10	0.552784
3.05646e-10	0.548144
3.05757e-10	0.543491
3.05868e-10	0.538823
3.05979e-10	0.534141
3.06089e-10	0.529446
3.062e-10	0.524737
3.06311e-10	0.520015
3.06422e-10	0.51528
3.06532e-10	0.510532
3.06643e-10	0.505772
3.06754e-10	0.500999
3.06865e-10	0.496213
3.06976e-10	0.491416
3.07086e-10	0.486606
3.07197e-10	0.481785
3.07308e-10	0.476952
3.07419e-10	0.472108
3.07529e-10	0.467253
3.0764e-10	0.462388
3.07751e-10	0.457511
3.07862e-10	0.452624
3.07972e-10	0.447727
3.08083e-10	0.442819
3.08194e-10	0.437902
3.08305e-10	0.432975
3.08415e-10	0.428038
3.08526e-10	0.423092
3.08637e-10	0.418138
3.08748e-10	0.413174
3.08858e-10	0.408202
3.08969e-10	0.403221
3.0908e-10	0.398232
3.09191e-10	0.393234
3.09302e-10	0.388229
3.09412e-10	0.383217
3.09523e-10	0.378197
3.09634e-10	0.373169
3.09745e-10	0.368135
3.09855e-10	0.363094
3.09966e-10	0.358046
3.10077e-10	0.352992
3.10188e-10	0.347932
3.10298e-10	0.342865
3.10409e-10	0.337793
3.1052e-10	0.332715
3.10631e-10	0.327632
3.10741e-10	0.322544
3.10852e-10	0.31745
3.10963e-10	0.312352
3.11074e-10	0.307249
3.11184e-10	0.302142
3.11295e-10	0.297031
3.11406e-10	0.291916
3.11517e-10	0.286797
3.11628e-10	0.281675
3.11738e-10	0.276549
3.11849e-10	0.27142
3.1196e-10	0.266288
3.12071e-10	0.261154
3.12181e-10	0.256017
3.12292e-10	0.250877
3.12403e-10	0.245736
3.12514e-10	0.240593
3.12624e-10	0.235448
3.12735e-10	0.230301
3.12846e-10	0.225153
3.12957e-10	0.220004
3.13067e-10	0.214854
3.13178e-10	0.209704
3.13289e-10	0.204553
3.134e-10	0.199402
3.1351e-10	0.194251
3.13621e-10	0.189099
3.13732e-10	0.183949
3.13843e-10	0.178798
3.13954e-10	0.173649
3.14064e-10	0.1685
3.14175e-10	0.163353
3.14286e-10	0.158207
3.14397e-10	0.153062
3.14507e-10	0.14792
3.14618e-10	0.142779
3.14729e-10	0.13764
3.1484e-10	0.132504
3.1495e-10	0.12737
3.15061e-10	0.122239
3.15172e-10	0.117111
3.15283e-10	0.111986
3.15393e-10	0.106865
3.15504e-10	0.101747
3.15615e-10	0.0966323
3.15726e-10	0.0915219
3.15836e-10	0.0864157
3.15947e-10	0.0813138
3.16058e-10	0.0762164
3.16169e-10	0.0711237
3.16279e-10	0.0660359
3.1639e-10	0.0609533
3.16501e-10	0.0558759
3.16612e-10	0.050804
3.16723e-10	0.0457378
3.16833e-10	0.0406775
3.16944e-10	0.0356233
3.17055e-10	0.0305753
3.17166e-10	0.0255337
3.17276e-10	0.0204988
3.17387e-10	0.0154707
3.17498e-10	0.0104497
3.17609e-10	0.0054358
3.17719e-10	0.000429331
3.1783e-10	-0.00456956
3.17941e-10	-0.00956069
3.18052e-10	-0.0145439
3.18162e-10	-0.0195189
3.18273e-10	-0.0244856
3.18384e-10	-0.0294439
3.18495e-10	-0.0343934
3.18605e-10	-0.039334
3.18716e-10	-0.0442656
3.18827e-10	-0.049188
3.18938e-10	-0.054101
3.19049e-10	-0.0590043
3.19159e-10	-0.0638979
3.1927e-10	-0.0687815
3.19381e-10	-0.073655
3.19492e-10	-0.0785182
3.19602e-10	-0.0833709
3.19713e-10	-0.0882129
3.19824e-10	-0.0930441
3.19935e-10	-0.0978643
3.20045e-10	-0.102673
3.20156e-10	-0.107471
3.20267e-10	-0.112257
3.20378e-10	-0.117031
3.20488e-10	-0.121794
3.20599e-10	-0.126544
3.2071e-10	-0.131283
3.20821e-10	-0.136008
3.20931e-10	-0.140722
3.21042e-10	-0.145422
3.21153e-10	-0.15011
3.21264e-10	-0.154785
3.21375e-10	-0.159446
3.21485e-10	-0.164094
3.21596e-10	-0.168729
3.21707e-10	-0.17335
3.21818e-10	-0.177957
3.21928e-10	-0.18255
3.22039e-10	-0.187128
3.2215e-10	-0.191693
3.22261e-10	-0.196243
3.22371e-10	-0.200778
3.22482e-10	-0.205298
3.22593e-10	-0.209804
3.22704e-10	-0.214294
3.22814e-10	-0.218769
3.22925e-10	-0.223229
3.23036e-10	-0.227673
3.23147e-10	-0.232101
3.23257e-10	-0.236514
3.23368e-10	-0.24091
3.23479e-10	-0.245291
3.2359e-10	-0.249655
3.23701e-10	-0.254002
3.23811e-10	-0.258333
3.23922e-10	-0.262647
3.24033e-10	-0.266944
3.24144e-10	-0.271225
3.24254e-10	-0.275488
3.24365e-10	-0.279733
3.24476e-10	-0.283961
3.24587e-10	-0.288172
3.24697e-10	-0.292365
3.24808e-10	-0.29654
3.24919e-10	-0.300697
3.2503e-10	-0.304836
3.2514e-10	-0.308957
3.25251e-10	-0.313059
3.25362e-10	-0.317142
3.25473e-10	-0.321207
3.25583e-10	-0.325254
3.25694e-10	-0.329281
3.25805e-10	-0.333289
3.25916e-10	-0.337278
3.26027e-10	-0.341248
3.26137e-10	-0.345198
3.26248e-10	-0.349129
3.26359e-10	-0.35304
3.2647e-10	-0.356932
3.2658e-10	-0.360803
3.26691e-10	-0.364655
3.26802e-10	-0.368486
3.26913e-10	-0.372297
3.27023e-10	-0.376088
3.27134e-10	-0.379858
3.27245e-10	-0.383608
3.27356e-10	-0.387336
3.27466e-10	-0.391044
3.27577e-10	-0.394732
3.27688e-10	-0.398398
3.27799e-10	-0.402043
3.27909e-10	-0.405667
3.2802e-10	-0.409269
3.28131e-10	-0.41285
3.28242e-10	-0.416409
3.28352e-10	-0.419947
3.28463e-10	-0.423463
3.28574e-10	-0.426957
3.28685e-10	-0.430429
3.28796e-10	-0.433879
3.28906e-10	-0.437307
3.29017e-10	-0.440713
3.29128e-10	-0.444097
3.29239e-10	-0.447458
3.29349e-10	-0.450796
3.2946e-10	-0.454112
3.29571e-10	-0.457405
3.29682e-10	-0.460675
3.29792e-10	-0.463923
3.29903e-10	-0.467148
3.30014e-10	-0.470349
3.30125e-10	-0.473527
3.30235e-10	-0.476683
3.30346e-10	-0.479815
3.30457e-10	-0.482923
3.30568e-10	-0.486008
3.30678e-10	-0.48907
3.30789e-10	-0.492108
3.309e-10	-0.495122
3.31011e-10	-0.498113
3.31122e-10	-0.50108
3.31232e-10	-0.504023
3.31343e-10	-0.506942
3.31454e-10	-0.509837
3.31565e-10	-0.512708
3.31675e-10	-0.515554
3.31786e-10	-0.518377
3.31897e-10	-0.521175
3.32008e-10	-0.523949
3.32118e-10	-0.526699
3.32229e-10	-0.529424
3.3234e-10	-0.532124
3.32451e-10	-0.5348
3.32561e-10	-0.537452
3.32672e-10	-0.540078
3.32783e-10	-0.54268
3.32894e-10	-0.545257
3.33004e-10	-0.54781
3.33115e-10	-0.550337
3.33226e-10	-0.552839
3.33337e-10	-0.555317
3.33448e-10	-0.557769
3.33558e-10	-0.560196
3.33669e-10	-0.562599
3.3378e-10	-0.564976
3.33891e-10	-0.567327
3.34001e-10	-0.569654
3.34112e-10	-0.571955
3.34223e-10	-0.574231
3.34334e-10	-0.576482
3.34444e-10	-0.578707
3.34555e-10	-0.580907
3.34666e-10	-0.583081
3.34777e-10	-0.58523
3.34887e-10	-0.587353
3.34998e-10	-0.589451
3.35109e-10	-0.591523
3.3522e-10	-0.593569
3.3533e-10	-0.59559
3.35441e-10	-0.597585
3.35552e-10	-0.599554
3.35663e-10	-0.601498
3.35774e-10	-0.603416
3.35884e-10	-0.605308
3.35995e-10	-0.607175
3.36106e-10	-0.609016
3.36217e-10	-0.61083
3.36327e-10	-0.612619
3.36438e-10	-0.614383
3.36549e-10	-0.61612
3.3666e-10	-0.617832
3.3677e-10	-0.619517
3.36881e-10	-0.621177
3.36992e-10	-0.622811
3.37103e-10	-0.624419
3.37213e-10	-0.626001
3.37324e-10	-0.627557
3.37435e-10	-0.629087
3.37546e-10	-0.630591
3.37656e-10	-0.63207
3.37767e-10	-0.633522
3.37878e-10	-0.634949
3.37989e-10	-0.63635
3.381e-10	-0.637724
3.3821e-10	-0.639073
3.38321e-10	-0.640396
3.38432e-10	-0.641693
3.38543e-10	-0.642964
3.38653e-10	-0.64421
3.38764e-10	-0.645429
3.38875e-10	-0.646623
3.38986e-10	-0.647791
3.39096e-10	-0.648933
3.39207e-10	-0.650049
3.39318e-10	-0.651139
3.39429e-10	-0.652204
3.39539e-10	-0.653242
3.3965e-10	-0.654256
3.39761e-10	-0.655243
3.39872e-10	-0.656205
3.39982e-10	-0.657141
3.40093e-10	-0.658051
3.40204e-10	-0.658936
3.40315e-10	-0.659795
3.40426e-10	-0.660628
3.40536e-10	-0.661436
3.40647e-10	-0.662219
3.40758e-10	-0.662976
3.40869e-10	-0.663708
3.40979e-10	-0.664414
3.4109e-10	-0.665095
3.41201e-10	-0.66575
3.41312e-10	-0.66638
3.41422e-10	-0.666985
3.41533e-10	-0.667565
3.41644e-10	-0.668119
3.41755e-10	-0.668648
3.41865e-10	-0.669152
3.41976e-10	-0.669632
3.42087e-10	-0.670086
3.42198e-10	-0.670515
3.42308e-10	-0.670919
3.42419e-10	-0.671298
3.4253e-10	-0.671652
3.42641e-10	-0.671982
3.42751e-10	-0.672287
3.42862e-10	-0.672567
3.42973e-10	-0.672822
3.43084e-10	-0.673053
3.43195e-10	-0.673259
3.43305e-10	-0.673441
3.43416e-10	-0.673598
3.43527e-10	-0.673731
3.43638e-10	-0.67384
3.43748e-10	-0.673924
3.43859e-10	-0.673985
3.4397e-10	-0.674021
3.44081e-10	-0.674033
3.44191e-10	-0.67402
3.44302e-10	-0.673984
3.44413e-10	-0.673924
3.44524e-10	-0.673841
3.44634e-10	-0.673733
3.44745e-10	-0.673602
3.44856e-10	-0.673447
3.44967e-10	-0.673268
3.45077e-10	-0.673067
3.45188e-10	-0.672841
3.45299e-10	-0.672592
3.4541e-10	-0.67232
3.45521e-10	-0.672025
3.45631e-10	-0.671707
3.45742e-10	-0.671365
3.45853e-10	-0.671001
3.45964e-10	-0.670613
3.46074e-10	-0.670203
3.46185e-10	-0.66977
3.46296e-10	-0.669315
3.46407e-10	-0.668836
3.46517e-10	-0.668336
3.46628e-10	-0.667812
3.46739e-10	-0.667267
3.4685e-10	-0.666699
3.4696e-10	-0.666109
3.47071e-10	-0.665497
3.47182e-10	-0.664863
3.47293e-10	-0.664206
3.47403e-10	-0.663528
3.47514e-10	-0.662829
3.47625e-10	-0.662107
3.47736e-10	-0.661364
3.47847e-10	-0.6606
3.47957e-10	-0.659814
3.48068e-10	-0.659006
3.48179e-10	-0.658178
3.4829e-10	-0.657328
3.484e-10	-0.656458
3.48511e-10	-0.655566
3.48622e-10	-0.654654
3.48733e-10	-0.65372
3.48843e-10	-0.652767
3.48954e-10	-0.651792
3.49065e-10	-0.650797
3.49176e-10	-0.649782
3.49286e-10	-0.648746
3.49397e-10	-0.647691
3.49508e-10	-0.646615
3.49619e-10	-0.645519
3.49729e-10	-0.644403
3.4984e-10	-0.643268
3.49951e-10	-0.642113
3.50062e-10	-0.640938
3.50173e-10	-0.639744
3.50283e-10	-0.63853
3.50394e-10	-0.637298
3.50505e-10	-0.636046
3.50616e-10	-0.634775
3.50726e-10	-0.633485
3.50837e-10	-0.632176
3.50948e-10	-0.630849
3.51059e-10	-0.629503
3.51169e-10	-0.628138
3.5128e-10	-0.626755
3.51391e-10	-0.625354
3.51502e-10	-0.623935
3.51612e-10	-0.622497
3.51723e-10	-0.621042
3.51834e-10	-0.619569
3.51945e-10	-0.618078
3.52055e-10	-0.616569
3.52166e-10	-0.615043
3.52277e-10	-0.6135
3.52388e-10	-0.611939
3.52499e-10	-0.610361
3.52609e-10	-0.608766
3.5272e-10	-0.607154
3.52831e-10	-0.605526
3.52942e-10	-0.60388
3.53052e-10	-0.602218
3.53163e-10	-0.60054
3.53274e-10	-0.598845
3.53385e-10	-0.597134
3.53495e-10	-0.595407
3.53606e-10	-0.593664
3.53717e-10	-0.591905
3.53828e-10	-0.59013
3.53938e-10	-0.58834
3.54049e-10	-0.586534
3.5416e-10	-0.584713
3.54271e-10	-0.582877
3.54381e-10	-0.581025
3.54492e-10	-0.579158
3.54603e-10	-0.577277
3.54714e-10	-0.575381
3.54824e-10	-0.57347
3.54935e-10	-0.571544
3.55046e-10	-0.569604
3.55157e-10	-0.56765
3.55268e-10	-0.565682
3.55378e-10	-0.563699
3.55489e-10	-0.561703
3.556e-10	-0.559693
3.55711e-10	-0.557669
3.55821e-10	-0.555632
3.55932e-10	-0.553581
3.56043e-10	-0.551518
3.56154e-10	-0.54944
3.56264e-10	-0.54735
3.56375e-10	-0.545247
3.56486e-10	-0.543131
3.56597e-10	-0.541003
3.56707e-10	-0.538862
3.56818e-10	-0.536709
3.56929e-10	-0.534543
3.5704e-10	-0.532365
3.5715e-10	-0.530175
3.57261e-10	-0.527974
3.57372e-10	-0.52576
3.57483e-10	-0.523535
3.57594e-10	-0.521299
3.57704e-10	-0.519051
3.57815e-10	-0.516792
3.57926e-10	-0.514521
3.58037e-10	-0.51224
3.58147e-10	-0.509948
3.58258e-10	-0.507645
3.58369e-10	-0.505332
3.5848e-10	-0.503008
3.5859e-10	-0.500674
3.58701e-10	-0.498329
3.58812e-10	-0.495975
3.58923e-10	-0.49361
3.59033e-10	-0.491236
3.59144e-10	-0.488852
3.59255e-10	-0.486458
3.59366e-10	-0.484055
3.59476e-10	-0.481643
3.59587e-10	-0.479222
3.59698e-10	-0.476791
3.59809e-10	-0.474352
3.5992e-10	-0.471904
3.6003e-10	-0.469447
3.60141e-10	-0.466982
3.60252e-10	-0.464508
3.60363e-10	-0.462026
3.60473e-10	-0.459536
3.60584e-10	-0.457038
3.60695e-10	-0.454532
3.60806e-10	-0.452018
3.60916e-10	-0.449497
3.61027e-10	-0.446968
3.61138e-10	-0.444432
3.61249e-10	-0.441888
3.61359e-10	-0.439338
3.6147e-10	-0.436781
3.61581e-10	-0.434216
3.61692e-10	-0.431645
3.61802e-10	-0.429068
3.61913e-10	-0.426484
3.62024e-10	-0.423894
3.62135e-10	-0.421297
3.62246e-10	-0.418694
3.62356e-10	-0.416086
3.62467e-10	-0.413472
3.62578e-10	-0.410852
3.62689e-10	-0.408226
3.62799e-10	-0.405595
3.6291e-10	-0.402959
3.63021e-10	-0.400318
3.63132e-10	-0.397671
3.63242e-10	-0.39502
3.63353e-10	-0.392364
3.63464e-10	-0.389703
3.63575e-10	-0.387038
3.63685e-10	-0.384368
3.63796e-10	-0.381694
3.63907e-10	-0.379016
3.64018e-10	-0.376334
3.64128e-10	-0.373648
3.64239e-10	-0.370958
3.6435e-10	-0.368264
3.64461e-10	-0.365567
3.64572e-10	-0.362867
3.64682e-10	-0.360163
3.64793e-10	-0.357456
3.64904e-10	-0.354747
3.65015e-10	-0.352034
3.65125e-10	-0.349318
3.65236e-10	-0.3466
3.65347e-10	-0.343879
3.65458e-10	-0.341156
3.65568e-10	-0.338431
3.65679e-10	-0.335703
3.6579e-10	-0.332973
3.65901e-10	-0.330242
3.66011e-10	-0.327508
3.66122e-10	-0.324773
3.66233e-10	-0.322036
3.66344e-10	-0.319298
3.66454e-10	-0.316559
3.66565e-10	-0.313818
3.66676e-10	-0.311076
3.66787e-10	-0.308333
3.66898e-10	-0.30559
3.67008e-10	-0.302845
3.67119e-10	-0.3001
3.6723e-10	-0.297355
3.67341e-10	-0.294609
3.67451e-10	-0.291863
3.67562e-10	-0.289117
3.67673e-10	-0.28637
3.67784e-10	-0.283624
3.67894e-10	-0.280878
3.68005e-10	-0.278132
3.68116e-10	-0.275387
3.68227e-10	-0.272642
3.68337e-10	-0.269898
3.68448e-10	-0.267154
3.68559e-10	-0.264412
3.6867e-10	-0.26167
3.6878e-10	-0.258929
3.68891e-10	-0.25619
3.69002e-10	-0.253452
3.69113e-10	-0.250715
3.69223e-10	-0.24798
3.69334e-10	-0.245247
3.69445e-10	-0.242515
3.69556e-10	-0.239785
3.69667e-10	-0.237058
3.69777e-10	-0.234332
3.69888e-10	-0.231608
3.69999e-10	-0.228887
3.7011e-10	-0.226168
3.7022e-10	-0.223451
3.70331e-10	-0.220737
3.70442e-10	-0.218026
3.70553e-10	-0.215318
3.70663e-10	-0.212612
3.70774e-10	-0.20991
3.70885e-10	-0.20721
3.70996e-10	-0.204514
3.71106e-10	-0.201821
3.71217e-10	-0.199132
3.71328e-10	-0.196446
3.71439e-10	-0.193764
3.71549e-10	-0.191085
3.7166e-10	-0.18841
3.71771e-10	-0.18574
3.71882e-10	-0.183073
3.71993e-10	-0.18041
3.72103e-10	-0.177751
3.72214e-10	-0.175097
3.72325e-10	-0.172447
3.72436e-10	-0.169802
3.72546e-10	-0.167161
3.72657e-10	-0.164525
3.72768e-10	-0.161893
3.72879e-10	-0.159267
3.72989e-10	-0.156645
3.731e-10	-0.154029
3.73211e-10	-0.151417
3.73322e-10	-0.148811
3.73432e-10	-0.14621
3.73543e-10	-0.143615
3.73654e-10	-0.141025
3.73765e-10	-0.13844
3.73875e-10	-0.135862
3.73986e-10	-0.133289
3.74097e-10	-0.130721
3.74208e-10	-0.12816
3.74319e-10	-0.125605
3.74429e-10	-0.123056
3.7454e-10	-0.120513
3.74651e-10	-0.117976
3.74762e-10	-0.115446
3.74872e-10	-0.112922
3.74983e-10	-0.110404
3.75094e-10	-0.107893
3.75205e-10	-0.105389
3.75315e-10	-0.102892
3.75426e-10	-0.100401
3.75537e-10	-0.0979172
3.75648e-10	-0.0954404
3.75758e-10	-0.0929706
3.75869e-10	-0.090508
3.7598e-10	-0.0880526
3.76091e-10	-0.0856044
3.76201e-10	-0.0831637
3.76312e-10	-0.0807303
3.76423e-10	-0.0783044
3.76534e-10	-0.0758862
3.76645e-10	-0.0734755
3.76755e-10	-0.0710726
3.76866e-10	-0.0686775
3.76977e-10	-0.0662902
3.77088e-10	-0.0639108
3.77198e-10	-0.0615395
3.77309e-10	-0.0591762
3.7742e-10	-0.056821
3.77531e-10	-0.054474
3.77641e-10	-0.0521353
3.77752e-10	-0.0498049
3.77863e-10	-0.0474829
3.77974e-10	-0.0451694
3.78084e-10	-0.0428644
3.78195e-10	-0.0405679
3.78306e-10	-0.0382802
3.78417e-10	-0.0360011
3.78527e-10	-0.0337308
3.78638e-10	-0.0314693
3.78749e-10	-0.0292167
3.7886e-10	-0.0269731
3.78971e-10	-0.0247384
3.79081e-10	-0.0225129
3.79192e-10	-0.0202964
3.79303e-10	-0.0180891
3.79414e-10	-0.0158911
3.79524e-10	-0.0137023
3.79635e-10	-0.0115229
3.79746e-10	-0.00935289
3.79857e-10	-0.00719232
3.79967e-10	-0.00504125
3.80078e-10	-0.00289973
3.80189e-10	-0.000767818
3.803e-10	0.00135444
3.8041e-10	0.00346699
3.80521e-10	0.00556979
3.80632e-10	0.00766279
3.80743e-10	0.00974594
3.80853e-10	0.0118192
3.80964e-10	0.0138825
3.81075e-10	0.0159358
3.81186e-10	0.0179791
3.81296e-10	0.0200123
3.81407e-10	0.0220354
3.81518e-10	0.0240483
3.81629e-10	0.026051
3.8174e-10	0.0280434
3.8185e-10	0.0300256
3.81961e-10	0.0319974
3.82072e-10	0.0339589
3.82183e-10	0.0359099
3.82293e-10	0.0378505
3.82404e-10	0.0397806
3.82515e-10	0.0417002
3.82626e-10	0.0436092
3.82736e-10	0.0455076
3.82847e-10	0.0473954
3.82958e-10	0.0492725
3.83069e-10	0.0511389
3.83179e-10	0.0529945
3.8329e-10	0.0548394
3.83401e-10	0.0566735
3.83512e-10	0.0584968
3.83622e-10	0.0603092
3.83733e-10	0.0621106
3.83844e-10	0.0639012
3.83955e-10	0.0656808
3.84066e-10	0.0674495
3.84176e-10	0.0692071
3.84287e-10	0.0709536
3.84398e-10	0.0726892
3.84509e-10	0.0744136
3.84619e-10	0.0761269
3.8473e-10	0.0778291
3.84841e-10	0.0795201
3.84952e-10	0.0811999
3.85062e-10	0.0828685
3.85173e-10	0.0845259
3.85284e-10	0.086172
3.85395e-10	0.0878069
3.85505e-10	0.0894304
3.85616e-10	0.0910426
3.85727e-10	0.0926435
3.85838e-10	0.0942331
3.85948e-10	0.0958113
3.86059e-10	0.0973781
3.8617e-10	0.0989335
3.86281e-10	0.100477
3.86392e-10	0.10201
3.86502e-10	0.103531
3.86613e-10	0.105041
3.86724e-10	0.106539
3.86835e-10	0.108026
3.86945e-10	0.109501
3.87056e-10	0.110964
3.87167e-10	0.112416
3.87278e-10	0.113857
3.87388e-10	0.115286
3.87499e-10	0.116704
3.8761e-10	0.11811
3.87721e-10	0.119504
3.87831e-10	0.120887
3.87942e-10	0.122258
3.88053e-10	0.123617
3.88164e-10	0.124965
3.88274e-10	0.126302
3.88385e-10	0.127627
3.88496e-10	0.12894
3.88607e-10	0.130241
3.88718e-10	0.131531
3.88828e-10	0.13281
3.88939e-10	0.134076
3.8905e-10	0.135331
3.89161e-10	0.136575
3.89271e-10	0.137807
3.89382e-10	0.139027
3.89493e-10	0.140235
3.89604e-10	0.141432
3.89714e-10	0.142618
3.89825e-10	0.143791
3.89936e-10	0.144954
3.90047e-10	0.146104
3.90157e-10	0.147243
3.90268e-10	0.14837
3.90379e-10	0.149486
3.9049e-10	0.15059
3.906e-10	0.151683
3.90711e-10	0.152763
3.90822e-10	0.153833
3.90933e-10	0.154891
3.91044e-10	0.155937
3.91154e-10	0.156972
3.91265e-10	0.157995
3.91376e-10	0.159006
3.91487e-10	0.160007
3.91597e-10	0.160995
3.91708e-10	0.161972
3.91819e-10	0.162938
3.9193e-10	0.163892
3.9204e-10	0.164835
3.92151e-10	0.165766
3.92262e-10	0.166686
3.92373e-10	0.167594
3.92483e-10	0.168491
3.92594e-10	0.169377
3.92705e-10	0.170251
3.92816e-10	0.171114
3.92926e-10	0.171966
3.93037e-10	0.172806
3.93148e-10	0.173635
3.93259e-10	0.174453
3.9337e-10	0.175259
3.9348e-10	0.176054
3.93591e-10	0.176838
3.93702e-10	0.177611
3.93813e-10	0.178373
3.93923e-10	0.179123
3.94034e-10	0.179862
3.94145e-10	0.180591
3.94256e-10	0.181308
3.94366e-10	0.182014
3.94477e-10	0.182709
3.94588e-10	0.183392
3.94699e-10	0.184065
3.94809e-10	0.184727
3.9492e-10	0.185378
3.95031e-10	0.186018
3.95142e-10	0.186647
3.95252e-10	0.187265
3.95363e-10	0.187873
3.95474e-10	0.188469
3.95585e-10	0.189055
3.95695e-10	0.18963
3.95806e-10	0.190194
3.95917e-10	0.190748
3.96028e-10	0.191291
3.96139e-10	0.191823
3.96249e-10	0.192344
3.9636e-10	0.192855
3.96471e-10	0.193356
3.96582e-10	0.193845
3.96692e-10	0.194325
3.96803e-10	0.194794
3.96914e-10	0.195252
3.97025e-10	0.1957
3.97135e-10	0.196137
3.97246e-10	0.196565
3.97357e-10	0.196982
3.97468e-10	0.197388
3.97578e-10	0.197785
3.97689e-10	0.198171
3.978e-10	0.198547
3.97911e-10	0.198913
3.98021e-10	0.199268
3.98132e-10	0.199614
3.98243e-10	0.19995
3.98354e-10	0.200275
3.98465e-10	0.200591
3.98575e-10	0.200897
3.98686e-10	0.201192
3.98797e-10	0.201478
3.98908e-10	0.201754
3.99018e-10	0.202021
3.99129e-10	0.202277
3.9924e-10	0.202524
3.99351e-10	0.202762
3.99461e-10	0.202989
3.99572e-10	0.203207
3.99683e-10	0.203416
3.99794e-10	0.203615
3.99904e-10	0.203804
4.00015e-10	0.203984
4.00126e-10	0.204155
4.00237e-10	0.204316
4.00347e-10	0.204468
4.00458e-10	0.204611
4.00569e-10	0.204744
4.0068e-10	0.204869
4.00791e-10	0.204984
4.00901e-10	0.20509
4.01012e-10	0.205187
4.01123e-10	0.205275
4.01234e-10	0.205354
4.01344e-10	0.205424
4.01455e-10	0.205485
4.01566e-10	0.205538
4.01677e-10	0.205581
4.01787e-10	0.205616
4.01898e-10	0.205642
4.02009e-10	0.20566
4.0212e-10	0.205668
4.0223e-10	0.205669
4.02341e-10	0.20566
4.02452e-10	0.205644
4.02563e-10	0.205618
4.02673e-10	0.205585
4.02784e-10	0.205543
4.02895e-10	0.205492
4.03006e-10	0.205434
4.03117e-10	0.205367
4.03227e-10	0.205292
4.03338e-10	0.205209
4.03449e-10	0.205118
4.0356e-10	0.205019
4.0367e-10	0.204912
4.03781e-10	0.204797
4.03892e-10	0.204674
4.04003e-10	0.204543
4.04113e-10	0.204405
4.04224e-10	0.204258
4.04335e-10	0.204104
4.04446e-10	0.203943
4.04556e-10	0.203774
4.04667e-10	0.203597
4.04778e-10	0.203413
4.04889e-10	0.203221
4.04999e-10	0.203022
4.0511e-10	0.202815
4.05221e-10	0.202601
4.05332e-10	0.20238
4.05443e-10	0.202152
4.05553e-10	0.201917
4.05664e-10	0.201674
4.05775e-10	0.201425
4.05886e-10	0.201168
4.05996e-10	0.200905
4.06107e-10	0.200634
4.06218e-10	0.200357
4.06329e-10	0.200073
4.06439e-10	0.199782
4.0655e-10	0.199484
4.06661e-10	0.19918
4.06772e-10	0.198869
4.06882e-10	0.198552
4.06993e-10	0.198228
4.07104e-10	0.197897
4.07215e-10	0.19756
4.07325e-10	0.197217
4.07436e-10	0.196868
4.07547e-10	0.196512
4.07658e-10	0.19615
4.07768e-10	0.195782
4.07879e-10	0.195408
4.0799e-10	0.195027
4.08101e-10	0.194641
4.08212e-10	0.194249
4.08322e-10	0.193851
4.08433e-10	0.193447
4.08544e-10	0.193037
4.08655e-10	0.192621
4.08765e-10	0.1922
4.08876e-10	0.191773
4.08987e-10	0.191341
4.09098e-10	0.190903
4.09208e-10	0.190459
4.09319e-10	0.19001
4.0943e-10	0.189556
4.09541e-10	0.189096
4.09651e-10	0.188631
4.09762e-10	0.188161
4.09873e-10	0.187685
4.09984e-10	0.187204
4.10094e-10	0.186719
4.10205e-10	0.186228
4.10316e-10	0.185732
4.10427e-10	0.185231
4.10538e-10	0.184726
4.10648e-10	0.184215
4.10759e-10	0.1837
4.1087e-10	0.18318
4.10981e-10	0.182656
4.11091e-10	0.182126
4.11202e-10	0.181593
4.11313e-10	0.181054
4.11424e-10	0.180511
4.11534e-10	0.179964
4.11645e-10	0.179412
4.11756e-10	0.178856
4.11867e-10	0.178296
4.11977e-10	0.177731
4.12088e-10	0.177163
4.12199e-10	0.17659
4.1231e-10	0.176013
4.1242e-10	0.175432
4.12531e-10	0.174847
4.12642e-10	0.174258
4.12753e-10	0.173665
4.12864e-10	0.173069
4.12974e-10	0.172468
4.13085e-10	0.171864
4.13196e-10	0.171256
4.13307e-10	0.170645
4.13417e-10	0.17003
4.13528e-10	0.169411
4.13639e-10	0.168789
4.1375e-10	0.168163
4.1386e-10	0.167534
4.13971e-10	0.166902
4.14082e-10	0.166267
4.14193e-10	0.165628
4.14303e-10	0.164986
4.14414e-10	0.16434
4.14525e-10	0.163692
4.14636e-10	0.163041
4.14746e-10	0.162387
4.14857e-10	0.161729
4.14968e-10	0.161069
4.15079e-10	0.160406
4.1519e-10	0.15974
4.153e-10	0.159071
4.15411e-10	0.1584
4.15522e-10	0.157726
4.15633e-10	0.157049
4.15743e-10	0.15637
4.15854e-10	0.155688
4.15965e-10	0.155004
4.16076e-10	0.154317
4.16186e-10	0.153628
4.16297e-10	0.152936
4.16408e-10	0.152243
4.16519e-10	0.151547
4.16629e-10	0.150848
4.1674e-10	0.150148
4.16851e-10	0.149445
4.16962e-10	0.148741
4.17072e-10	0.148034
4.17183e-10	0.147325
4.17294e-10	0.146615
4.17405e-10	0.145902
4.17516e-10	0.145188
4.17626e-10	0.144472
4.17737e-10	0.143754
4.17848e-10	0.143034
4.17959e-10	0.142313
4.18069e-10	0.14159
4.1818e-10	0.140865
4.18291e-10	0.140139
4.18402e-10	0.139412
4.18512e-10	0.138683
4.18623e-10	0.137952
4.18734e-10	0.13722
4.18845e-10	0.136487
4.18955e-10	0.135753
4.19066e-10	0.135017
4.19177e-10	0.13428
4.19288e-10	0.133542
4.19398e-10	0.132803
4.19509e-10	0.132063
4.1962e-10	0.131321
4.19731e-10	0.130579
4.19842e-10	0.129836
4.19952e-10	0.129091
4.20063e-10	0.128346
4.20174e-10	0.1276
4.20285e-10	0.126854
4.20395e-10	0.126106
4.20506e-10	0.125358
4.20617e-10	0.124609
4.20728e-10	0.12386
4.20838e-10	0.12311
4.20949e-10	0.122359
4.2106e-10	0.121608
4.21171e-10	0.120856
4.21281e-10	0.120104
4.21392e-10	0.119351
4.21503e-10	0.118599
4.21614e-10	0.117845
4.21724e-10	0.117092
4.21835e-10	0.116338
4.21946e-10	0.115584
4.22057e-10	0.11483
4.22167e-10	0.114076
4.22278e-10	0.113321
4.22389e-10	0.112567
4.225e-10	0.111812
4.22611e-10	0.111058
4.22721e-10	0.110303
4.22832e-10	0.109549
4.22943e-10	0.108794
4.23054e-10	0.10804
4.23164e-10	0.107286
4.23275e-10	0.106532
4.23386e-10	0.105779
4.23497e-10	0.105026
4.23607e-10	0.104273
4.23718e-10	0.10352
4.23829e-10	0.102768
4.2394e-10	0.102016
4.2405e-10	0.101265
4.24161e-10	0.100514
4.24272e-10	0.0997633
4.24383e-10	0.0990135
4.24493e-10	0.0982642
4.24604e-10	0.0975155
4.24715e-10	0.0967675
4.24826e-10	0.0960201
4.24937e-10	0.0952735
4.25047e-10	0.0945276
4.25158e-10	0.0937824
4.25269e-10	0.093038
4.2538e-10	0.0922945
4.2549e-10	0.0915518
4.25601e-10	0.09081
4.25712e-10	0.0900691
4.25823e-10	0.0893292
4.25933e-10	0.0885902
4.26044e-10	0.0878523
4.26155e-10	0.0871153
4.26266e-10	0.0863795
4.26376e-10	0.0856447
4.26487e-10	0.084911
4.26598e-10	0.0841785
4.26709e-10	0.0834471
4.26819e-10	0.082717
4.2693e-10	0.081988
4.27041e-10	0.0812604
4.27152e-10	0.080534
4.27263e-10	0.0798089
4.27373e-10	0.0790851
4.27484e-10	0.0783627
4.27595e-10	0.0776417
4.27706e-10	0.0769221
4.27816e-10	0.076204
4.27927e-10	0.0754873
4.28038e-10	0.074772
4.28149e-10	0.0740583
4.28259e-10	0.0733462
4.2837e-10	0.0726356
4.28481e-10	0.0719265
4.28592e-10	0.0712191
4.28702e-10	0.0705133
4.28813e-10	0.0698092
4.28924e-10	0.0691067
4.29035e-10	0.068406
4.29145e-10	0.0677069
4.29256e-10	0.0670096
4.29367e-10	0.0663141
4.29478e-10	0.0656204
4.29589e-10	0.0649285
4.29699e-10	0.0642384
4.2981e-10	0.0635501
4.29921e-10	0.0628638
4.30032e-10	0.0621793
4.30142e-10	0.0614968
4.30253e-10	0.0608162
4.30364e-10	0.0601375
4.30475e-10	0.0594608
4.30585e-10	0.0587861
4.30696e-10	0.0581135
4.30807e-10	0.0574428
4.30918e-10	0.0567743
4.31028e-10	0.0561078
4.31139e-10	0.0554433
4.3125e-10	0.054781
4.31361e-10	0.0541209
4.31471e-10	0.0534628
4.31582e-10	0.052807
4.31693e-10	0.0521533
4.31804e-10	0.0515018
4.31915e-10	0.0508525
4.32025e-10	0.0502055
4.32136e-10	0.0495607
4.32247e-10	0.0489182
4.32358e-10	0.0482779
4.32468e-10	0.04764
4.32579e-10	0.0470044
4.3269e-10	0.0463711
4.32801e-10	0.0457401
4.32911e-10	0.0451115
4.33022e-10	0.0444853
4.33133e-10	0.0438614
4.33244e-10	0.04324
4.33354e-10	0.0426209
4.33465e-10	0.0420044
4.33576e-10	0.0413902
4.33687e-10	0.0407785
4.33797e-10	0.0401693
4.33908e-10	0.0395625
4.34019e-10	0.0389583
4.3413e-10	0.0383566
4.3424e-10	0.0377574
4.34351e-10	0.0371607
4.34462e-10	0.0365666
4.34573e-10	0.035975
4.34684e-10	0.035386
4.34794e-10	0.0347996
4.34905e-10	0.0342157
4.35016e-10	0.0336345
4.35127e-10	0.0330559
4.35237e-10	0.0324799
4.35348e-10	0.0319066
4.35459e-10	0.0313359
4.3557e-10	0.0307678
4.3568e-10	0.0302024
4.35791e-10	0.0296397
4.35902e-10	0.0290797
4.36013e-10	0.0285224
4.36123e-10	0.0279677
4.36234e-10	0.0274158
4.36345e-10	0.0268666
4.36456e-10	0.0263201
4.36566e-10	0.0257764
4.36677e-10	0.0252354
4.36788e-10	0.0246972
4.36899e-10	0.0241617
4.3701e-10	0.023629
4.3712e-10	0.023099
4.37231e-10	0.0225719
4.37342e-10	0.0220475
4.37453e-10	0.0215259
4.37563e-10	0.0210071
4.37674e-10	0.0204912
4.37785e-10	0.019978
4.37896e-10	0.0194677
4.38006e-10	0.0189602
4.38117e-10	0.0184555
4.38228e-10	0.0179536
4.38339e-10	0.0174546
4.38449e-10	0.0169585
4.3856e-10	0.0164651
4.38671e-10	0.0159747
4.38782e-10	0.0154871
4.38892e-10	0.0150024
4.39003e-10	0.0145205
4.39114e-10	0.0140415
4.39225e-10	0.0135654
4.39336e-10	0.0130921
4.39446e-10	0.0126218
4.39557e-10	0.0121543
4.39668e-10	0.0116897
4.39779e-10	0.011228
4.39889e-10	0.0107692
4.4e-10	0.0103133
4.40111e-10	0.00986035
4.40222e-10	0.00941024
4.40332e-10	0.00896305
4.40443e-10	0.00851875
4.40554e-10	0.00807737
4.40665e-10	0.00763889
4.40775e-10	0.00720332
4.40886e-10	0.00677066
4.40997e-10	0.00634091
4.41108e-10	0.00591408
4.41218e-10	0.00549016
4.41329e-10	0.00506915
4.4144e-10	0.00465105
4.41551e-10	0.00423587
4.41662e-10	0.00382361
4.41772e-10	0.00341426
4.41883e-10	0.00300782
4.41994e-10	0.00260429
4.42105e-10	0.00220368
4.42215e-10	0.00180598
4.42326e-10	0.0014112
4.42437e-10	0.00101932
4.42548e-10	0.000630352
4.42658e-10	0.000244293
4.42769e-10	-0.00013886
4.4288e-10	-0.000519108
4.42991e-10	-0.000896452
4.43101e-10	-0.00127089
4.43212e-10	-0.00164244
4.43323e-10	-0.00201108
4.43434e-10	-0.00237684
4.43544e-10	-0.00273969
4.43655e-10	-0.00309966
4.43766e-10	-0.00345674
4.43877e-10	-0.00381094
4.43988e-10	-0.00416225
4.44098e-10	-0.00451069
4.44209e-10	-0.00485625
4.4432e-10	-0.00519894
4.44431e-10	-0.00553876
4.44541e-10	-0.00587571
4.44652e-10	-0.0062098
4.44763e-10	-0.00654104
4.44874e-10	-0.00686942
4.44984e-10	-0.00719496
4.45095e-10	-0.00751764
4.45206e-10	-0.00783749
4.45317e-10	-0.0081545
4.45427e-10	-0.00846868
4.45538e-10	-0.00878004
4.45649e-10	-0.00908857
4.4576e-10	-0.00939428
4.4587e-10	-0.00969718
4.45981e-10	-0.00999728
4.46092e-10	-0.0102946
4.46203e-10	-0.0105891
4.46314e-10	-0.0108808
4.46424e-10	-0.0111697
4.46535e-10	-0.0114558
4.46646e-10	-0.0117392
4.46757e-10	-0.0120198
4.46867e-10	-0.0122976
4.46978e-10	-0.0125727
4.47089e-10	-0.0128451
4.472e-10	-0.0131147
4.4731e-10	-0.0133815
4.47421e-10	-0.0136456
4.47532e-10	-0.013907
4.47643e-10	-0.0141657
4.47753e-10	-0.0144217
4.47864e-10	-0.014675
4.47975e-10	-0.0149256
4.48086e-10	-0.0151735
4.48196e-10	-0.0154187
4.48307e-10	-0.0156612
4.48418e-10	-0.0159011
4.48529e-10	-0.0161383
4.48639e-10	-0.0163729
4.4875e-10	-0.0166048
4.48861e-10	-0.0168341
4.48972e-10	-0.0170607
4.49083e-10	-0.0172848
4.49193e-10	-0.0175062
4.49304e-10	-0.017725
4.49415e-10	-0.0179412
4.49526e-10	-0.0181549
4.49636e-10	-0.0183659
4.49747e-10	-0.0185744
4.49858e-10	-0.0187804
4.49969e-10	-0.0189837
4.50079e-10	-0.0191846
4.5019e-10	-0.0193829
4.50301e-10	-0.0195786
4.50412e-10	-0.0197719
4.50522e-10	-0.0199626
4.50633e-10	-0.0201509
4.50744e-10	-0.0203366
4.50855e-10	-0.0205199
4.50965e-10	-0.0207007
4.51076e-10	-0.020879
4.51187e-10	-0.0210549
4.51298e-10	-0.0212283
4.51409e-10	-0.0213994
4.51519e-10	-0.0215679
4.5163e-10	-0.0217341
4.51741e-10	-0.0218979
4.51852e-10	-0.0220592
4.51962e-10	-0.0222182
4.52073e-10	-0.0223748
4.52184e-10	-0.022529
4.52295e-10	-0.0226809
4.52405e-10	-0.0228304
4.52516e-10	-0.0229776
4.52627e-10	-0.0231225
4.52738e-10	-0.0232651
4.52848e-10	-0.0234053
4.52959e-10	-0.0235433
4.5307e-10	-0.0236789
4.53181e-10	-0.0238123
4.53291e-10	-0.0239435
4.53402e-10	-0.0240723
4.53513e-10	-0.024199
4.53624e-10	-0.0243234
4.53735e-10	-0.0244455
4.53845e-10	-0.0245655
4.53956e-10	-0.0246833
4.54067e-10	-0.0247989
4.54178e-10	-0.0249123
4.54288e-10	-0.0250235
4.54399e-10	-0.0251326
4.5451e-10	-0.0252395
4.54621e-10	-0.0253443
4.54731e-10	-0.025447
4.54842e-10	-0.0255475
4.54953e-10	-0.025646
4.55064e-10	-0.0257423
4.55174e-10	-0.0258366
4.55285e-10	-0.0259289
4.55396e-10	-0.026019
4.55507e-10	-0.0261071
4.55617e-10	-0.0261932
4.55728e-10	-0.0262773
4.55839e-10	-0.0263593
4.5595e-10	-0.0264393
4.56061e-10	-0.0265174
4.56171e-10	-0.0265935
4.56282e-10	-0.0266676
4.56393e-10	-0.0267397
4.56504e-10	-0.0268099
4.56614e-10	-0.0268782
4.56725e-10	-0.0269446
4.56836e-10	-0.027009
4.56947e-10	-0.0270716
4.57057e-10	-0.0271322
4.57168e-10	-0.027191
4.57279e-10	-0.0272479
4.5739e-10	-0.027303
4.575e-10	-0.0273562
4.57611e-10	-0.0274076
4.57722e-10	-0.0274572
4.57833e-10	-0.027505
4.57943e-10	-0.027551
4.58054e-10	-0.0275952
4.58165e-10	-0.0276376
4.58276e-10	-0.0276783
4.58387e-10	-0.0277172
4.58497e-10	-0.0277544
4.58608e-10	-0.0277899
4.58719e-10	-0.0278236
4.5883e-10	-0.0278557
4.5894e-10	-0.0278861
4.59051e-10	-0.0279148
4.59162e-10	-0.0279418
4.59273e-10	-0.0279672
4.59383e-10	-0.0279909
4.59494e-10	-0.028013
4.59605e-10	-0.0280335
4.59716e-10	-0.0280524
4.59826e-10	-0.0280697
4.59937e-10	-0.0280854
4.60048e-10	-0.0280995
4.60159e-10	-0.0281121
4.60269e-10	-0.0281231
4.6038e-10	-0.0281326
4.60491e-10	-0.0281406
4.60602e-10	-0.0281471
4.60713e-10	-0.028152
4.60823e-10	-0.0281555
4.60934e-10	-0.0281575
4.61045e-10	-0.028158
4.61156e-10	-0.0281571
4.61266e-10	-0.0281547
4.61377e-10	-0.028151
4.61488e-10	-0.0281457
4.61599e-10	-0.0281391
4.61709e-10	-0.0281311
4.6182e-10	-0.0281217
4.61931e-10	-0.0281109
4.62042e-10	-0.0280988
4.62152e-10	-0.0280853
4.62263e-10	-0.0280705
4.62374e-10	-0.0280544
4.62485e-10	-0.0280369
4.62595e-10	-0.0280182
4.62706e-10	-0.0279981
4.62817e-10	-0.0279768
4.62928e-10	-0.0279542
4.63038e-10	-0.0279304
4.63149e-10	-0.0279053
4.6326e-10	-0.0278789
4.63371e-10	-0.0278514
4.63482e-10	-0.0278226
4.63592e-10	-0.0277927
4.63703e-10	-0.0277615
4.63814e-10	-0.0277292
4.63925e-10	-0.0276957
4.64035e-10	-0.0276611
4.64146e-10	-0.0276253
4.64257e-10	-0.0275884
4.64368e-10	-0.0275503
4.64478e-10	-0.0275112
4.64589e-10	-0.0274709
4.647e-10	-0.0274296
4.64811e-10	-0.0273872
4.64921e-10	-0.0273437
4.65032e-10	-0.0272992
4.65143e-10	-0.0272536
4.65254e-10	-0.027207
4.65364e-10	-0.0271594
4.65475e-10	-0.0271108
4.65586e-10	-0.0270612
4.65697e-10	-0.0270106
4.65808e-10	-0.026959
4.65918e-10	-0.0269064
4.66029e-10	-0.0268529
4.6614e-10	-0.0267984
4.66251e-10	-0.026743
4.66361e-10	-0.0266867
4.66472e-10	-0.0266295
4.66583e-10	-0.0265714
4.66694e-10	-0.0265124
4.66804e-10	-0.0264525
4.66915e-10	-0.0263917
4.67026e-10	-0.0263301
4.67137e-10	-0.0262676
4.67247e-10	-0.0262043
4.67358e-10	-0.0261401
4.67469e-10	-0.0260751
4.6758e-10	-0.0260094
4.6769e-10	-0.0259428
4.67801e-10	-0.0258754
4.67912e-10	-0.0258073
4.68023e-10	-0.0257384
4.68134e-10	-0.0256688
4.68244e-10	-0.0255984
4.68355e-10	-0.0255272
4.68466e-10	-0.0254553
4.68577e-10	-0.0253828
4.68687e-10	-0.0253095
4.68798e-10	-0.0252355
4.68909e-10	-0.0251608
4.6902e-10	-0.0250855
4.6913e-10	-0.0250094
4.69241e-10	-0.0249328
4.69352e-10	-0.0248555
4.69463e-10	-0.0247775
4.69573e-10	-0.0246989
4.69684e-10	-0.0246197
4.69795e-10	-0.0245399
4.69906e-10	-0.0244595
4.70016e-10	-0.0243785
4.70127e-10	-0.0242969
4.70238e-10	-0.0242147
4.70349e-10	-0.024132
4.7046e-10	-0.0240487
4.7057e-10	-0.0239649
4.70681e-10	-0.0238806
4.70792e-10	-0.0237957
4.70903e-10	-0.0237103
4.71013e-10	-0.0236244
4.71124e-10	-0.023538
4.71235e-10	-0.0234511
4.71346e-10	-0.0233637
4.71456e-10	-0.0232759
4.71567e-10	-0.0231876
4.71678e-10	-0.0230988
4.71789e-10	-0.0230096
4.71899e-10	-0.02292
4.7201e-10	-0.0228299
4.72121e-10	-0.0227394
4.72232e-10	-0.0226485
4.72342e-10	-0.0225572
4.72453e-10	-0.0224656
4.72564e-10	-0.0223735
4.72675e-10	-0.022281
4.72786e-10	-0.0221882
4.72896e-10	-0.022095
4.73007e-10	-0.0220015
4.73118e-10	-0.0219076
4.73229e-10	-0.0218134
4.73339e-10	-0.0217189
4.7345e-10	-0.021624
4.73561e-10	-0.0215288
4.73672e-10	-0.0214334
4.73782e-10	-0.0213376
4.73893e-10	-0.0212415
4.74004e-10	-0.0211452
4.74115e-10	-0.0210486
4.74225e-10	-0.0209517
4.74336e-10	-0.0208546
4.74447e-10	-0.0207572
4.74558e-10	-0.0206596
4.74668e-10	-0.0205617
4.74779e-10	-0.0204636
4.7489e-10	-0.0203653
4.75001e-10	-0.0202668
4.75111e-10	-0.0201681
4.75222e-10	-0.0200692
4.75333e-10	-0.0199701
4.75444e-10	-0.0198708
4.75555e-10	-0.0197713
4.75665e-10	-0.0196717
4.75776e-10	-0.0195719
4.75887e-10	-0.019472
4.75998e-10	-0.0193719
4.76108e-10	-0.0192716
4.76219e-10	-0.0191713
4.7633e-10	-0.0190708
4.76441e-10	-0.0189701
4.76551e-10	-0.0188694
4.76662e-10	-0.0187686
4.76773e-10	-0.0186676
4.76884e-10	-0.0185666
4.76994e-10	-0.0184655
4.77105e-10	-0.0183643
4.77216e-10	-0.018263
4.77327e-10	-0.0181616
4.77437e-10	-0.0180602
4.77548e-10	-0.0179588
4.77659e-10	-0.0178572
4.7777e-10	-0.0177557
4.77881e-10	-0.0176541
4.77991e-10	-0.0175525
4.78102e-10	-0.0174508
4.78213e-10	-0.0173491
4.78324e-10	-0.0172475
4.78434e-10	-0.0171458
4.78545e-10	-0.0170441
4.78656e-10	-0.0169424
4.78767e-10	-0.0168407
4.78877e-10	-0.016739
4.78988e-10	-0.0166374
4.79099e-10	-0.0165358
4.7921e-10	-0.0164342
4.7932e-10	-0.0163326
4.79431e-10	-0.0162311
4.79542e-10	-0.0161296
4.79653e-10	-0.0160282
4.79763e-10	-0.0159269
4.79874e-10	-0.0158256
4.79985e-10	-0.0157244
4.80096e-10	-0.0156232
4.80207e-10	-0.0155222
4.80317e-10	-0.0154212
4.80428e-10	-0.0153203
4.80539e-10	-0.0152195
4.8065e-10	-0.0151188
4.8076e-10	-0.0150182
4.80871e-10	-0.0149177
4.80982e-10	-0.0148174
4.81093e-10	-0.0147171
4.81203e-10	-0.014617
4.81314e-10	-0.014517
4.81425e-10	-0.0144171
4.81536e-10	-0.0143174
4.81646e-10	-0.0142178
4.81757e-10	-0.0141183
4.81868e-10	-0.014019
4.81979e-10	-0.0139199
4.82089e-10	-0.0138209
4.822e-10	-0.0137221
4.82311e-10	-0.0136234
4.82422e-10	-0.0135249
4.82533e-10	-0.0134266
4.82643e-10	-0.0133285
4.82754e-10	-0.0132305
4.82865e-10	-0.0131328
4.82976e-10	-0.0130352
4.83086e-10	-0.0129378
4.83197e-10	-0.0128406
4.83308e-10	-0.0127436
4.83419e-10	-0.0126469
4.83529e-10	-0.0125503
4.8364e-10	-0.0124539
4.83751e-10	-0.0123578
4.83862e-10	-0.0122619
4.83972e-10	-0.0121662
4.84083e-10	-0.0120707
4.84194e-10	-0.0119755
4.84305e-10	-0.0118805
4.84415e-10	-0.0117857
4.84526e-10	-0.0116912
4.84637e-10	-0.0115969
4.84748e-10	-0.0115029
4.84859e-10	-0.0114091
4.84969e-10	-0.0113156
4.8508e-10	-0.0112223
4.85191e-10	-0.0111293
4.85302e-10	-0.0110366
4.85412e-10	-0.0109441
4.85523e-10	-0.0108519
4.85634e-10	-0.0107599
4.85745e-10	-0.0106683
4.85855e-10	-0.0105769
4.85966e-10	-0.0104858
4.86077e-10	-0.0103949
4.86188e-10	-0.0103044
4.86298e-10	-0.0102141
4.86409e-10	-0.0101242
4.8652e-10	-0.0100345
4.86631e-10	-0.0099451
4.86741e-10	-0.00985601
4.86852e-10	-0.00976723
4.86963e-10	-0.00967875
4.87074e-10	-0.00959057
4.87185e-10	-0.00950271
4.87295e-10	-0.00941515
4.87406e-10	-0.0093279
4.87517e-10	-0.00924096
4.87628e-10	-0.00915434
4.87738e-10	-0.00906804
4.87849e-10	-0.00898206
4.8796e-10	-0.0088964
4.88071e-10	-0.00881107
4.88181e-10	-0.00872606
4.88292e-10	-0.00864138
4.88403e-10	-0.00855703
4.88514e-10	-0.00847301
4.88624e-10	-0.00838933
4.88735e-10	-0.00830598
4.88846e-10	-0.00822296
4.88957e-10	-0.00814029
4.89067e-10	-0.00805796
4.89178e-10	-0.00797597
4.89289e-10	-0.00789432
4.894e-10	-0.00781302
4.8951e-10	-0.00773206
4.89621e-10	-0.00765145
4.89732e-10	-0.0075712
4.89843e-10	-0.00749129
4.89954e-10	-0.00741174
4.90064e-10	-0.00733253
4.90175e-10	-0.00725369
4.90286e-10	-0.0071752
4.90397e-10	-0.00709707
4.90507e-10	-0.0070193
4.90618e-10	-0.00694189
4.90729e-10	-0.00686484
4.9084e-10	-0.00678815
4.9095e-10	-0.00671183
4.91061e-10	-0.00663587
4.91172e-10	-0.00656028
4.91283e-10	-0.00648505
4.91393e-10	-0.00641019
4.91504e-10	-0.0063357
4.91615e-10	-0.00626158
4.91726e-10	-0.00618783
4.91836e-10	-0.00611446
4.91947e-10	-0.00604145
4.92058e-10	-0.00596882
4.92169e-10	-0.00589656
4.9228e-10	-0.00582467
4.9239e-10	-0.00575316
4.92501e-10	-0.00568203
4.92612e-10	-0.00561127
4.92723e-10	-0.00554089
4.92833e-10	-0.00547088
4.92944e-10	-0.00540126
4.93055e-10	-0.00533201
4.93166e-10	-0.00526314
4.93276e-10	-0.00519466
4.93387e-10	-0.00512655
4.93498e-10	-0.00505882
4.93609e-10	-0.00499147
4.93719e-10	-0.00492451
4.9383e-10	-0.00485793
4.93941e-10	-0.00479172
4.94052e-10	-0.00472591
4.94162e-10	-0.00466047
4.94273e-10	-0.00459542
4.94384e-10	-0.00453074
4.94495e-10	-0.00446646
4.94606e-10	-0.00440255
4.94716e-10	-0.00433903
4.94827e-10	-0.00427589
4.94938e-10	-0.00421314
4.95049e-10	-0.00415077
4.95159e-10	-0.00408878
4.9527e-10	-0.00402718
4.95381e-10	-0.00396596
4.95492e-10	-0.00390512
4.95602e-10	-0.00384467
4.95713e-10	-0.0037846
4.95824e-10	-0.00372492
4.95935e-10	-0.00366562
4.96045e-10	-0.0036067
4.96156e-10	-0.00354816
4.96267e-10	-0.00349001
4.96378e-10	-0.00343224
4.96488e-10	-0.00337485
4.96599e-10	-0.00331784
4.9671e-10	-0.00326122
4.96821e-10	-0.00320498
4.96932e-10	-0.00314912
4.97042e-10	-0.00309364
4.97153e-10	-0.00303854
4.97264e-10	-0.00298382
4.97375e-10	-0.00292948
4.97485e-10	-0.00287551
4.97596e-10	-0.00282193
4.97707e-10	-0.00276873
4.97818e-10	-0.0027159
4.97928e-10	-0.00266345
4.98039e-10	-0.00261138
4.9815e-10	-0.00255969
4.98261e-10	-0.00250837
4.98371e-10	-0.00245742
4.98482e-10	-0.00240685
4.98593e-10	-0.00235666
4.98704e-10	-0.00230683
4.98814e-10	-0.00225739
4.98925e-10	-0.00220831
4.99036e-10	-0.0021596
4.99147e-10	-0.00211127
4.99258e-10	-0.0020633
4.99368e-10	-0.00201571
4.99479e-10	-0.00196848
4.9959e-10	-0.00192162
4.99701e-10	-0.00187513
4.99811e-10	-0.001829
4.99922e-10	-0.00178324
5.00033e-10	-0.00173784
5.00144e-10	-0.00169281
5.00254e-10	-0.00164814
5.00365e-10	-0.00160383
5.00476e-10	-0.00155989
5.00587e-10	-0.0015163
5.00697e-10	-0.00147308
5.00808e-10	-0.00143021
5.00919e-10	-0.0013877
5.0103e-10	-0.00134555
5.0114e-10	-0.00130375
5.01251e-10	-0.0012623
5.01362e-10	-0.00122122
5.01473e-10	-0.00118048
5.01583e-10	-0.00114009
5.01694e-10	-0.00110006
5.01805e-10	-0.00106037
5.01916e-10	-0.00102104
5.02027e-10	-0.00098205
5.02137e-10	-0.000943408
5.02248e-10	-0.000905111
5.02359e-10	-0.000867159
5.0247e-10	-0.00082955
5.0258e-10	-0.000792283
5.02691e-10	-0.000755357
5.02802e-10	-0.000718771
5.02913e-10	-0.000682523
5.03023e-10	-0.000646613
5.03134e-10	-0.00061104
5.03245e-10	-0.000575801
5.03356e-10	-0.000540897
5.03466e-10	-0.000506325
5.03577e-10	-0.000472085
5.03688e-10	-0.000438175
5.03799e-10	-0.000404595
5.03909e-10	-0.000371342
5.0402e-10	-0.000338416
5.04131e-10	-0.000305815
5.04242e-10	-0.000273539
5.04353e-10	-0.000241586
5.04463e-10	-0.000209954
5.04574e-10	-0.000178642
5.04685e-10	-0.00014765
5.04796e-10	-0.000116975
5.04906e-10	-8.66172e-05
5.05017e-10	-5.65742e-05
5.05128e-10	-2.6845e-05
5.05239e-10	2.57175e-06
5.05349e-10	3.16773e-05
5.0546e-10	6.04731e-05
5.05571e-10	8.89603e-05
5.05682e-10	0.000117141
5.05792e-10	0.000145015
5.05903e-10	0.000172585
5.06014e-10	0.000199852
5.06125e-10	0.000226817
5.06235e-10	0.000253482
5.06346e-10	0.000279849
5.06457e-10	0.000305917
5.06568e-10	0.00033169
5.06679e-10	0.000357168
5.06789e-10	0.000382353
5.069e-10	0.000407246
5.07011e-10	0.000431848
5.07122e-10	0.000456162
5.07232e-10	0.000480188
5.07343e-10	0.000503927
5.07454e-10	0.000527383
5.07565e-10	0.000550554
5.07675e-10	0.000573444
5.07786e-10	0.000596054
5.07897e-10	0.000618385
5.08008e-10	0.000640438
5.08118e-10	0.000662215
5.08229e-10	0.000683718
5.0834e-10	0.000704948
5.08451e-10	0.000725906
5.08561e-10	0.000746594
5.08672e-10	0.000767013
5.08783e-10	0.000787165
5.08894e-10	0.000807052
5.09005e-10	0.000826674
5.09115e-10	0.000846034
5.09226e-10	0.000865132
5.09337e-10	0.00088397
5.09448e-10	0.000902551
5.09558e-10	0.000920874
5.09669e-10	0.000938942
5.0978e-10	0.000956757
5.09891e-10	0.000974319
5.10001e-10	0.00099163
5.10112e-10	0.00100869
5.10223e-10	0.00102551
5.10334e-10	0.00104207
5.10444e-10	0.0010584
5.10555e-10	0.00107448
5.10666e-10	0.00109032
5.10777e-10	0.00110591
5.10887e-10	0.00112127
5.10998e-10	0.00113639
5.11109e-10	0.00115128
5.1122e-10	0.00116593
5.11331e-10	0.00118035
5.11441e-10	0.00119454
5.11552e-10	0.0012085
5.11663e-10	0.00122223
5.11774e-10	0.00123573
5.11884e-10	0.00124901
5.11995e-10	0.00126206
5.12106e-10	0.0012749
5.12217e-10	0.00128751
5.12327e-10	0.0012999
5.12438e-10	0.00131207
5.12549e-10	0.00132403
5.1266e-10	0.00133578
5.1277e-10	0.00134731
5.12881e-10	0.00135862
5.12992e-10	0.00136973
5.13103e-10	0.00138063
5.13213e-10	0.00139132
5.13324e-10	0.00140181
5.13435e-10	0.00141209
5.13546e-10	0.00142217
5.13657e-10	0.00143205
5.13767e-10	0.00144173
5.13878e-10	0.00145121
5.13989e-10	0.0014605
5.141e-10	0.00146958
5.1421e-10	0.00147848
5.14321e-10	0.00148718
5.14432e-10	0.00149569
5.14543e-10	0.00150401
5.14653e-10	0.00151215
5.14764e-10	0.00152009
5.14875e-10	0.00152785
5.14986e-10	0.00153543
5.15096e-10	0.00154283
5.15207e-10	0.00155004
5.15318e-10	0.00155708
5.15429e-10	0.00156394
5.15539e-10	0.00157062
5.1565e-10	0.00157713
5.15761e-10	0.00158346
5.15872e-10	0.00158962
5.15982e-10	0.00159561
5.16093e-10	0.00160144
5.16204e-10	0.00160709
5.16315e-10	0.00161258
5.16426e-10	0.0016179
5.16536e-10	0.00162306
5.16647e-10	0.00162806
5.16758e-10	0.00163289
5.16869e-10	0.00163757
5.16979e-10	0.00164209
5.1709e-10	0.00164645
5.17201e-10	0.00165066
5.17312e-10	0.00165471
5.17422e-10	0.00165861
5.17533e-10	0.00166236
5.17644e-10	0.00166596
5.17755e-10	0.00166942
5.17865e-10	0.00167272
5.17976e-10	0.00167588
5.18087e-10	0.0016789
5.18198e-10	0.00168177
5.18308e-10	0.0016845
5.18419e-10	0.00168709
5.1853e-10	0.00168954
5.18641e-10	0.00169186
5.18752e-10	0.00169404
5.18862e-10	0.00169608
5.18973e-10	0.00169799
5.19084e-10	0.00169977
5.19195e-10	0.00170142
5.19305e-10	0.00170294
5.19416e-10	0.00170433
5.19527e-10	0.00170559
5.19638e-10	0.00170672
5.19748e-10	0.00170774
5.19859e-10	0.00170863
5.1997e-10	0.00170939
5.20081e-10	0.00171004
5.20191e-10	0.00171057
5.20302e-10	0.00171098
5.20413e-10	0.00171127
5.20524e-10	0.00171145
5.20634e-10	0.00171151
5.20745e-10	0.00171146
5.20856e-10	0.0017113
5.20967e-10	0.00171102
5.21078e-10	0.00171064
5.21188e-10	0.00171015
5.21299e-10	0.00170955
5.2141e-10	0.00170885
5.21521e-10	0.00170804
5.21631e-10	0.00170713
5.21742e-10	0.00170612
5.21853e-10	0.001705
5.21964e-10	0.00170379
5.22074e-10	0.00170247
5.22185e-10	0.00170106
5.22296e-10	0.00169955
5.22407e-10	0.00169795
5.22517e-10	0.00169626
5.22628e-10	0.00169447
5.22739e-10	0.00169258
5.2285e-10	0.00169061
5.2296e-10	0.00168855
5.23071e-10	0.0016864
5.23182e-10	0.00168416
5.23293e-10	0.00168184
5.23404e-10	0.00167943
5.23514e-10	0.00167694
5.23625e-10	0.00167437
5.23736e-10	0.00167171
5.23847e-10	0.00166897
5.23957e-10	0.00166615
5.24068e-10	0.00166326
5.24179e-10	0.00166028
5.2429e-10	0.00165723
5.244e-10	0.00165411
5.24511e-10	0.00165091
5.24622e-10	0.00164763
5.24733e-10	0.00164429
5.24843e-10	0.00164087
5.24954e-10	0.00163738
5.25065e-10	0.00163383
5.25176e-10	0.0016302
5.25286e-10	0.00162651
5.25397e-10	0.00162275
5.25508e-10	0.00161893
5.25619e-10	0.00161504
5.2573e-10	0.00161109
5.2584e-10	0.00160707
5.25951e-10	0.001603
5.26062e-10	0.00159886
5.26173e-10	0.00159466
5.26283e-10	0.00159041
5.26394e-10	0.0015861
5.26505e-10	0.00158173
5.26616e-10	0.00157731
5.26726e-10	0.00157283
5.26837e-10	0.00156829
5.26948e-10	0.00156371
5.27059e-10	0.00155907
5.27169e-10	0.00155438
5.2728e-10	0.00154964
5.27391e-10	0.00154485
5.27502e-10	0.00154001
5.27612e-10	0.00153513
5.27723e-10	0.00153019
5.27834e-10	0.00152522
5.27945e-10	0.00152019
5.28055e-10	0.00151512
5.28166e-10	0.00151001
5.28277e-10	0.00150486
5.28388e-10	0.00149966
5.28499e-10	0.00149442
5.28609e-10	0.00148915
5.2872e-10	0.00148383
5.28831e-10	0.00147848
5.28942e-10	0.00147308
5.29052e-10	0.00146765
5.29163e-10	0.00146219
5.29274e-10	0.00145668
5.29385e-10	0.00145115
5.29495e-10	0.00144558
5.29606e-10	0.00143997
5.29717e-10	0.00143434
5.29828e-10	0.00142867
5.29938e-10	0.00142297
5.30049e-10	0.00141725
5.3016e-10	0.00141149
5.30271e-10	0.0014057
5.30381e-10	0.00139989
5.30492e-10	0.00139405
5.30603e-10	0.00138818
5.30714e-10	0.00138228
5.30825e-10	0.00137637
5.30935e-10	0.00137042
5.31046e-10	0.00136445
5.31157e-10	0.00135846
5.31268e-10	0.00135245
5.31378e-10	0.00134642
5.31489e-10	0.00134036
5.316e-10	0.00133429
5.31711e-10	0.00132819
5.31821e-10	0.00132208
5.31932e-10	0.00131594
5.32043e-10	0.00130979
5.32154e-10	0.00130362
5.32264e-10	0.00129744
5.32375e-10	0.00129124
5.32486e-10	0.00128502
5.32597e-10	0.00127879
5.32707e-10	0.00127254
5.32818e-10	0.00126628
5.32929e-10	0.00126001
5.3304e-10	0.00125373
5.33151e-10	0.00124743
5.33261e-10	0.00124112
5.33372e-10	0.0012348
5.33483e-10	0.00122848
5.33594e-10	0.00122214
5.33704e-10	0.00121579
5.33815e-10	0.00120943
5.33926e-10	0.00120307
5.34037e-10	0.0011967
5.34147e-10	0.00119032
5.34258e-10	0.00118394
5.34369e-10	0.00117755
5.3448e-10	0.00117115
5.3459e-10	0.00116475
5.34701e-10	0.00115835
5.34812e-10	0.00115194
5.34923e-10	0.00114552
5.35033e-10	0.00113911
5.35144e-10	0.00113269
5.35255e-10	0.00112627
5.35366e-10	0.00111985
5.35477e-10	0.00111343
5.35587e-10	0.00110701
5.35698e-10	0.00110058
5.35809e-10	0.00109416
5.3592e-10	0.00108774
5.3603e-10	0.00108132
5.36141e-10	0.0010749
5.36252e-10	0.00106849
5.36363e-10	0.00106207
5.36473e-10	0.00105566
5.36584e-10	0.00104925
5.36695e-10	0.00104285
5.36806e-10	0.00103645
5.36916e-10	0.00103005
5.37027e-10	0.00102366
5.37138e-10	0.00101728
5.37249e-10	0.0010109
5.37359e-10	0.00100453
5.3747e-10	0.00099816
5.37581e-10	0.0009918
5.37692e-10	0.000985447
5.37803e-10	0.000979102
5.37913e-10	0.000972766
5.38024e-10	0.000966437
5.38135e-10	0.000960117
5.38246e-10	0.000953806
5.38356e-10	0.000947504
5.38467e-10	0.000941212
5.38578e-10	0.00093493
5.38689e-10	0.000928659
5.38799e-10	0.000922398
5.3891e-10	0.000916148
5.39021e-10	0.000909909
5.39132e-10	0.000903682
5.39242e-10	0.000897466
5.39353e-10	0.000891263
5.39464e-10	0.000885072
5.39575e-10	0.000878894
5.39685e-10	0.00087273
5.39796e-10	0.000866578
5.39907e-10	0.00086044
5.40018e-10	0.000854316
5.40129e-10	0.000848206
5.40239e-10	0.000842111
5.4035e-10	0.00083603
5.40461e-10	0.000829964
5.40572e-10	0.000823914
5.40682e-10	0.000817879
5.40793e-10	0.000811859
5.40904e-10	0.000805856
5.41015e-10	0.000799868
5.41125e-10	0.000793898
5.41236e-10	0.000787943
5.41347e-10	0.000782006
5.41458e-10	0.000776086
5.41568e-10	0.000770183
5.41679e-10	0.000764297
5.4179e-10	0.00075843
5.41901e-10	0.00075258
5.42011e-10	0.000746748
5.42122e-10	0.000740935
5.42233e-10	0.00073514
5.42344e-10	0.000729364
5.42454e-10	0.000723607
5.42565e-10	0.000717869
5.42676e-10	0.000712151
5.42787e-10	0.000706452
5.42898e-10	0.000700772
5.43008e-10	0.000695113
5.43119e-10	0.000689473
5.4323e-10	0.000683854
5.43341e-10	0.000678255
5.43451e-10	0.000672676
5.43562e-10	0.000667118
5.43673e-10	0.000661581
5.43784e-10	0.000656065
5.43894e-10	0.00065057
5.44005e-10	0.000645096
5.44116e-10	0.000639643
5.44227e-10	0.000634212
5.44337e-10	0.000628803
5.44448e-10	0.000623415
5.44559e-10	0.00061805
5.4467e-10	0.000612706
5.4478e-10	0.000607385
5.44891e-10	0.000602085
5.45002e-10	0.000596809
5.45113e-10	0.000591554
5.45224e-10	0.000586323
5.45334e-10	0.000581113
5.45445e-10	0.000575927
5.45556e-10	0.000570764
5.45667e-10	0.000565624
5.45777e-10	0.000560506
5.45888e-10	0.000555412
5.45999e-10	0.000550342
5.4611e-10	0.000545294
5.4622e-10	0.000540271
5.46331e-10	0.00053527
5.46442e-10	0.000530294
5.46553e-10	0.000525341
5.46663e-10	0.000520411
5.46774e-10	0.000515506
5.46885e-10	0.000510624
5.46996e-10	0.000505767
5.47106e-10	0.000500933
5.47217e-10	0.000496124
5.47328e-10	0.000491339
5.47439e-10	0.000486578
5.4755e-10	0.000481841
5.4766e-10	0.000477129
5.47771e-10	0.000472441
5.47882e-10	0.000467777
5.47993e-10	0.000463138
5.48103e-10	0.000458523
5.48214e-10	0.000453933
5.48325e-10	0.000449367
5.48436e-10	0.000444826
5.48546e-10	0.00044031
5.48657e-10	0.000435818
5.48768e-10	0.000431351
5.48879e-10	0.000426909
5.48989e-10	0.000422491
5.491e-10	0.000418098
5.49211e-10	0.00041373
5.49322e-10	0.000409387
5.49432e-10	0.000405069
5.49543e-10	0.000400775
5.49654e-10	0.000396507
5.49765e-10	0.000392263
5.49876e-10	0.000388044
5.49986e-10	0.00038385
5.50097e-10	0.000379681
5.50208e-10	0.000375537
5.50319e-10	0.000371417
5.50429e-10	0.000367323
5.5054e-10	0.000363253
5.50651e-10	0.000359208
5.50762e-10	0.000355188
5.50872e-10	0.000351193
5.50983e-10	0.000347223
5.51094e-10	0.000343277
5.51205e-10	0.000339357
5.51315e-10	0.000335461
5.51426e-10	0.00033159
5.51537e-10	0.000327744
5.51648e-10	0.000323922
5.51758e-10	0.000320125
5.51869e-10	0.000316353
5.5198e-10	0.000312606
5.52091e-10	0.000308883
5.52202e-10	0.000305185
5.52312e-10	0.000301511
5.52423e-10	0.000297862
5.52534e-10	0.000294238
5.52645e-10	0.000290638
5.52755e-10	0.000287062
5.52866e-10	0.000283511
5.52977e-10	0.000279984
5.53088e-10	0.000276482
5.53198e-10	0.000273004
5.53309e-10	0.00026955
5.5342e-10	0.00026612
5.53531e-10	0.000262715
5.53641e-10	0.000259333
5.53752e-10	0.000255976
5.53863e-10	0.000252643
5.53974e-10	0.000249333
5.54084e-10	0.000246048
5.54195e-10	0.000242787
5.54306e-10	0.000239549
5.54417e-10	0.000236335
5.54527e-10	0.000233145
5.54638e-10	0.000229978
5.54749e-10	0.000226835
5.5486e-10	0.000223716
5.54971e-10	0.00022062
5.55081e-10	0.000217547
5.55192e-10	0.000214498
5.55303e-10	0.000211472
5.55414e-10	0.00020847
5.55524e-10	0.00020549
5.55635e-10	0.000202534
5.55746e-10	0.000199601
5.55857e-10	0.00019669
5.55967e-10	0.000193803
5.56078e-10	0.000190938
5.56189e-10	0.000188096
5.563e-10	0.000185277
5.5641e-10	0.00018248
5.56521e-10	0.000179706
5.56632e-10	0.000176954
5.56743e-10	0.000174225
5.56853e-10	0.000171518
5.56964e-10	0.000168833
5.57075e-10	0.000166171
5.57186e-10	0.00016353
5.57297e-10	0.000160912
5.57407e-10	0.000158315
5.57518e-10	0.000155741
5.57629e-10	0.000153188
5.5774e-10	0.000150656
5.5785e-10	0.000148147
5.57961e-10	0.000145659
5.58072e-10	0.000143192
5.58183e-10	0.000140747
5.58293e-10	0.000138322
5.58404e-10	0.00013592
5.58515e-10	0.000133538
5.58626e-10	0.000131177
5.58736e-10	0.000128837
5.58847e-10	0.000126518
5.58958e-10	0.00012422
5.59069e-10	0.000121942
5.59179e-10	0.000119685
5.5929e-10	0.000117448
5.59401e-10	0.000115232
5.59512e-10	0.000113036
5.59623e-10	0.000110861
5.59733e-10	0.000108705
5.59844e-10	0.00010657
5.59955e-10	0.000104454
5.60066e-10	0.000102358
5.60176e-10	0.000100283
5.60287e-10	9.82262e-05
5.60398e-10	9.61895e-05
5.60509e-10	9.41723e-05
5.60619e-10	9.21744e-05
5.6073e-10	9.01958e-05
5.60841e-10	8.82364e-05
5.60952e-10	8.62962e-05
5.61062e-10	8.43749e-05
5.61173e-10	8.24725e-05
5.61284e-10	8.0589e-05
5.61395e-10	7.87241e-05
5.61505e-10	7.68779e-05
5.61616e-10	7.50502e-05
5.61727e-10	7.32409e-05
5.61838e-10	7.145e-05
5.61949e-10	6.96773e-05
5.62059e-10	6.79227e-05
5.6217e-10	6.61862e-05
5.62281e-10	6.44676e-05
5.62392e-10	6.27668e-05
5.62502e-10	6.10838e-05
5.62613e-10	5.94185e-05
5.62724e-10	5.77707e-05
5.62835e-10	5.61403e-05
5.62945e-10	5.45273e-05
5.63056e-10	5.29316e-05
5.63167e-10	5.1353e-05
5.63278e-10	4.97915e-05
5.63388e-10	4.82469e-05
5.63499e-10	4.67192e-05
5.6361e-10	4.52082e-05
5.63721e-10	4.37139e-05
5.63831e-10	4.22362e-05
5.63942e-10	4.07749e-05
5.64053e-10	3.933e-05
5.64164e-10	3.79013e-05
5.64275e-10	3.64888e-05
5.64385e-10	3.50924e-05
5.64496e-10	3.3712e-05
5.64607e-10	3.23474e-05
5.64718e-10	3.09985e-05
5.64828e-10	2.96654e-05
5.64939e-10	2.83478e-05
5.6505e-10	2.70457e-05
5.65161e-10	2.57589e-05
5.65271e-10	2.44874e-05
5.65382e-10	2.32311e-05
5.65493e-10	2.19899e-05
5.65604e-10	2.07636e-05
5.65714e-10	1.95522e-05
5.65825e-10	1.83556e-05
5.65936e-10	1.71737e-05
5.66047e-10	1.60063e-05
5.66157e-10	1.48535e-05
5.66268e-10	1.3715e-05
5.66379e-10	1.25907e-05
5.6649e-10	1.14807e-05
5.66601e-10	1.03848e-05
5.66711e-10	9.30282e-06
5.66822e-10	8.23476e-06
5.66933e-10	7.1805e-06
5.67044e-10	6.13993e-06
5.67154e-10	5.11296e-06
5.67265e-10	4.0995e-06
5.67376e-10	3.09943e-06
5.67487e-10	2.11268e-06
5.67597e-10	1.13914e-06
5.67708e-10	1.78716e-07
5.67819e-10	-7.6869e-07
5.6793e-10	-1.70317e-06
5.6804e-10	-2.62483e-06
5.68151e-10	-3.53375e-06
5.68262e-10	-4.43004e-06
5.68373e-10	-5.31378e-06
5.68483e-10	-6.18508e-06
5.68594e-10	-7.04403e-06
5.68705e-10	-7.89071e-06
5.68816e-10	-8.72524e-06
5.68926e-10	-9.5477e-06
5.69037e-10	-1.03582e-05
5.69148e-10	-1.11568e-05
5.69259e-10	-1.19436e-05
5.6937e-10	-1.27187e-05
5.6948e-10	-1.34822e-05
5.69591e-10	-1.42342e-05
5.69702e-10	-1.49748e-05
5.69813e-10	-1.57041e-05
5.69923e-10	-1.64221e-05
5.70034e-10	-1.7129e-05
5.70145e-10	-1.78248e-05
5.70256e-10	-1.85097e-05
5.70366e-10	-1.91837e-05
5.70477e-10	-1.98469e-05
5.70588e-10	-2.04994e-05
5.70699e-10	-2.11413e-05
5.70809e-10	-2.17728e-05
5.7092e-10	-2.23938e-05
5.71031e-10	-2.30044e-05
5.71142e-10	-2.36048e-05
5.71252e-10	-2.41951e-05
5.71363e-10	-2.47753e-05
5.71474e-10	-2.53455e-05
5.71585e-10	-2.59058e-05
5.71696e-10	-2.64563e-05
5.71806e-10	-2.6997e-05
5.71917e-10	-2.75282e-05
5.72028e-10	-2.80498e-05
5.72139e-10	-2.85619e-05
5.72249e-10	-2.90646e-05
5.7236e-10	-2.95581e-05
5.72471e-10	-3.00423e-05
5.72582e-10	-3.05174e-05
5.72692e-10	-3.09835e-05
5.72803e-10	-3.14406e-05
5.72914e-10	-3.18889e-05
